   1              		.cpu cortex-m4
   2              		.arch armv7e-m
   3              		.fpu softvfp
   4              		.eabi_attribute 20, 1
   5              		.eabi_attribute 21, 1
   6              		.eabi_attribute 23, 3
   7              		.eabi_attribute 24, 1
   8              		.eabi_attribute 25, 1
   9              		.eabi_attribute 26, 1
  10              		.eabi_attribute 30, 4
  11              		.eabi_attribute 34, 1
  12              		.eabi_attribute 18, 4
  13              		.file	"aes.c"
  14              		.text
  15              	.Ltext0:
  16              		.cfi_sections	.debug_frame
  17              		.file 1 "../../iut/tiny-AES-c/aes.c"
  18              		.section	.text.AddRoundKey,"ax",%progbits
  19              		.align	1
  20              		.syntax unified
  21              		.thumb
  22              		.thumb_func
  24              	AddRoundKey:
  25              	.LVL0:
  26              	.LFB2:
   1:../../iut/tiny-AES-c/aes.c **** /*
   2:../../iut/tiny-AES-c/aes.c **** 
   3:../../iut/tiny-AES-c/aes.c **** This is an implementation of the AES algorithm, specifically ECB, CTR and CBC mode.
   4:../../iut/tiny-AES-c/aes.c **** Block size can be chosen in aes.h - available choices are AES128, AES192, AES256.
   5:../../iut/tiny-AES-c/aes.c **** 
   6:../../iut/tiny-AES-c/aes.c **** The implementation is verified against the test vectors in:
   7:../../iut/tiny-AES-c/aes.c ****   National Institute of Standards and Technology Special Publication 800-38A 2001 ED
   8:../../iut/tiny-AES-c/aes.c **** 
   9:../../iut/tiny-AES-c/aes.c **** ECB-AES128
  10:../../iut/tiny-AES-c/aes.c **** ----------
  11:../../iut/tiny-AES-c/aes.c **** 
  12:../../iut/tiny-AES-c/aes.c ****   plain-text:
  13:../../iut/tiny-AES-c/aes.c ****     6bc1bee22e409f96e93d7e117393172a
  14:../../iut/tiny-AES-c/aes.c ****     ae2d8a571e03ac9c9eb76fac45af8e51
  15:../../iut/tiny-AES-c/aes.c ****     30c81c46a35ce411e5fbc1191a0a52ef
  16:../../iut/tiny-AES-c/aes.c ****     f69f2445df4f9b17ad2b417be66c3710
  17:../../iut/tiny-AES-c/aes.c **** 
  18:../../iut/tiny-AES-c/aes.c ****   key:
  19:../../iut/tiny-AES-c/aes.c ****     2b7e151628aed2a6abf7158809cf4f3c
  20:../../iut/tiny-AES-c/aes.c **** 
  21:../../iut/tiny-AES-c/aes.c ****   resulting cipher
  22:../../iut/tiny-AES-c/aes.c ****     3ad77bb40d7a3660a89ecaf32466ef97 
  23:../../iut/tiny-AES-c/aes.c ****     f5d3d58503b9699de785895a96fdbaaf 
  24:../../iut/tiny-AES-c/aes.c ****     43b1cd7f598ece23881b00e3ed030688 
  25:../../iut/tiny-AES-c/aes.c ****     7b0c785e27e8ad3f8223207104725dd4 
  26:../../iut/tiny-AES-c/aes.c **** 
  27:../../iut/tiny-AES-c/aes.c **** 
  28:../../iut/tiny-AES-c/aes.c **** NOTE:   String length must be evenly divisible by 16byte (str_len % 16 == 0)
  29:../../iut/tiny-AES-c/aes.c ****         You should pad the end of the string with zeros if this is not the case.
  30:../../iut/tiny-AES-c/aes.c ****         For AES192/256 the key size is proportionally larger.
  31:../../iut/tiny-AES-c/aes.c **** 
  32:../../iut/tiny-AES-c/aes.c **** */
  33:../../iut/tiny-AES-c/aes.c **** 
  34:../../iut/tiny-AES-c/aes.c **** 
  35:../../iut/tiny-AES-c/aes.c **** /*****************************************************************************/
  36:../../iut/tiny-AES-c/aes.c **** /* Includes:                                                                 */
  37:../../iut/tiny-AES-c/aes.c **** /*****************************************************************************/
  38:../../iut/tiny-AES-c/aes.c **** #include <string.h> // CBC mode, for memset
  39:../../iut/tiny-AES-c/aes.c **** #include "aes.h"
  40:../../iut/tiny-AES-c/aes.c **** 
  41:../../iut/tiny-AES-c/aes.c **** /*****************************************************************************/
  42:../../iut/tiny-AES-c/aes.c **** /* Defines:                                                                  */
  43:../../iut/tiny-AES-c/aes.c **** /*****************************************************************************/
  44:../../iut/tiny-AES-c/aes.c **** // The number of columns comprising a state in AES. This is a constant in AES. Value=4
  45:../../iut/tiny-AES-c/aes.c **** #define Nb 4
  46:../../iut/tiny-AES-c/aes.c **** 
  47:../../iut/tiny-AES-c/aes.c **** #if defined(AES256) && (AES256 == 1)
  48:../../iut/tiny-AES-c/aes.c ****     #define Nk 8
  49:../../iut/tiny-AES-c/aes.c ****     #define Nr 14
  50:../../iut/tiny-AES-c/aes.c **** #elif defined(AES192) && (AES192 == 1)
  51:../../iut/tiny-AES-c/aes.c ****     #define Nk 6
  52:../../iut/tiny-AES-c/aes.c ****     #define Nr 12
  53:../../iut/tiny-AES-c/aes.c **** #else
  54:../../iut/tiny-AES-c/aes.c ****     #define Nk 4        // The number of 32 bit words in a key.
  55:../../iut/tiny-AES-c/aes.c ****     #define Nr 10       // The number of rounds in AES Cipher.
  56:../../iut/tiny-AES-c/aes.c **** #endif
  57:../../iut/tiny-AES-c/aes.c **** 
  58:../../iut/tiny-AES-c/aes.c **** // jcallan@github points out that declaring Multiply as a function 
  59:../../iut/tiny-AES-c/aes.c **** // reduces code size considerably with the Keil ARM compiler.
  60:../../iut/tiny-AES-c/aes.c **** // See this link for more information: https://github.com/kokke/tiny-AES-C/pull/3
  61:../../iut/tiny-AES-c/aes.c **** #ifndef MULTIPLY_AS_A_FUNCTION
  62:../../iut/tiny-AES-c/aes.c ****   #define MULTIPLY_AS_A_FUNCTION 0
  63:../../iut/tiny-AES-c/aes.c **** #endif
  64:../../iut/tiny-AES-c/aes.c **** 
  65:../../iut/tiny-AES-c/aes.c **** 
  66:../../iut/tiny-AES-c/aes.c **** 
  67:../../iut/tiny-AES-c/aes.c **** 
  68:../../iut/tiny-AES-c/aes.c **** /*****************************************************************************/
  69:../../iut/tiny-AES-c/aes.c **** /* Private variables:                                                        */
  70:../../iut/tiny-AES-c/aes.c **** /*****************************************************************************/
  71:../../iut/tiny-AES-c/aes.c **** // state - array holding the intermediate results during decryption.
  72:../../iut/tiny-AES-c/aes.c **** typedef uint8_t state_t[4][4];
  73:../../iut/tiny-AES-c/aes.c **** 
  74:../../iut/tiny-AES-c/aes.c **** 
  75:../../iut/tiny-AES-c/aes.c **** 
  76:../../iut/tiny-AES-c/aes.c **** // The lookup-tables are marked const so they can be placed in read-only storage instead of RAM
  77:../../iut/tiny-AES-c/aes.c **** // The numbers below can be computed dynamically trading ROM for RAM - 
  78:../../iut/tiny-AES-c/aes.c **** // This can be useful in (embedded) bootloader applications, where ROM is often limited.
  79:../../iut/tiny-AES-c/aes.c **** static const uint8_t sbox[256] = {
  80:../../iut/tiny-AES-c/aes.c ****   //0     1    2      3     4    5     6     7      8    9     A      B    C     D     E     F
  81:../../iut/tiny-AES-c/aes.c ****   0x63, 0x7c, 0x77, 0x7b, 0xf2, 0x6b, 0x6f, 0xc5, 0x30, 0x01, 0x67, 0x2b, 0xfe, 0xd7, 0xab, 0x76,
  82:../../iut/tiny-AES-c/aes.c ****   0xca, 0x82, 0xc9, 0x7d, 0xfa, 0x59, 0x47, 0xf0, 0xad, 0xd4, 0xa2, 0xaf, 0x9c, 0xa4, 0x72, 0xc0,
  83:../../iut/tiny-AES-c/aes.c ****   0xb7, 0xfd, 0x93, 0x26, 0x36, 0x3f, 0xf7, 0xcc, 0x34, 0xa5, 0xe5, 0xf1, 0x71, 0xd8, 0x31, 0x15,
  84:../../iut/tiny-AES-c/aes.c ****   0x04, 0xc7, 0x23, 0xc3, 0x18, 0x96, 0x05, 0x9a, 0x07, 0x12, 0x80, 0xe2, 0xeb, 0x27, 0xb2, 0x75,
  85:../../iut/tiny-AES-c/aes.c ****   0x09, 0x83, 0x2c, 0x1a, 0x1b, 0x6e, 0x5a, 0xa0, 0x52, 0x3b, 0xd6, 0xb3, 0x29, 0xe3, 0x2f, 0x84,
  86:../../iut/tiny-AES-c/aes.c ****   0x53, 0xd1, 0x00, 0xed, 0x20, 0xfc, 0xb1, 0x5b, 0x6a, 0xcb, 0xbe, 0x39, 0x4a, 0x4c, 0x58, 0xcf,
  87:../../iut/tiny-AES-c/aes.c ****   0xd0, 0xef, 0xaa, 0xfb, 0x43, 0x4d, 0x33, 0x85, 0x45, 0xf9, 0x02, 0x7f, 0x50, 0x3c, 0x9f, 0xa8,
  88:../../iut/tiny-AES-c/aes.c ****   0x51, 0xa3, 0x40, 0x8f, 0x92, 0x9d, 0x38, 0xf5, 0xbc, 0xb6, 0xda, 0x21, 0x10, 0xff, 0xf3, 0xd2,
  89:../../iut/tiny-AES-c/aes.c ****   0xcd, 0x0c, 0x13, 0xec, 0x5f, 0x97, 0x44, 0x17, 0xc4, 0xa7, 0x7e, 0x3d, 0x64, 0x5d, 0x19, 0x73,
  90:../../iut/tiny-AES-c/aes.c ****   0x60, 0x81, 0x4f, 0xdc, 0x22, 0x2a, 0x90, 0x88, 0x46, 0xee, 0xb8, 0x14, 0xde, 0x5e, 0x0b, 0xdb,
  91:../../iut/tiny-AES-c/aes.c ****   0xe0, 0x32, 0x3a, 0x0a, 0x49, 0x06, 0x24, 0x5c, 0xc2, 0xd3, 0xac, 0x62, 0x91, 0x95, 0xe4, 0x79,
  92:../../iut/tiny-AES-c/aes.c ****   0xe7, 0xc8, 0x37, 0x6d, 0x8d, 0xd5, 0x4e, 0xa9, 0x6c, 0x56, 0xf4, 0xea, 0x65, 0x7a, 0xae, 0x08,
  93:../../iut/tiny-AES-c/aes.c ****   0xba, 0x78, 0x25, 0x2e, 0x1c, 0xa6, 0xb4, 0xc6, 0xe8, 0xdd, 0x74, 0x1f, 0x4b, 0xbd, 0x8b, 0x8a,
  94:../../iut/tiny-AES-c/aes.c ****   0x70, 0x3e, 0xb5, 0x66, 0x48, 0x03, 0xf6, 0x0e, 0x61, 0x35, 0x57, 0xb9, 0x86, 0xc1, 0x1d, 0x9e,
  95:../../iut/tiny-AES-c/aes.c ****   0xe1, 0xf8, 0x98, 0x11, 0x69, 0xd9, 0x8e, 0x94, 0x9b, 0x1e, 0x87, 0xe9, 0xce, 0x55, 0x28, 0xdf,
  96:../../iut/tiny-AES-c/aes.c ****   0x8c, 0xa1, 0x89, 0x0d, 0xbf, 0xe6, 0x42, 0x68, 0x41, 0x99, 0x2d, 0x0f, 0xb0, 0x54, 0xbb, 0x16 };
  97:../../iut/tiny-AES-c/aes.c **** 
  98:../../iut/tiny-AES-c/aes.c **** #if (defined(CBC) && CBC == 1) || (defined(ECB) && ECB == 1)
  99:../../iut/tiny-AES-c/aes.c **** static const uint8_t rsbox[256] = {
 100:../../iut/tiny-AES-c/aes.c ****   0x52, 0x09, 0x6a, 0xd5, 0x30, 0x36, 0xa5, 0x38, 0xbf, 0x40, 0xa3, 0x9e, 0x81, 0xf3, 0xd7, 0xfb,
 101:../../iut/tiny-AES-c/aes.c ****   0x7c, 0xe3, 0x39, 0x82, 0x9b, 0x2f, 0xff, 0x87, 0x34, 0x8e, 0x43, 0x44, 0xc4, 0xde, 0xe9, 0xcb,
 102:../../iut/tiny-AES-c/aes.c ****   0x54, 0x7b, 0x94, 0x32, 0xa6, 0xc2, 0x23, 0x3d, 0xee, 0x4c, 0x95, 0x0b, 0x42, 0xfa, 0xc3, 0x4e,
 103:../../iut/tiny-AES-c/aes.c ****   0x08, 0x2e, 0xa1, 0x66, 0x28, 0xd9, 0x24, 0xb2, 0x76, 0x5b, 0xa2, 0x49, 0x6d, 0x8b, 0xd1, 0x25,
 104:../../iut/tiny-AES-c/aes.c ****   0x72, 0xf8, 0xf6, 0x64, 0x86, 0x68, 0x98, 0x16, 0xd4, 0xa4, 0x5c, 0xcc, 0x5d, 0x65, 0xb6, 0x92,
 105:../../iut/tiny-AES-c/aes.c ****   0x6c, 0x70, 0x48, 0x50, 0xfd, 0xed, 0xb9, 0xda, 0x5e, 0x15, 0x46, 0x57, 0xa7, 0x8d, 0x9d, 0x84,
 106:../../iut/tiny-AES-c/aes.c ****   0x90, 0xd8, 0xab, 0x00, 0x8c, 0xbc, 0xd3, 0x0a, 0xf7, 0xe4, 0x58, 0x05, 0xb8, 0xb3, 0x45, 0x06,
 107:../../iut/tiny-AES-c/aes.c ****   0xd0, 0x2c, 0x1e, 0x8f, 0xca, 0x3f, 0x0f, 0x02, 0xc1, 0xaf, 0xbd, 0x03, 0x01, 0x13, 0x8a, 0x6b,
 108:../../iut/tiny-AES-c/aes.c ****   0x3a, 0x91, 0x11, 0x41, 0x4f, 0x67, 0xdc, 0xea, 0x97, 0xf2, 0xcf, 0xce, 0xf0, 0xb4, 0xe6, 0x73,
 109:../../iut/tiny-AES-c/aes.c ****   0x96, 0xac, 0x74, 0x22, 0xe7, 0xad, 0x35, 0x85, 0xe2, 0xf9, 0x37, 0xe8, 0x1c, 0x75, 0xdf, 0x6e,
 110:../../iut/tiny-AES-c/aes.c ****   0x47, 0xf1, 0x1a, 0x71, 0x1d, 0x29, 0xc5, 0x89, 0x6f, 0xb7, 0x62, 0x0e, 0xaa, 0x18, 0xbe, 0x1b,
 111:../../iut/tiny-AES-c/aes.c ****   0xfc, 0x56, 0x3e, 0x4b, 0xc6, 0xd2, 0x79, 0x20, 0x9a, 0xdb, 0xc0, 0xfe, 0x78, 0xcd, 0x5a, 0xf4,
 112:../../iut/tiny-AES-c/aes.c ****   0x1f, 0xdd, 0xa8, 0x33, 0x88, 0x07, 0xc7, 0x31, 0xb1, 0x12, 0x10, 0x59, 0x27, 0x80, 0xec, 0x5f,
 113:../../iut/tiny-AES-c/aes.c ****   0x60, 0x51, 0x7f, 0xa9, 0x19, 0xb5, 0x4a, 0x0d, 0x2d, 0xe5, 0x7a, 0x9f, 0x93, 0xc9, 0x9c, 0xef,
 114:../../iut/tiny-AES-c/aes.c ****   0xa0, 0xe0, 0x3b, 0x4d, 0xae, 0x2a, 0xf5, 0xb0, 0xc8, 0xeb, 0xbb, 0x3c, 0x83, 0x53, 0x99, 0x61,
 115:../../iut/tiny-AES-c/aes.c ****   0x17, 0x2b, 0x04, 0x7e, 0xba, 0x77, 0xd6, 0x26, 0xe1, 0x69, 0x14, 0x63, 0x55, 0x21, 0x0c, 0x7d };
 116:../../iut/tiny-AES-c/aes.c **** #endif
 117:../../iut/tiny-AES-c/aes.c **** 
 118:../../iut/tiny-AES-c/aes.c **** // The round constant word array, Rcon[i], contains the values given by 
 119:../../iut/tiny-AES-c/aes.c **** // x to the power (i-1) being powers of x (x is denoted as {02}) in the field GF(2^8)
 120:../../iut/tiny-AES-c/aes.c **** static const uint8_t Rcon[11] = {
 121:../../iut/tiny-AES-c/aes.c ****   0x8d, 0x01, 0x02, 0x04, 0x08, 0x10, 0x20, 0x40, 0x80, 0x1b, 0x36 };
 122:../../iut/tiny-AES-c/aes.c **** 
 123:../../iut/tiny-AES-c/aes.c **** /*
 124:../../iut/tiny-AES-c/aes.c ****  * Jordan Goulder points out in PR #12 (https://github.com/kokke/tiny-AES-C/pull/12),
 125:../../iut/tiny-AES-c/aes.c ****  * that you can remove most of the elements in the Rcon array, because they are unused.
 126:../../iut/tiny-AES-c/aes.c ****  *
 127:../../iut/tiny-AES-c/aes.c ****  * From Wikipedia's article on the Rijndael key schedule @ https://en.wikipedia.org/wiki/Rijndael_k
 128:../../iut/tiny-AES-c/aes.c ****  * 
 129:../../iut/tiny-AES-c/aes.c ****  * "Only the first some of these constants are actually used – up to rcon[10] for AES-128 (as 11 
 130:../../iut/tiny-AES-c/aes.c ****  *  up to rcon[8] for AES-192, up to rcon[7] for AES-256. rcon[0] is not used in AES algorithm."
 131:../../iut/tiny-AES-c/aes.c ****  */
 132:../../iut/tiny-AES-c/aes.c **** 
 133:../../iut/tiny-AES-c/aes.c **** 
 134:../../iut/tiny-AES-c/aes.c **** /*****************************************************************************/
 135:../../iut/tiny-AES-c/aes.c **** /* Private functions:                                                        */
 136:../../iut/tiny-AES-c/aes.c **** /*****************************************************************************/
 137:../../iut/tiny-AES-c/aes.c **** /*
 138:../../iut/tiny-AES-c/aes.c **** static uint8_t getSBoxValue(uint8_t num)
 139:../../iut/tiny-AES-c/aes.c **** {
 140:../../iut/tiny-AES-c/aes.c ****   return sbox[num];
 141:../../iut/tiny-AES-c/aes.c **** }
 142:../../iut/tiny-AES-c/aes.c **** */
 143:../../iut/tiny-AES-c/aes.c **** #define getSBoxValue(num) (sbox[(num)])
 144:../../iut/tiny-AES-c/aes.c **** 
 145:../../iut/tiny-AES-c/aes.c **** // This function produces Nb(Nr+1) round keys. The round keys are used in each round to decrypt the
 146:../../iut/tiny-AES-c/aes.c **** static void KeyExpansion(uint8_t* RoundKey, const uint8_t* Key)
 147:../../iut/tiny-AES-c/aes.c **** {
 148:../../iut/tiny-AES-c/aes.c ****   unsigned i, j, k;
 149:../../iut/tiny-AES-c/aes.c ****   uint8_t tempa[4]; // Used for the column/row operations
 150:../../iut/tiny-AES-c/aes.c ****   
 151:../../iut/tiny-AES-c/aes.c ****   // The first round key is the key itself.
 152:../../iut/tiny-AES-c/aes.c ****   for (i = 0; i < Nk; ++i)
 153:../../iut/tiny-AES-c/aes.c ****   {
 154:../../iut/tiny-AES-c/aes.c ****     RoundKey[(i * 4) + 0] = Key[(i * 4) + 0];
 155:../../iut/tiny-AES-c/aes.c ****     RoundKey[(i * 4) + 1] = Key[(i * 4) + 1];
 156:../../iut/tiny-AES-c/aes.c ****     RoundKey[(i * 4) + 2] = Key[(i * 4) + 2];
 157:../../iut/tiny-AES-c/aes.c ****     RoundKey[(i * 4) + 3] = Key[(i * 4) + 3];
 158:../../iut/tiny-AES-c/aes.c ****   }
 159:../../iut/tiny-AES-c/aes.c **** 
 160:../../iut/tiny-AES-c/aes.c ****   // All other round keys are found from the previous round keys.
 161:../../iut/tiny-AES-c/aes.c ****   for (i = Nk; i < Nb * (Nr + 1); ++i)
 162:../../iut/tiny-AES-c/aes.c ****   {
 163:../../iut/tiny-AES-c/aes.c ****     {
 164:../../iut/tiny-AES-c/aes.c ****       k = (i - 1) * 4;
 165:../../iut/tiny-AES-c/aes.c ****       tempa[0]=RoundKey[k + 0];
 166:../../iut/tiny-AES-c/aes.c ****       tempa[1]=RoundKey[k + 1];
 167:../../iut/tiny-AES-c/aes.c ****       tempa[2]=RoundKey[k + 2];
 168:../../iut/tiny-AES-c/aes.c ****       tempa[3]=RoundKey[k + 3];
 169:../../iut/tiny-AES-c/aes.c **** 
 170:../../iut/tiny-AES-c/aes.c ****     }
 171:../../iut/tiny-AES-c/aes.c **** 
 172:../../iut/tiny-AES-c/aes.c ****     if (i % Nk == 0)
 173:../../iut/tiny-AES-c/aes.c ****     {
 174:../../iut/tiny-AES-c/aes.c ****       // This function shifts the 4 bytes in a word to the left once.
 175:../../iut/tiny-AES-c/aes.c ****       // [a0,a1,a2,a3] becomes [a1,a2,a3,a0]
 176:../../iut/tiny-AES-c/aes.c **** 
 177:../../iut/tiny-AES-c/aes.c ****       // Function RotWord()
 178:../../iut/tiny-AES-c/aes.c ****       {
 179:../../iut/tiny-AES-c/aes.c ****         const uint8_t u8tmp = tempa[0];
 180:../../iut/tiny-AES-c/aes.c ****         tempa[0] = tempa[1];
 181:../../iut/tiny-AES-c/aes.c ****         tempa[1] = tempa[2];
 182:../../iut/tiny-AES-c/aes.c ****         tempa[2] = tempa[3];
 183:../../iut/tiny-AES-c/aes.c ****         tempa[3] = u8tmp;
 184:../../iut/tiny-AES-c/aes.c ****       }
 185:../../iut/tiny-AES-c/aes.c **** 
 186:../../iut/tiny-AES-c/aes.c ****       // SubWord() is a function that takes a four-byte input word and 
 187:../../iut/tiny-AES-c/aes.c ****       // applies the S-box to each of the four bytes to produce an output word.
 188:../../iut/tiny-AES-c/aes.c **** 
 189:../../iut/tiny-AES-c/aes.c ****       // Function Subword()
 190:../../iut/tiny-AES-c/aes.c ****       {
 191:../../iut/tiny-AES-c/aes.c ****         tempa[0] = getSBoxValue(tempa[0]);
 192:../../iut/tiny-AES-c/aes.c ****         tempa[1] = getSBoxValue(tempa[1]);
 193:../../iut/tiny-AES-c/aes.c ****         tempa[2] = getSBoxValue(tempa[2]);
 194:../../iut/tiny-AES-c/aes.c ****         tempa[3] = getSBoxValue(tempa[3]);
 195:../../iut/tiny-AES-c/aes.c ****       }
 196:../../iut/tiny-AES-c/aes.c **** 
 197:../../iut/tiny-AES-c/aes.c ****       tempa[0] = tempa[0] ^ Rcon[i/Nk];
 198:../../iut/tiny-AES-c/aes.c ****     }
 199:../../iut/tiny-AES-c/aes.c **** #if defined(AES256) && (AES256 == 1)
 200:../../iut/tiny-AES-c/aes.c ****     if (i % Nk == 4)
 201:../../iut/tiny-AES-c/aes.c ****     {
 202:../../iut/tiny-AES-c/aes.c ****       // Function Subword()
 203:../../iut/tiny-AES-c/aes.c ****       {
 204:../../iut/tiny-AES-c/aes.c ****         tempa[0] = getSBoxValue(tempa[0]);
 205:../../iut/tiny-AES-c/aes.c ****         tempa[1] = getSBoxValue(tempa[1]);
 206:../../iut/tiny-AES-c/aes.c ****         tempa[2] = getSBoxValue(tempa[2]);
 207:../../iut/tiny-AES-c/aes.c ****         tempa[3] = getSBoxValue(tempa[3]);
 208:../../iut/tiny-AES-c/aes.c ****       }
 209:../../iut/tiny-AES-c/aes.c ****     }
 210:../../iut/tiny-AES-c/aes.c **** #endif
 211:../../iut/tiny-AES-c/aes.c ****     j = i * 4; k=(i - Nk) * 4;
 212:../../iut/tiny-AES-c/aes.c ****     RoundKey[j + 0] = RoundKey[k + 0] ^ tempa[0];
 213:../../iut/tiny-AES-c/aes.c ****     RoundKey[j + 1] = RoundKey[k + 1] ^ tempa[1];
 214:../../iut/tiny-AES-c/aes.c ****     RoundKey[j + 2] = RoundKey[k + 2] ^ tempa[2];
 215:../../iut/tiny-AES-c/aes.c ****     RoundKey[j + 3] = RoundKey[k + 3] ^ tempa[3];
 216:../../iut/tiny-AES-c/aes.c ****   }
 217:../../iut/tiny-AES-c/aes.c **** }
 218:../../iut/tiny-AES-c/aes.c **** 
 219:../../iut/tiny-AES-c/aes.c **** void AES_init_ctx(struct AES_ctx* ctx, const uint8_t* key)
 220:../../iut/tiny-AES-c/aes.c **** {
 221:../../iut/tiny-AES-c/aes.c ****   KeyExpansion(ctx->RoundKey, key);
 222:../../iut/tiny-AES-c/aes.c **** }
 223:../../iut/tiny-AES-c/aes.c **** #if (defined(CBC) && (CBC == 1)) || (defined(CTR) && (CTR == 1))
 224:../../iut/tiny-AES-c/aes.c **** void AES_init_ctx_iv(struct AES_ctx* ctx, const uint8_t* key, const uint8_t* iv)
 225:../../iut/tiny-AES-c/aes.c **** {
 226:../../iut/tiny-AES-c/aes.c ****   KeyExpansion(ctx->RoundKey, key);
 227:../../iut/tiny-AES-c/aes.c ****   memcpy (ctx->Iv, iv, AES_BLOCKLEN);
 228:../../iut/tiny-AES-c/aes.c **** }
 229:../../iut/tiny-AES-c/aes.c **** void AES_ctx_set_iv(struct AES_ctx* ctx, const uint8_t* iv)
 230:../../iut/tiny-AES-c/aes.c **** {
 231:../../iut/tiny-AES-c/aes.c ****   memcpy (ctx->Iv, iv, AES_BLOCKLEN);
 232:../../iut/tiny-AES-c/aes.c **** }
 233:../../iut/tiny-AES-c/aes.c **** #endif
 234:../../iut/tiny-AES-c/aes.c **** 
 235:../../iut/tiny-AES-c/aes.c **** // This function adds the round key to state.
 236:../../iut/tiny-AES-c/aes.c **** // The round key is added to the state by an XOR function.
 237:../../iut/tiny-AES-c/aes.c **** static void AddRoundKey(uint8_t round, state_t* state, const uint8_t* RoundKey)
 238:../../iut/tiny-AES-c/aes.c **** {
  27              		.loc 1 238 1 view -0
  28              		.cfi_startproc
  29              		@ args = 0, pretend = 0, frame = 0
  30              		@ frame_needed = 0, uses_anonymous_args = 0
 239:../../iut/tiny-AES-c/aes.c ****   uint8_t i,j;
  31              		.loc 1 239 3 view .LVU1
 240:../../iut/tiny-AES-c/aes.c ****   for (i = 0; i < 4; ++i)
  32              		.loc 1 240 3 view .LVU2
  33              		.loc 1 240 17 view .LVU3
 238:../../iut/tiny-AES-c/aes.c ****   uint8_t i,j;
  34              		.loc 1 238 1 is_stmt 0 view .LVU4
  35 0000 F0B5     		push	{r4, r5, r6, r7, lr}
  36              	.LCFI0:
  37              		.cfi_def_cfa_offset 20
  38              		.cfi_offset 4, -20
  39              		.cfi_offset 5, -16
  40              		.cfi_offset 6, -12
  41              		.cfi_offset 7, -8
  42              		.cfi_offset 14, -4
  43 0002 0001     		lsls	r0, r0, #4
  44              	.LVL1:
 238:../../iut/tiny-AES-c/aes.c ****   uint8_t i,j;
  45              		.loc 1 238 1 view .LVU5
  46 0004 0C1D     		adds	r4, r1, #4
  47 0006 1431     		adds	r1, r1, #20
  48              	.LVL2:
  49              	.L2:
 241:../../iut/tiny-AES-c/aes.c ****   {
 242:../../iut/tiny-AES-c/aes.c ****     for (j = 0; j < 4; ++j)
  50              		.loc 1 242 19 is_stmt 1 view .LVU6
  51 0008 231F     		subs	r3, r4, #4
  52 000a 1618     		adds	r6, r2, r0
  53              	.LVL3:
  54              	.L3:
 243:../../iut/tiny-AES-c/aes.c ****     {
 244:../../iut/tiny-AES-c/aes.c ****       (*state)[i][j] ^= RoundKey[(round * Nb * 4) + (i * Nb) + j];
  55              		.loc 1 244 7 discriminator 3 view .LVU7
  56              		.loc 1 244 18 is_stmt 0 discriminator 3 view .LVU8
  57 000c 1D78     		ldrb	r5, [r3]	@ zero_extendqisi2
  58              		.loc 1 244 33 discriminator 3 view .LVU9
  59 000e 16F8017B 		ldrb	r7, [r6], #1	@ zero_extendqisi2
  60              		.loc 1 244 22 discriminator 3 view .LVU10
  61 0012 7D40     		eors	r5, r5, r7
  62 0014 03F8015B 		strb	r5, [r3], #1
 242:../../iut/tiny-AES-c/aes.c ****     {
  63              		.loc 1 242 24 is_stmt 1 discriminator 3 view .LVU11
 242:../../iut/tiny-AES-c/aes.c ****     {
  64              		.loc 1 242 19 discriminator 3 view .LVU12
  65 0018 A342     		cmp	r3, r4
  66 001a F7D1     		bne	.L3
 240:../../iut/tiny-AES-c/aes.c ****   {
  67              		.loc 1 240 22 discriminator 2 view .LVU13
  68              	.LVL4:
 240:../../iut/tiny-AES-c/aes.c ****   {
  69              		.loc 1 240 17 discriminator 2 view .LVU14
  70 001c 1C1D     		adds	r4, r3, #4
  71 001e 8C42     		cmp	r4, r1
  72 0020 00F10400 		add	r0, r0, #4
  73 0024 F0D1     		bne	.L2
 245:../../iut/tiny-AES-c/aes.c ****     }
 246:../../iut/tiny-AES-c/aes.c ****   }
 247:../../iut/tiny-AES-c/aes.c **** }
  74              		.loc 1 247 1 is_stmt 0 view .LVU15
  75 0026 F0BD     		pop	{r4, r5, r6, r7, pc}
  76              		.cfi_endproc
  77              	.LFE2:
  79              		.section	.text.xtime,"ax",%progbits
  80              		.align	1
  81              		.syntax unified
  82              		.thumb
  83              		.thumb_func
  85              	xtime:
  86              	.LVL5:
  87              	.LFB5:
 248:../../iut/tiny-AES-c/aes.c **** 
 249:../../iut/tiny-AES-c/aes.c **** // The SubBytes Function Substitutes the values in the
 250:../../iut/tiny-AES-c/aes.c **** // state matrix with values in an S-box.
 251:../../iut/tiny-AES-c/aes.c **** static void SubBytes(state_t* state)
 252:../../iut/tiny-AES-c/aes.c **** {
 253:../../iut/tiny-AES-c/aes.c ****   uint8_t i, j;
 254:../../iut/tiny-AES-c/aes.c ****   for (i = 0; i < 4; ++i)
 255:../../iut/tiny-AES-c/aes.c ****   {
 256:../../iut/tiny-AES-c/aes.c ****     for (j = 0; j < 4; ++j)
 257:../../iut/tiny-AES-c/aes.c ****     {
 258:../../iut/tiny-AES-c/aes.c ****       (*state)[j][i] = getSBoxValue((*state)[j][i]);
 259:../../iut/tiny-AES-c/aes.c ****     }
 260:../../iut/tiny-AES-c/aes.c ****   }
 261:../../iut/tiny-AES-c/aes.c **** }
 262:../../iut/tiny-AES-c/aes.c **** 
 263:../../iut/tiny-AES-c/aes.c **** // The ShiftRows() function shifts the rows in the state to the left.
 264:../../iut/tiny-AES-c/aes.c **** // Each row is shifted with different offset.
 265:../../iut/tiny-AES-c/aes.c **** // Offset = Row number. So the first row is not shifted.
 266:../../iut/tiny-AES-c/aes.c **** static void ShiftRows(state_t* state)
 267:../../iut/tiny-AES-c/aes.c **** {
 268:../../iut/tiny-AES-c/aes.c ****   uint8_t temp;
 269:../../iut/tiny-AES-c/aes.c **** 
 270:../../iut/tiny-AES-c/aes.c ****   // Rotate first row 1 columns to left  
 271:../../iut/tiny-AES-c/aes.c ****   temp           = (*state)[0][1];
 272:../../iut/tiny-AES-c/aes.c ****   (*state)[0][1] = (*state)[1][1];
 273:../../iut/tiny-AES-c/aes.c ****   (*state)[1][1] = (*state)[2][1];
 274:../../iut/tiny-AES-c/aes.c ****   (*state)[2][1] = (*state)[3][1];
 275:../../iut/tiny-AES-c/aes.c ****   (*state)[3][1] = temp;
 276:../../iut/tiny-AES-c/aes.c **** 
 277:../../iut/tiny-AES-c/aes.c ****   // Rotate second row 2 columns to left  
 278:../../iut/tiny-AES-c/aes.c ****   temp           = (*state)[0][2];
 279:../../iut/tiny-AES-c/aes.c ****   (*state)[0][2] = (*state)[2][2];
 280:../../iut/tiny-AES-c/aes.c ****   (*state)[2][2] = temp;
 281:../../iut/tiny-AES-c/aes.c **** 
 282:../../iut/tiny-AES-c/aes.c ****   temp           = (*state)[1][2];
 283:../../iut/tiny-AES-c/aes.c ****   (*state)[1][2] = (*state)[3][2];
 284:../../iut/tiny-AES-c/aes.c ****   (*state)[3][2] = temp;
 285:../../iut/tiny-AES-c/aes.c **** 
 286:../../iut/tiny-AES-c/aes.c ****   // Rotate third row 3 columns to left
 287:../../iut/tiny-AES-c/aes.c ****   temp           = (*state)[0][3];
 288:../../iut/tiny-AES-c/aes.c ****   (*state)[0][3] = (*state)[3][3];
 289:../../iut/tiny-AES-c/aes.c ****   (*state)[3][3] = (*state)[2][3];
 290:../../iut/tiny-AES-c/aes.c ****   (*state)[2][3] = (*state)[1][3];
 291:../../iut/tiny-AES-c/aes.c ****   (*state)[1][3] = temp;
 292:../../iut/tiny-AES-c/aes.c **** }
 293:../../iut/tiny-AES-c/aes.c **** 
 294:../../iut/tiny-AES-c/aes.c **** static uint8_t xtime(uint8_t x)
 295:../../iut/tiny-AES-c/aes.c **** {
  88              		.loc 1 295 1 is_stmt 1 view -0
  89              		.cfi_startproc
  90              		@ args = 0, pretend = 0, frame = 0
  91              		@ frame_needed = 0, uses_anonymous_args = 0
  92              		@ link register save eliminated.
 296:../../iut/tiny-AES-c/aes.c ****   return ((x<<1) ^ (((x>>7) & 1) * 0x1b));
  93              		.loc 1 296 3 view .LVU17
  94              		.loc 1 296 18 is_stmt 0 view .LVU18
  95 0000 C309     		lsrs	r3, r0, #7
  96 0002 03EB4303 		add	r3, r3, r3, lsl #1
  97 0006 03EBC303 		add	r3, r3, r3, lsl #3
  98 000a 83EA4000 		eor	r0, r3, r0, lsl #1
  99              	.LVL6:
 297:../../iut/tiny-AES-c/aes.c **** }
 100              		.loc 1 297 1 view .LVU19
 101 000e C0B2     		uxtb	r0, r0
 102 0010 7047     		bx	lr
 103              		.cfi_endproc
 104              	.LFE5:
 106              		.section	.text.AES_init_ctx,"ax",%progbits
 107              		.align	1
 108              		.global	AES_init_ctx
 109              		.syntax unified
 110              		.thumb
 111              		.thumb_func
 113              	AES_init_ctx:
 114              	.LVL7:
 115              	.LFB1:
 220:../../iut/tiny-AES-c/aes.c ****   KeyExpansion(ctx->RoundKey, key);
 116              		.loc 1 220 1 is_stmt 1 view -0
 117              		.cfi_startproc
 118              		@ args = 0, pretend = 0, frame = 0
 119              		@ frame_needed = 0, uses_anonymous_args = 0
 221:../../iut/tiny-AES-c/aes.c **** }
 120              		.loc 1 221 3 view .LVU21
 121              	.LBB4:
 122              	.LBI4:
 146:../../iut/tiny-AES-c/aes.c **** {
 123              		.loc 1 146 13 view .LVU22
 124              	.LBB5:
 148:../../iut/tiny-AES-c/aes.c ****   uint8_t tempa[4]; // Used for the column/row operations
 125              		.loc 1 148 3 view .LVU23
 149:../../iut/tiny-AES-c/aes.c ****   
 126              		.loc 1 149 3 view .LVU24
 152:../../iut/tiny-AES-c/aes.c ****   {
 127              		.loc 1 152 3 view .LVU25
 152:../../iut/tiny-AES-c/aes.c ****   {
 128              		.loc 1 152 17 view .LVU26
 152:../../iut/tiny-AES-c/aes.c ****   {
 129              		.loc 1 152 17 is_stmt 0 view .LVU27
 130              	.LBE5:
 131              	.LBE4:
 220:../../iut/tiny-AES-c/aes.c ****   KeyExpansion(ctx->RoundKey, key);
 132              		.loc 1 220 1 view .LVU28
 133 0000 F0B5     		push	{r4, r5, r6, r7, lr}
 134              	.LCFI1:
 135              		.cfi_def_cfa_offset 20
 136              		.cfi_offset 4, -20
 137              		.cfi_offset 5, -16
 138              		.cfi_offset 6, -12
 139              		.cfi_offset 7, -8
 140              		.cfi_offset 14, -4
 141 0002 01F11002 		add	r2, r1, #16
 220:../../iut/tiny-AES-c/aes.c ****   KeyExpansion(ctx->RoundKey, key);
 142              		.loc 1 220 1 view .LVU29
 143 0006 0346     		mov	r3, r0
 144              	.LVL8:
 145              	.L8:
 146              	.LBB7:
 147              	.LBB6:
 154:../../iut/tiny-AES-c/aes.c ****     RoundKey[(i * 4) + 1] = Key[(i * 4) + 1];
 148              		.loc 1 154 5 is_stmt 1 view .LVU30
 154:../../iut/tiny-AES-c/aes.c ****     RoundKey[(i * 4) + 1] = Key[(i * 4) + 1];
 149              		.loc 1 154 32 is_stmt 0 view .LVU31
 150 0008 0C78     		ldrb	r4, [r1]	@ zero_extendqisi2
 154:../../iut/tiny-AES-c/aes.c ****     RoundKey[(i * 4) + 1] = Key[(i * 4) + 1];
 151              		.loc 1 154 27 view .LVU32
 152 000a 1C70     		strb	r4, [r3]
 155:../../iut/tiny-AES-c/aes.c ****     RoundKey[(i * 4) + 2] = Key[(i * 4) + 2];
 153              		.loc 1 155 5 is_stmt 1 view .LVU33
 155:../../iut/tiny-AES-c/aes.c ****     RoundKey[(i * 4) + 2] = Key[(i * 4) + 2];
 154              		.loc 1 155 32 is_stmt 0 view .LVU34
 155 000c 4C78     		ldrb	r4, [r1, #1]	@ zero_extendqisi2
 155:../../iut/tiny-AES-c/aes.c ****     RoundKey[(i * 4) + 2] = Key[(i * 4) + 2];
 156              		.loc 1 155 27 view .LVU35
 157 000e 5C70     		strb	r4, [r3, #1]
 156:../../iut/tiny-AES-c/aes.c ****     RoundKey[(i * 4) + 3] = Key[(i * 4) + 3];
 158              		.loc 1 156 5 is_stmt 1 view .LVU36
 156:../../iut/tiny-AES-c/aes.c ****     RoundKey[(i * 4) + 3] = Key[(i * 4) + 3];
 159              		.loc 1 156 32 is_stmt 0 view .LVU37
 160 0010 8C78     		ldrb	r4, [r1, #2]	@ zero_extendqisi2
 156:../../iut/tiny-AES-c/aes.c ****     RoundKey[(i * 4) + 3] = Key[(i * 4) + 3];
 161              		.loc 1 156 27 view .LVU38
 162 0012 9C70     		strb	r4, [r3, #2]
 157:../../iut/tiny-AES-c/aes.c ****   }
 163              		.loc 1 157 5 is_stmt 1 view .LVU39
 157:../../iut/tiny-AES-c/aes.c ****   }
 164              		.loc 1 157 32 is_stmt 0 view .LVU40
 165 0014 CC78     		ldrb	r4, [r1, #3]	@ zero_extendqisi2
 157:../../iut/tiny-AES-c/aes.c ****   }
 166              		.loc 1 157 27 view .LVU41
 167 0016 DC70     		strb	r4, [r3, #3]
 152:../../iut/tiny-AES-c/aes.c ****   {
 168              		.loc 1 152 23 is_stmt 1 view .LVU42
 152:../../iut/tiny-AES-c/aes.c ****   {
 169              		.loc 1 152 17 view .LVU43
 170 0018 0431     		adds	r1, r1, #4
 171 001a 9142     		cmp	r1, r2
 172 001c 03F10403 		add	r3, r3, #4
 173 0020 F2D1     		bne	.L8
 191:../../iut/tiny-AES-c/aes.c ****         tempa[1] = getSBoxValue(tempa[1]);
 174              		.loc 1 191 20 is_stmt 0 view .LVU44
 175 0022 114E     		ldr	r6, .L13
 161:../../iut/tiny-AES-c/aes.c ****   {
 176              		.loc 1 161 10 view .LVU45
 177 0024 0422     		movs	r2, #4
 178              	.LVL9:
 179              	.L10:
 164:../../iut/tiny-AES-c/aes.c ****       tempa[0]=RoundKey[k + 0];
 180              		.loc 1 164 7 is_stmt 1 view .LVU46
 165:../../iut/tiny-AES-c/aes.c ****       tempa[1]=RoundKey[k + 1];
 181              		.loc 1 165 7 view .LVU47
 172:../../iut/tiny-AES-c/aes.c ****     {
 182              		.loc 1 172 8 is_stmt 0 view .LVU48
 183 0026 9707     		lsls	r7, r2, #30
 165:../../iut/tiny-AES-c/aes.c ****       tempa[1]=RoundKey[k + 1];
 184              		.loc 1 165 24 view .LVU49
 185 0028 037B     		ldrb	r3, [r0, #12]	@ zero_extendqisi2
 186              	.LVL10:
 166:../../iut/tiny-AES-c/aes.c ****       tempa[2]=RoundKey[k + 2];
 187              		.loc 1 166 7 is_stmt 1 view .LVU50
 166:../../iut/tiny-AES-c/aes.c ****       tempa[2]=RoundKey[k + 2];
 188              		.loc 1 166 24 is_stmt 0 view .LVU51
 189 002a 457B     		ldrb	r5, [r0, #13]	@ zero_extendqisi2
 190              	.LVL11:
 167:../../iut/tiny-AES-c/aes.c ****       tempa[3]=RoundKey[k + 3];
 191              		.loc 1 167 7 is_stmt 1 view .LVU52
 167:../../iut/tiny-AES-c/aes.c ****       tempa[3]=RoundKey[k + 3];
 192              		.loc 1 167 24 is_stmt 0 view .LVU53
 193 002c 847B     		ldrb	r4, [r0, #14]	@ zero_extendqisi2
 194              	.LVL12:
 168:../../iut/tiny-AES-c/aes.c **** 
 195              		.loc 1 168 7 is_stmt 1 view .LVU54
 168:../../iut/tiny-AES-c/aes.c **** 
 196              		.loc 1 168 24 is_stmt 0 view .LVU55
 197 002e C17B     		ldrb	r1, [r0, #15]	@ zero_extendqisi2
 198              	.LVL13:
 172:../../iut/tiny-AES-c/aes.c ****     {
 199              		.loc 1 172 5 is_stmt 1 view .LVU56
 172:../../iut/tiny-AES-c/aes.c ****     {
 200              		.loc 1 172 8 is_stmt 0 view .LVU57
 201 0030 08D1     		bne	.L9
 202              	.LVL14:
 191:../../iut/tiny-AES-c/aes.c ****         tempa[1] = getSBoxValue(tempa[1]);
 203              		.loc 1 191 9 is_stmt 1 view .LVU58
 191:../../iut/tiny-AES-c/aes.c ****         tempa[1] = getSBoxValue(tempa[1]);
 204              		.loc 1 191 20 is_stmt 0 view .LVU59
 205 0032 775D     		ldrb	r7, [r6, r5]	@ zero_extendqisi2
 206              	.LVL15:
 192:../../iut/tiny-AES-c/aes.c ****         tempa[2] = getSBoxValue(tempa[2]);
 207              		.loc 1 192 9 is_stmt 1 view .LVU60
 192:../../iut/tiny-AES-c/aes.c ****         tempa[2] = getSBoxValue(tempa[2]);
 208              		.loc 1 192 20 is_stmt 0 view .LVU61
 209 0034 355D     		ldrb	r5, [r6, r4]	@ zero_extendqisi2
 210              	.LVL16:
 193:../../iut/tiny-AES-c/aes.c ****         tempa[3] = getSBoxValue(tempa[3]);
 211              		.loc 1 193 9 is_stmt 1 view .LVU62
 193:../../iut/tiny-AES-c/aes.c ****         tempa[3] = getSBoxValue(tempa[3]);
 212              		.loc 1 193 20 is_stmt 0 view .LVU63
 213 0036 745C     		ldrb	r4, [r6, r1]	@ zero_extendqisi2
 214              	.LVL17:
 194:../../iut/tiny-AES-c/aes.c ****       }
 215              		.loc 1 194 9 is_stmt 1 view .LVU64
 194:../../iut/tiny-AES-c/aes.c ****       }
 216              		.loc 1 194 20 is_stmt 0 view .LVU65
 217 0038 F15C     		ldrb	r1, [r6, r3]	@ zero_extendqisi2
 218              	.LVL18:
 197:../../iut/tiny-AES-c/aes.c ****     }
 219              		.loc 1 197 7 is_stmt 1 view .LVU66
 197:../../iut/tiny-AES-c/aes.c ****     }
 220              		.loc 1 197 33 is_stmt 0 view .LVU67
 221 003a 06EB9203 		add	r3, r6, r2, lsr #2
 222              	.LVL19:
 197:../../iut/tiny-AES-c/aes.c ****     }
 223              		.loc 1 197 16 view .LVU68
 224 003e 93F80031 		ldrb	r3, [r3, #256]	@ zero_extendqisi2
 225 0042 7B40     		eors	r3, r3, r7
 226              	.LVL20:
 227              	.L9:
 211:../../iut/tiny-AES-c/aes.c ****     RoundKey[j + 0] = RoundKey[k + 0] ^ tempa[0];
 228              		.loc 1 211 5 is_stmt 1 view .LVU69
 211:../../iut/tiny-AES-c/aes.c ****     RoundKey[j + 0] = RoundKey[k + 0] ^ tempa[0];
 229              		.loc 1 211 16 view .LVU70
 212:../../iut/tiny-AES-c/aes.c ****     RoundKey[j + 1] = RoundKey[k + 1] ^ tempa[1];
 230              		.loc 1 212 5 view .LVU71
 212:../../iut/tiny-AES-c/aes.c ****     RoundKey[j + 1] = RoundKey[k + 1] ^ tempa[1];
 231              		.loc 1 212 21 is_stmt 0 view .LVU72
 232 0044 0778     		ldrb	r7, [r0]	@ zero_extendqisi2
 233 0046 7B40     		eors	r3, r3, r7
 234              	.LVL21:
 212:../../iut/tiny-AES-c/aes.c ****     RoundKey[j + 1] = RoundKey[k + 1] ^ tempa[1];
 235              		.loc 1 212 21 view .LVU73
 236 0048 0374     		strb	r3, [r0, #16]
 213:../../iut/tiny-AES-c/aes.c ****     RoundKey[j + 2] = RoundKey[k + 2] ^ tempa[2];
 237              		.loc 1 213 5 is_stmt 1 view .LVU74
 213:../../iut/tiny-AES-c/aes.c ****     RoundKey[j + 2] = RoundKey[k + 2] ^ tempa[2];
 238              		.loc 1 213 21 is_stmt 0 view .LVU75
 239 004a 4378     		ldrb	r3, [r0, #1]	@ zero_extendqisi2
 240 004c 5D40     		eors	r5, r5, r3
 214:../../iut/tiny-AES-c/aes.c ****     RoundKey[j + 3] = RoundKey[k + 3] ^ tempa[3];
 241              		.loc 1 214 21 view .LVU76
 242 004e 8378     		ldrb	r3, [r0, #2]	@ zero_extendqisi2
 213:../../iut/tiny-AES-c/aes.c ****     RoundKey[j + 2] = RoundKey[k + 2] ^ tempa[2];
 243              		.loc 1 213 21 view .LVU77
 244 0050 4574     		strb	r5, [r0, #17]
 214:../../iut/tiny-AES-c/aes.c ****     RoundKey[j + 3] = RoundKey[k + 3] ^ tempa[3];
 245              		.loc 1 214 5 is_stmt 1 view .LVU78
 214:../../iut/tiny-AES-c/aes.c ****     RoundKey[j + 3] = RoundKey[k + 3] ^ tempa[3];
 246              		.loc 1 214 21 is_stmt 0 view .LVU79
 247 0052 5C40     		eors	r4, r4, r3
 248              	.LVL22:
 215:../../iut/tiny-AES-c/aes.c ****   }
 249              		.loc 1 215 21 view .LVU80
 250 0054 C378     		ldrb	r3, [r0, #3]	@ zero_extendqisi2
 214:../../iut/tiny-AES-c/aes.c ****     RoundKey[j + 3] = RoundKey[k + 3] ^ tempa[3];
 251              		.loc 1 214 21 view .LVU81
 252 0056 8474     		strb	r4, [r0, #18]
 215:../../iut/tiny-AES-c/aes.c ****   }
 253              		.loc 1 215 5 is_stmt 1 view .LVU82
 161:../../iut/tiny-AES-c/aes.c ****   {
 254              		.loc 1 161 35 is_stmt 0 view .LVU83
 255 0058 0132     		adds	r2, r2, #1
 256              	.LVL23:
 215:../../iut/tiny-AES-c/aes.c ****   }
 257              		.loc 1 215 21 view .LVU84
 258 005a 5940     		eors	r1, r1, r3
 259              	.LVL24:
 161:../../iut/tiny-AES-c/aes.c ****   {
 260              		.loc 1 161 18 view .LVU85
 261 005c 2C2A     		cmp	r2, #44
 215:../../iut/tiny-AES-c/aes.c ****   }
 262              		.loc 1 215 21 view .LVU86
 263 005e C174     		strb	r1, [r0, #19]
 161:../../iut/tiny-AES-c/aes.c ****   {
 264              		.loc 1 161 35 is_stmt 1 view .LVU87
 265              	.LVL25:
 161:../../iut/tiny-AES-c/aes.c ****   {
 266              		.loc 1 161 18 view .LVU88
 267 0060 00F10400 		add	r0, r0, #4
 268              	.LVL26:
 161:../../iut/tiny-AES-c/aes.c ****   {
 269              		.loc 1 161 18 is_stmt 0 view .LVU89
 270 0064 DFD1     		bne	.L10
 271              	.LBE6:
 272              	.LBE7:
 222:../../iut/tiny-AES-c/aes.c **** #if (defined(CBC) && (CBC == 1)) || (defined(CTR) && (CTR == 1))
 273              		.loc 1 222 1 view .LVU90
 274 0066 F0BD     		pop	{r4, r5, r6, r7, pc}
 275              	.L14:
 276              		.align	2
 277              	.L13:
 278 0068 00000000 		.word	.LANCHOR0
 279              		.cfi_endproc
 280              	.LFE1:
 282              		.section	.text.AES_ECB_encrypt,"ax",%progbits
 283              		.align	1
 284              		.global	AES_ECB_encrypt
 285              		.syntax unified
 286              		.thumb
 287              		.thumb_func
 289              	AES_ECB_encrypt:
 290              	.LVL27:
 291              	.LFB12:
 298:../../iut/tiny-AES-c/aes.c **** 
 299:../../iut/tiny-AES-c/aes.c **** // MixColumns function mixes the columns of the state matrix
 300:../../iut/tiny-AES-c/aes.c **** static void MixColumns(state_t* state)
 301:../../iut/tiny-AES-c/aes.c **** {
 302:../../iut/tiny-AES-c/aes.c ****   uint8_t i;
 303:../../iut/tiny-AES-c/aes.c ****   uint8_t Tmp, Tm, t;
 304:../../iut/tiny-AES-c/aes.c ****   for (i = 0; i < 4; ++i)
 305:../../iut/tiny-AES-c/aes.c ****   {  
 306:../../iut/tiny-AES-c/aes.c ****     t   = (*state)[i][0];
 307:../../iut/tiny-AES-c/aes.c ****     Tmp = (*state)[i][0] ^ (*state)[i][1] ^ (*state)[i][2] ^ (*state)[i][3] ;
 308:../../iut/tiny-AES-c/aes.c ****     Tm  = (*state)[i][0] ^ (*state)[i][1] ; Tm = xtime(Tm);  (*state)[i][0] ^= Tm ^ Tmp ;
 309:../../iut/tiny-AES-c/aes.c ****     Tm  = (*state)[i][1] ^ (*state)[i][2] ; Tm = xtime(Tm);  (*state)[i][1] ^= Tm ^ Tmp ;
 310:../../iut/tiny-AES-c/aes.c ****     Tm  = (*state)[i][2] ^ (*state)[i][3] ; Tm = xtime(Tm);  (*state)[i][2] ^= Tm ^ Tmp ;
 311:../../iut/tiny-AES-c/aes.c ****     Tm  = (*state)[i][3] ^ t ;              Tm = xtime(Tm);  (*state)[i][3] ^= Tm ^ Tmp ;
 312:../../iut/tiny-AES-c/aes.c ****   }
 313:../../iut/tiny-AES-c/aes.c **** }
 314:../../iut/tiny-AES-c/aes.c **** 
 315:../../iut/tiny-AES-c/aes.c **** // Multiply is used to multiply numbers in the field GF(2^8)
 316:../../iut/tiny-AES-c/aes.c **** // Note: The last call to xtime() is unneeded, but often ends up generating a smaller binary
 317:../../iut/tiny-AES-c/aes.c **** //       The compiler seems to be able to vectorize the operation better this way.
 318:../../iut/tiny-AES-c/aes.c **** //       See https://github.com/kokke/tiny-AES-c/pull/34
 319:../../iut/tiny-AES-c/aes.c **** #if MULTIPLY_AS_A_FUNCTION
 320:../../iut/tiny-AES-c/aes.c **** static uint8_t Multiply(uint8_t x, uint8_t y)
 321:../../iut/tiny-AES-c/aes.c **** {
 322:../../iut/tiny-AES-c/aes.c ****   return (((y & 1) * x) ^
 323:../../iut/tiny-AES-c/aes.c ****        ((y>>1 & 1) * xtime(x)) ^
 324:../../iut/tiny-AES-c/aes.c ****        ((y>>2 & 1) * xtime(xtime(x))) ^
 325:../../iut/tiny-AES-c/aes.c ****        ((y>>3 & 1) * xtime(xtime(xtime(x)))) ^
 326:../../iut/tiny-AES-c/aes.c ****        ((y>>4 & 1) * xtime(xtime(xtime(xtime(x)))))); /* this last call to xtime() can be omitted *
 327:../../iut/tiny-AES-c/aes.c ****   }
 328:../../iut/tiny-AES-c/aes.c **** #else
 329:../../iut/tiny-AES-c/aes.c **** #define Multiply(x, y)                                \
 330:../../iut/tiny-AES-c/aes.c ****       (  ((y & 1) * x) ^                              \
 331:../../iut/tiny-AES-c/aes.c ****       ((y>>1 & 1) * xtime(x)) ^                       \
 332:../../iut/tiny-AES-c/aes.c ****       ((y>>2 & 1) * xtime(xtime(x))) ^                \
 333:../../iut/tiny-AES-c/aes.c ****       ((y>>3 & 1) * xtime(xtime(xtime(x)))) ^         \
 334:../../iut/tiny-AES-c/aes.c ****       ((y>>4 & 1) * xtime(xtime(xtime(xtime(x))))))   \
 335:../../iut/tiny-AES-c/aes.c **** 
 336:../../iut/tiny-AES-c/aes.c **** #endif
 337:../../iut/tiny-AES-c/aes.c **** 
 338:../../iut/tiny-AES-c/aes.c **** #if (defined(CBC) && CBC == 1) || (defined(ECB) && ECB == 1)
 339:../../iut/tiny-AES-c/aes.c **** /*
 340:../../iut/tiny-AES-c/aes.c **** static uint8_t getSBoxInvert(uint8_t num)
 341:../../iut/tiny-AES-c/aes.c **** {
 342:../../iut/tiny-AES-c/aes.c ****   return rsbox[num];
 343:../../iut/tiny-AES-c/aes.c **** }
 344:../../iut/tiny-AES-c/aes.c **** */
 345:../../iut/tiny-AES-c/aes.c **** #define getSBoxInvert(num) (rsbox[(num)])
 346:../../iut/tiny-AES-c/aes.c **** 
 347:../../iut/tiny-AES-c/aes.c **** // MixColumns function mixes the columns of the state matrix.
 348:../../iut/tiny-AES-c/aes.c **** // The method used to multiply may be difficult to understand for the inexperienced.
 349:../../iut/tiny-AES-c/aes.c **** // Please use the references to gain more information.
 350:../../iut/tiny-AES-c/aes.c **** static void InvMixColumns(state_t* state)
 351:../../iut/tiny-AES-c/aes.c **** {
 352:../../iut/tiny-AES-c/aes.c ****   int i;
 353:../../iut/tiny-AES-c/aes.c ****   uint8_t a, b, c, d;
 354:../../iut/tiny-AES-c/aes.c ****   for (i = 0; i < 4; ++i)
 355:../../iut/tiny-AES-c/aes.c ****   { 
 356:../../iut/tiny-AES-c/aes.c ****     a = (*state)[i][0];
 357:../../iut/tiny-AES-c/aes.c ****     b = (*state)[i][1];
 358:../../iut/tiny-AES-c/aes.c ****     c = (*state)[i][2];
 359:../../iut/tiny-AES-c/aes.c ****     d = (*state)[i][3];
 360:../../iut/tiny-AES-c/aes.c **** 
 361:../../iut/tiny-AES-c/aes.c ****     (*state)[i][0] = Multiply(a, 0x0e) ^ Multiply(b, 0x0b) ^ Multiply(c, 0x0d) ^ Multiply(d, 0x09);
 362:../../iut/tiny-AES-c/aes.c ****     (*state)[i][1] = Multiply(a, 0x09) ^ Multiply(b, 0x0e) ^ Multiply(c, 0x0b) ^ Multiply(d, 0x0d);
 363:../../iut/tiny-AES-c/aes.c ****     (*state)[i][2] = Multiply(a, 0x0d) ^ Multiply(b, 0x09) ^ Multiply(c, 0x0e) ^ Multiply(d, 0x0b);
 364:../../iut/tiny-AES-c/aes.c ****     (*state)[i][3] = Multiply(a, 0x0b) ^ Multiply(b, 0x0d) ^ Multiply(c, 0x09) ^ Multiply(d, 0x0e);
 365:../../iut/tiny-AES-c/aes.c ****   }
 366:../../iut/tiny-AES-c/aes.c **** }
 367:../../iut/tiny-AES-c/aes.c **** 
 368:../../iut/tiny-AES-c/aes.c **** 
 369:../../iut/tiny-AES-c/aes.c **** // The SubBytes Function Substitutes the values in the
 370:../../iut/tiny-AES-c/aes.c **** // state matrix with values in an S-box.
 371:../../iut/tiny-AES-c/aes.c **** static void InvSubBytes(state_t* state)
 372:../../iut/tiny-AES-c/aes.c **** {
 373:../../iut/tiny-AES-c/aes.c ****   uint8_t i, j;
 374:../../iut/tiny-AES-c/aes.c ****   for (i = 0; i < 4; ++i)
 375:../../iut/tiny-AES-c/aes.c ****   {
 376:../../iut/tiny-AES-c/aes.c ****     for (j = 0; j < 4; ++j)
 377:../../iut/tiny-AES-c/aes.c ****     {
 378:../../iut/tiny-AES-c/aes.c ****       (*state)[j][i] = getSBoxInvert((*state)[j][i]);
 379:../../iut/tiny-AES-c/aes.c ****     }
 380:../../iut/tiny-AES-c/aes.c ****   }
 381:../../iut/tiny-AES-c/aes.c **** }
 382:../../iut/tiny-AES-c/aes.c **** 
 383:../../iut/tiny-AES-c/aes.c **** static void InvShiftRows(state_t* state)
 384:../../iut/tiny-AES-c/aes.c **** {
 385:../../iut/tiny-AES-c/aes.c ****   uint8_t temp;
 386:../../iut/tiny-AES-c/aes.c **** 
 387:../../iut/tiny-AES-c/aes.c ****   // Rotate first row 1 columns to right  
 388:../../iut/tiny-AES-c/aes.c ****   temp = (*state)[3][1];
 389:../../iut/tiny-AES-c/aes.c ****   (*state)[3][1] = (*state)[2][1];
 390:../../iut/tiny-AES-c/aes.c ****   (*state)[2][1] = (*state)[1][1];
 391:../../iut/tiny-AES-c/aes.c ****   (*state)[1][1] = (*state)[0][1];
 392:../../iut/tiny-AES-c/aes.c ****   (*state)[0][1] = temp;
 393:../../iut/tiny-AES-c/aes.c **** 
 394:../../iut/tiny-AES-c/aes.c ****   // Rotate second row 2 columns to right 
 395:../../iut/tiny-AES-c/aes.c ****   temp = (*state)[0][2];
 396:../../iut/tiny-AES-c/aes.c ****   (*state)[0][2] = (*state)[2][2];
 397:../../iut/tiny-AES-c/aes.c ****   (*state)[2][2] = temp;
 398:../../iut/tiny-AES-c/aes.c **** 
 399:../../iut/tiny-AES-c/aes.c ****   temp = (*state)[1][2];
 400:../../iut/tiny-AES-c/aes.c ****   (*state)[1][2] = (*state)[3][2];
 401:../../iut/tiny-AES-c/aes.c ****   (*state)[3][2] = temp;
 402:../../iut/tiny-AES-c/aes.c **** 
 403:../../iut/tiny-AES-c/aes.c ****   // Rotate third row 3 columns to right
 404:../../iut/tiny-AES-c/aes.c ****   temp = (*state)[0][3];
 405:../../iut/tiny-AES-c/aes.c ****   (*state)[0][3] = (*state)[1][3];
 406:../../iut/tiny-AES-c/aes.c ****   (*state)[1][3] = (*state)[2][3];
 407:../../iut/tiny-AES-c/aes.c ****   (*state)[2][3] = (*state)[3][3];
 408:../../iut/tiny-AES-c/aes.c ****   (*state)[3][3] = temp;
 409:../../iut/tiny-AES-c/aes.c **** }
 410:../../iut/tiny-AES-c/aes.c **** #endif // #if (defined(CBC) && CBC == 1) || (defined(ECB) && ECB == 1)
 411:../../iut/tiny-AES-c/aes.c **** 
 412:../../iut/tiny-AES-c/aes.c **** // Cipher is the main function that encrypts the PlainText.
 413:../../iut/tiny-AES-c/aes.c **** static void Cipher(state_t* state, const uint8_t* RoundKey)
 414:../../iut/tiny-AES-c/aes.c **** {
 415:../../iut/tiny-AES-c/aes.c ****   uint8_t round = 0;
 416:../../iut/tiny-AES-c/aes.c **** 
 417:../../iut/tiny-AES-c/aes.c ****   // Add the First round key to the state before starting the rounds.
 418:../../iut/tiny-AES-c/aes.c ****   AddRoundKey(0, state, RoundKey);
 419:../../iut/tiny-AES-c/aes.c **** 
 420:../../iut/tiny-AES-c/aes.c ****   // There will be Nr rounds.
 421:../../iut/tiny-AES-c/aes.c ****   // The first Nr-1 rounds are identical.
 422:../../iut/tiny-AES-c/aes.c ****   // These Nr rounds are executed in the loop below.
 423:../../iut/tiny-AES-c/aes.c ****   // Last one without MixColumns()
 424:../../iut/tiny-AES-c/aes.c ****   for (round = 1; ; ++round)
 425:../../iut/tiny-AES-c/aes.c ****   {
 426:../../iut/tiny-AES-c/aes.c ****     SubBytes(state);
 427:../../iut/tiny-AES-c/aes.c ****     ShiftRows(state);
 428:../../iut/tiny-AES-c/aes.c ****     if (round == Nr) {
 429:../../iut/tiny-AES-c/aes.c ****       break;
 430:../../iut/tiny-AES-c/aes.c ****     }
 431:../../iut/tiny-AES-c/aes.c ****     MixColumns(state);
 432:../../iut/tiny-AES-c/aes.c ****     AddRoundKey(round, state, RoundKey);
 433:../../iut/tiny-AES-c/aes.c ****   }
 434:../../iut/tiny-AES-c/aes.c ****   // Add round key to last round
 435:../../iut/tiny-AES-c/aes.c ****   AddRoundKey(Nr, state, RoundKey);
 436:../../iut/tiny-AES-c/aes.c **** }
 437:../../iut/tiny-AES-c/aes.c **** 
 438:../../iut/tiny-AES-c/aes.c **** #if (defined(CBC) && CBC == 1) || (defined(ECB) && ECB == 1)
 439:../../iut/tiny-AES-c/aes.c **** static void InvCipher(state_t* state, const uint8_t* RoundKey)
 440:../../iut/tiny-AES-c/aes.c **** {
 441:../../iut/tiny-AES-c/aes.c ****   uint8_t round = 0;
 442:../../iut/tiny-AES-c/aes.c **** 
 443:../../iut/tiny-AES-c/aes.c ****   // Add the First round key to the state before starting the rounds.
 444:../../iut/tiny-AES-c/aes.c ****   AddRoundKey(Nr, state, RoundKey);
 445:../../iut/tiny-AES-c/aes.c **** 
 446:../../iut/tiny-AES-c/aes.c ****   // There will be Nr rounds.
 447:../../iut/tiny-AES-c/aes.c ****   // The first Nr-1 rounds are identical.
 448:../../iut/tiny-AES-c/aes.c ****   // These Nr rounds are executed in the loop below.
 449:../../iut/tiny-AES-c/aes.c ****   // Last one without InvMixColumn()
 450:../../iut/tiny-AES-c/aes.c ****   for (round = (Nr - 1); ; --round)
 451:../../iut/tiny-AES-c/aes.c ****   {
 452:../../iut/tiny-AES-c/aes.c ****     InvShiftRows(state);
 453:../../iut/tiny-AES-c/aes.c ****     InvSubBytes(state);
 454:../../iut/tiny-AES-c/aes.c ****     AddRoundKey(round, state, RoundKey);
 455:../../iut/tiny-AES-c/aes.c ****     if (round == 0) {
 456:../../iut/tiny-AES-c/aes.c ****       break;
 457:../../iut/tiny-AES-c/aes.c ****     }
 458:../../iut/tiny-AES-c/aes.c ****     InvMixColumns(state);
 459:../../iut/tiny-AES-c/aes.c ****   }
 460:../../iut/tiny-AES-c/aes.c **** 
 461:../../iut/tiny-AES-c/aes.c **** }
 462:../../iut/tiny-AES-c/aes.c **** #endif // #if (defined(CBC) && CBC == 1) || (defined(ECB) && ECB == 1)
 463:../../iut/tiny-AES-c/aes.c **** 
 464:../../iut/tiny-AES-c/aes.c **** /*****************************************************************************/
 465:../../iut/tiny-AES-c/aes.c **** /* Public functions:                                                         */
 466:../../iut/tiny-AES-c/aes.c **** /*****************************************************************************/
 467:../../iut/tiny-AES-c/aes.c **** #if defined(ECB) && (ECB == 1)
 468:../../iut/tiny-AES-c/aes.c **** 
 469:../../iut/tiny-AES-c/aes.c **** 
 470:../../iut/tiny-AES-c/aes.c **** void AES_ECB_encrypt(const struct AES_ctx* ctx, uint8_t* buf)
 471:../../iut/tiny-AES-c/aes.c **** {
 292              		.loc 1 471 1 is_stmt 1 view -0
 293              		.cfi_startproc
 294              		@ args = 0, pretend = 0, frame = 8
 295              		@ frame_needed = 0, uses_anonymous_args = 0
 472:../../iut/tiny-AES-c/aes.c ****   // The next function call encrypts the PlainText with the Key using AES algorithm.
 473:../../iut/tiny-AES-c/aes.c ****   Cipher((state_t*)buf, ctx->RoundKey);
 296              		.loc 1 473 3 view .LVU92
 471:../../iut/tiny-AES-c/aes.c ****   // The next function call encrypts the PlainText with the Key using AES algorithm.
 297              		.loc 1 471 1 is_stmt 0 view .LVU93
 298 0000 2DE9F74F 		push	{r0, r1, r2, r4, r5, r6, r7, r8, r9, r10, fp, lr}
 299              	.LCFI2:
 300              		.cfi_def_cfa_offset 48
 301              		.cfi_offset 4, -36
 302              		.cfi_offset 5, -32
 303              		.cfi_offset 6, -28
 304              		.cfi_offset 7, -24
 305              		.cfi_offset 8, -20
 306              		.cfi_offset 9, -16
 307              		.cfi_offset 10, -12
 308              		.cfi_offset 11, -8
 309              		.cfi_offset 14, -4
 471:../../iut/tiny-AES-c/aes.c ****   // The next function call encrypts the PlainText with the Key using AES algorithm.
 310              		.loc 1 471 1 view .LVU94
 311 0004 0C46     		mov	r4, r1
 312              	.LVL28:
 471:../../iut/tiny-AES-c/aes.c ****   // The next function call encrypts the PlainText with the Key using AES algorithm.
 313              		.loc 1 471 1 view .LVU95
 314 0006 0246     		mov	r2, r0
 315              	.LVL29:
 316              	.LBB16:
 317              	.LBI16:
 413:../../iut/tiny-AES-c/aes.c **** {
 318              		.loc 1 413 13 is_stmt 1 view .LVU96
 319              	.LBB17:
 415:../../iut/tiny-AES-c/aes.c **** 
 320              		.loc 1 415 3 view .LVU97
 418:../../iut/tiny-AES-c/aes.c **** 
 321              		.loc 1 418 3 view .LVU98
 322 0008 0020     		movs	r0, #0
 323              	.LVL30:
 418:../../iut/tiny-AES-c/aes.c **** 
 324              		.loc 1 418 3 is_stmt 0 view .LVU99
 325 000a FFF7FEFF 		bl	AddRoundKey
 326              	.LVL31:
 424:../../iut/tiny-AES-c/aes.c ****   {
 327              		.loc 1 424 3 is_stmt 1 view .LVU100
 424:../../iut/tiny-AES-c/aes.c ****   {
 328              		.loc 1 424 3 is_stmt 0 view .LVU101
 329 000e 231D     		adds	r3, r4, #4
 424:../../iut/tiny-AES-c/aes.c ****   {
 330              		.loc 1 424 14 view .LVU102
 331 0010 0125     		movs	r5, #1
 332 0012 0093     		str	r3, [sp]
 333 0014 04F11009 		add	r9, r4, #16
 334              	.LVL32:
 335              	.L21:
 426:../../iut/tiny-AES-c/aes.c ****     ShiftRows(state);
 336              		.loc 1 426 5 is_stmt 1 view .LVU103
 337              	.LBB18:
 338              	.LBI18:
 251:../../iut/tiny-AES-c/aes.c **** {
 339              		.loc 1 251 13 view .LVU104
 340              	.LBB19:
 253:../../iut/tiny-AES-c/aes.c ****   for (i = 0; i < 4; ++i)
 341              		.loc 1 253 3 view .LVU105
 254:../../iut/tiny-AES-c/aes.c ****   {
 342              		.loc 1 254 3 view .LVU106
 254:../../iut/tiny-AES-c/aes.c ****   {
 343              		.loc 1 254 17 view .LVU107
 344 0018 2146     		mov	r1, r4
 345              	.LBE19:
 346              	.LBE18:
 424:../../iut/tiny-AES-c/aes.c ****   {
 347              		.loc 1 424 14 is_stmt 0 view .LVU108
 348 001a 2046     		mov	r0, r4
 349              	.LVL33:
 350              	.L16:
 351              	.LBB22:
 352              	.LBB20:
 256:../../iut/tiny-AES-c/aes.c ****     {
 353              		.loc 1 256 19 is_stmt 1 view .LVU109
 354              	.LBE20:
 355              	.LBE22:
 424:../../iut/tiny-AES-c/aes.c ****   {
 356              		.loc 1 424 14 is_stmt 0 view .LVU110
 357 001c 0023     		movs	r3, #0
 358              	.LVL34:
 359              	.L17:
 360              	.LBB23:
 361              	.LBB21:
 258:../../iut/tiny-AES-c/aes.c ****     }
 362              		.loc 1 258 7 is_stmt 1 view .LVU111
 258:../../iut/tiny-AES-c/aes.c ****     }
 363              		.loc 1 258 24 is_stmt 0 view .LVU112
 364 001e 10F82360 		ldrb	r6, [r0, r3, lsl #2]	@ zero_extendqisi2
 258:../../iut/tiny-AES-c/aes.c ****     }
 365              		.loc 1 258 22 view .LVU113
 366 0022 324F     		ldr	r7, .L24
 367 0024 BE5D     		ldrb	r6, [r7, r6]	@ zero_extendqisi2
 368 0026 00F82360 		strb	r6, [r0, r3, lsl #2]
 256:../../iut/tiny-AES-c/aes.c ****     {
 369              		.loc 1 256 24 is_stmt 1 view .LVU114
 370              	.LVL35:
 256:../../iut/tiny-AES-c/aes.c ****     {
 371              		.loc 1 256 19 view .LVU115
 372 002a 0133     		adds	r3, r3, #1
 373              	.LVL36:
 256:../../iut/tiny-AES-c/aes.c ****     {
 374              		.loc 1 256 19 is_stmt 0 view .LVU116
 375 002c 042B     		cmp	r3, #4
 376 002e F6D1     		bne	.L17
 254:../../iut/tiny-AES-c/aes.c ****   {
 377              		.loc 1 254 22 is_stmt 1 view .LVU117
 254:../../iut/tiny-AES-c/aes.c ****   {
 378              		.loc 1 254 17 view .LVU118
 379 0030 009B     		ldr	r3, [sp]
 380 0032 0130     		adds	r0, r0, #1
 381 0034 8342     		cmp	r3, r0
 382 0036 F1D1     		bne	.L16
 383              	.LVL37:
 254:../../iut/tiny-AES-c/aes.c ****   {
 384              		.loc 1 254 17 is_stmt 0 view .LVU119
 385              	.LBE21:
 386              	.LBE23:
 427:../../iut/tiny-AES-c/aes.c ****     if (round == Nr) {
 387              		.loc 1 427 5 is_stmt 1 view .LVU120
 388              	.LBB24:
 389              	.LBI24:
 266:../../iut/tiny-AES-c/aes.c **** {
 390              		.loc 1 266 13 view .LVU121
 391              	.LBB25:
 268:../../iut/tiny-AES-c/aes.c **** 
 392              		.loc 1 268 3 view .LVU122
 271:../../iut/tiny-AES-c/aes.c ****   (*state)[0][1] = (*state)[1][1];
 393              		.loc 1 271 3 view .LVU123
 272:../../iut/tiny-AES-c/aes.c ****   (*state)[1][1] = (*state)[2][1];
 394              		.loc 1 272 18 is_stmt 0 view .LVU124
 395 0038 6079     		ldrb	r0, [r4, #5]	@ zero_extendqisi2
 271:../../iut/tiny-AES-c/aes.c ****   (*state)[0][1] = (*state)[1][1];
 396              		.loc 1 271 18 view .LVU125
 397 003a 6378     		ldrb	r3, [r4, #1]	@ zero_extendqisi2
 398              	.LVL38:
 272:../../iut/tiny-AES-c/aes.c ****   (*state)[1][1] = (*state)[2][1];
 399              		.loc 1 272 3 is_stmt 1 view .LVU126
 272:../../iut/tiny-AES-c/aes.c ****   (*state)[1][1] = (*state)[2][1];
 400              		.loc 1 272 18 is_stmt 0 view .LVU127
 401 003c 6070     		strb	r0, [r4, #1]
 273:../../iut/tiny-AES-c/aes.c ****   (*state)[2][1] = (*state)[3][1];
 402              		.loc 1 273 3 is_stmt 1 view .LVU128
 273:../../iut/tiny-AES-c/aes.c ****   (*state)[2][1] = (*state)[3][1];
 403              		.loc 1 273 18 is_stmt 0 view .LVU129
 404 003e 607A     		ldrb	r0, [r4, #9]	@ zero_extendqisi2
 405 0040 6071     		strb	r0, [r4, #5]
 274:../../iut/tiny-AES-c/aes.c ****   (*state)[3][1] = temp;
 406              		.loc 1 274 3 is_stmt 1 view .LVU130
 274:../../iut/tiny-AES-c/aes.c ****   (*state)[3][1] = temp;
 407              		.loc 1 274 18 is_stmt 0 view .LVU131
 408 0042 607B     		ldrb	r0, [r4, #13]	@ zero_extendqisi2
 409 0044 6072     		strb	r0, [r4, #9]
 275:../../iut/tiny-AES-c/aes.c **** 
 410              		.loc 1 275 3 is_stmt 1 view .LVU132
 279:../../iut/tiny-AES-c/aes.c ****   (*state)[2][2] = temp;
 411              		.loc 1 279 18 is_stmt 0 view .LVU133
 412 0046 A07A     		ldrb	r0, [r4, #10]	@ zero_extendqisi2
 275:../../iut/tiny-AES-c/aes.c **** 
 413              		.loc 1 275 18 view .LVU134
 414 0048 6373     		strb	r3, [r4, #13]
 278:../../iut/tiny-AES-c/aes.c ****   (*state)[0][2] = (*state)[2][2];
 415              		.loc 1 278 3 is_stmt 1 view .LVU135
 278:../../iut/tiny-AES-c/aes.c ****   (*state)[0][2] = (*state)[2][2];
 416              		.loc 1 278 18 is_stmt 0 view .LVU136
 417 004a A378     		ldrb	r3, [r4, #2]	@ zero_extendqisi2
 418              	.LVL39:
 279:../../iut/tiny-AES-c/aes.c ****   (*state)[2][2] = temp;
 419              		.loc 1 279 3 is_stmt 1 view .LVU137
 279:../../iut/tiny-AES-c/aes.c ****   (*state)[2][2] = temp;
 420              		.loc 1 279 18 is_stmt 0 view .LVU138
 421 004c A070     		strb	r0, [r4, #2]
 280:../../iut/tiny-AES-c/aes.c **** 
 422              		.loc 1 280 3 is_stmt 1 view .LVU139
 283:../../iut/tiny-AES-c/aes.c ****   (*state)[3][2] = temp;
 423              		.loc 1 283 18 is_stmt 0 view .LVU140
 424 004e A07B     		ldrb	r0, [r4, #14]	@ zero_extendqisi2
 280:../../iut/tiny-AES-c/aes.c **** 
 425              		.loc 1 280 18 view .LVU141
 426 0050 A372     		strb	r3, [r4, #10]
 282:../../iut/tiny-AES-c/aes.c ****   (*state)[1][2] = (*state)[3][2];
 427              		.loc 1 282 3 is_stmt 1 view .LVU142
 282:../../iut/tiny-AES-c/aes.c ****   (*state)[1][2] = (*state)[3][2];
 428              		.loc 1 282 18 is_stmt 0 view .LVU143
 429 0052 A379     		ldrb	r3, [r4, #6]	@ zero_extendqisi2
 430              	.LVL40:
 283:../../iut/tiny-AES-c/aes.c ****   (*state)[3][2] = temp;
 431              		.loc 1 283 3 is_stmt 1 view .LVU144
 283:../../iut/tiny-AES-c/aes.c ****   (*state)[3][2] = temp;
 432              		.loc 1 283 18 is_stmt 0 view .LVU145
 433 0054 A071     		strb	r0, [r4, #6]
 284:../../iut/tiny-AES-c/aes.c **** 
 434              		.loc 1 284 3 is_stmt 1 view .LVU146
 288:../../iut/tiny-AES-c/aes.c ****   (*state)[3][3] = (*state)[2][3];
 435              		.loc 1 288 18 is_stmt 0 view .LVU147
 436 0056 E07B     		ldrb	r0, [r4, #15]	@ zero_extendqisi2
 284:../../iut/tiny-AES-c/aes.c **** 
 437              		.loc 1 284 18 view .LVU148
 438 0058 A373     		strb	r3, [r4, #14]
 287:../../iut/tiny-AES-c/aes.c ****   (*state)[0][3] = (*state)[3][3];
 439              		.loc 1 287 3 is_stmt 1 view .LVU149
 287:../../iut/tiny-AES-c/aes.c ****   (*state)[0][3] = (*state)[3][3];
 440              		.loc 1 287 18 is_stmt 0 view .LVU150
 441 005a E378     		ldrb	r3, [r4, #3]	@ zero_extendqisi2
 442              	.LVL41:
 288:../../iut/tiny-AES-c/aes.c ****   (*state)[3][3] = (*state)[2][3];
 443              		.loc 1 288 3 is_stmt 1 view .LVU151
 288:../../iut/tiny-AES-c/aes.c ****   (*state)[3][3] = (*state)[2][3];
 444              		.loc 1 288 18 is_stmt 0 view .LVU152
 445 005c E070     		strb	r0, [r4, #3]
 289:../../iut/tiny-AES-c/aes.c ****   (*state)[2][3] = (*state)[1][3];
 446              		.loc 1 289 3 is_stmt 1 view .LVU153
 289:../../iut/tiny-AES-c/aes.c ****   (*state)[2][3] = (*state)[1][3];
 447              		.loc 1 289 18 is_stmt 0 view .LVU154
 448 005e E07A     		ldrb	r0, [r4, #11]	@ zero_extendqisi2
 449 0060 E073     		strb	r0, [r4, #15]
 290:../../iut/tiny-AES-c/aes.c ****   (*state)[1][3] = temp;
 450              		.loc 1 290 3 is_stmt 1 view .LVU155
 451              	.LBE25:
 452              	.LBE24:
 428:../../iut/tiny-AES-c/aes.c ****       break;
 453              		.loc 1 428 8 is_stmt 0 view .LVU156
 454 0062 0A2D     		cmp	r5, #10
 455              	.LBB27:
 456              	.LBB26:
 290:../../iut/tiny-AES-c/aes.c ****   (*state)[1][3] = temp;
 457              		.loc 1 290 18 view .LVU157
 458 0064 E079     		ldrb	r0, [r4, #7]	@ zero_extendqisi2
 459 0066 E072     		strb	r0, [r4, #11]
 291:../../iut/tiny-AES-c/aes.c **** }
 460              		.loc 1 291 3 is_stmt 1 view .LVU158
 291:../../iut/tiny-AES-c/aes.c **** }
 461              		.loc 1 291 18 is_stmt 0 view .LVU159
 462 0068 E371     		strb	r3, [r4, #7]
 463              	.LVL42:
 291:../../iut/tiny-AES-c/aes.c **** }
 464              		.loc 1 291 18 view .LVU160
 465              	.LBE26:
 466              	.LBE27:
 428:../../iut/tiny-AES-c/aes.c ****       break;
 467              		.loc 1 428 5 is_stmt 1 view .LVU161
 428:../../iut/tiny-AES-c/aes.c ****       break;
 468              		.loc 1 428 8 is_stmt 0 view .LVU162
 469 006a 37D0     		beq	.L19
 470              	.LVL43:
 471              	.L20:
 472              	.LBB28:
 473              	.LBB29:
 306:../../iut/tiny-AES-c/aes.c ****     Tmp = (*state)[i][0] ^ (*state)[i][1] ^ (*state)[i][2] ^ (*state)[i][3] ;
 474              		.loc 1 306 5 is_stmt 1 view .LVU163
 306:../../iut/tiny-AES-c/aes.c ****     Tmp = (*state)[i][0] ^ (*state)[i][1] ^ (*state)[i][2] ^ (*state)[i][3] ;
 475              		.loc 1 306 9 is_stmt 0 view .LVU164
 476 006c 91F800B0 		ldrb	fp, [r1]	@ zero_extendqisi2
 477              	.LVL44:
 307:../../iut/tiny-AES-c/aes.c ****     Tm  = (*state)[i][0] ^ (*state)[i][1] ; Tm = xtime(Tm);  (*state)[i][0] ^= Tm ^ Tmp ;
 478              		.loc 1 307 5 is_stmt 1 view .LVU165
 307:../../iut/tiny-AES-c/aes.c ****     Tm  = (*state)[i][0] ^ (*state)[i][1] ; Tm = xtime(Tm);  (*state)[i][0] ^= Tm ^ Tmp ;
 479              		.loc 1 307 39 is_stmt 0 view .LVU166
 480 0070 4F78     		ldrb	r7, [r1, #1]	@ zero_extendqisi2
 307:../../iut/tiny-AES-c/aes.c ****     Tm  = (*state)[i][0] ^ (*state)[i][1] ; Tm = xtime(Tm);  (*state)[i][0] ^= Tm ^ Tmp ;
 481              		.loc 1 307 56 view .LVU167
 482 0072 8E78     		ldrb	r6, [r1, #2]	@ zero_extendqisi2
 307:../../iut/tiny-AES-c/aes.c ****     Tm  = (*state)[i][0] ^ (*state)[i][1] ; Tm = xtime(Tm);  (*state)[i][0] ^= Tm ^ Tmp ;
 483              		.loc 1 307 73 view .LVU168
 484 0074 91F803A0 		ldrb	r10, [r1, #3]	@ zero_extendqisi2
 307:../../iut/tiny-AES-c/aes.c ****     Tm  = (*state)[i][0] ^ (*state)[i][1] ; Tm = xtime(Tm);  (*state)[i][0] ^= Tm ^ Tmp ;
 485              		.loc 1 307 9 view .LVU169
 486 0078 8BEA0700 		eor	r0, fp, r7
 487 007c 86EA0A03 		eor	r3, r6, r10
 488 0080 80EA0308 		eor	r8, r0, r3
 489 0084 0193     		str	r3, [sp, #4]
 490              	.LVL45:
 308:../../iut/tiny-AES-c/aes.c ****     Tm  = (*state)[i][1] ^ (*state)[i][2] ; Tm = xtime(Tm);  (*state)[i][1] ^= Tm ^ Tmp ;
 491              		.loc 1 308 5 is_stmt 1 view .LVU170
 308:../../iut/tiny-AES-c/aes.c ****     Tm  = (*state)[i][1] ^ (*state)[i][2] ; Tm = xtime(Tm);  (*state)[i][1] ^= Tm ^ Tmp ;
 492              		.loc 1 308 45 view .LVU171
 308:../../iut/tiny-AES-c/aes.c ****     Tm  = (*state)[i][1] ^ (*state)[i][2] ; Tm = xtime(Tm);  (*state)[i][1] ^= Tm ^ Tmp ;
 493              		.loc 1 308 50 is_stmt 0 view .LVU172
 494 0086 FFF7FEFF 		bl	xtime
 495              	.LVL46:
 308:../../iut/tiny-AES-c/aes.c ****     Tm  = (*state)[i][1] ^ (*state)[i][2] ; Tm = xtime(Tm);  (*state)[i][1] ^= Tm ^ Tmp ;
 496              		.loc 1 308 62 is_stmt 1 view .LVU173
 308:../../iut/tiny-AES-c/aes.c ****     Tm  = (*state)[i][1] ^ (*state)[i][2] ; Tm = xtime(Tm);  (*state)[i][1] ^= Tm ^ Tmp ;
 497              		.loc 1 308 77 is_stmt 0 view .LVU174
 498 008a 8BEA0000 		eor	r0, fp, r0
 499              	.LVL47:
 308:../../iut/tiny-AES-c/aes.c ****     Tm  = (*state)[i][1] ^ (*state)[i][2] ; Tm = xtime(Tm);  (*state)[i][1] ^= Tm ^ Tmp ;
 500              		.loc 1 308 77 view .LVU175
 501 008e 88EA0000 		eor	r0, r8, r0
 502 0092 0870     		strb	r0, [r1]
 309:../../iut/tiny-AES-c/aes.c ****     Tm  = (*state)[i][2] ^ (*state)[i][3] ; Tm = xtime(Tm);  (*state)[i][2] ^= Tm ^ Tmp ;
 503              		.loc 1 309 5 is_stmt 1 view .LVU176
 504              	.LVL48:
 309:../../iut/tiny-AES-c/aes.c ****     Tm  = (*state)[i][2] ^ (*state)[i][3] ; Tm = xtime(Tm);  (*state)[i][2] ^= Tm ^ Tmp ;
 505              		.loc 1 309 45 view .LVU177
 309:../../iut/tiny-AES-c/aes.c ****     Tm  = (*state)[i][2] ^ (*state)[i][3] ; Tm = xtime(Tm);  (*state)[i][2] ^= Tm ^ Tmp ;
 506              		.loc 1 309 50 is_stmt 0 view .LVU178
 507 0094 87EA0600 		eor	r0, r7, r6
 508              	.LVL49:
 309:../../iut/tiny-AES-c/aes.c ****     Tm  = (*state)[i][2] ^ (*state)[i][3] ; Tm = xtime(Tm);  (*state)[i][2] ^= Tm ^ Tmp ;
 509              		.loc 1 309 50 view .LVU179
 510 0098 FFF7FEFF 		bl	xtime
 511              	.LVL50:
 309:../../iut/tiny-AES-c/aes.c ****     Tm  = (*state)[i][2] ^ (*state)[i][3] ; Tm = xtime(Tm);  (*state)[i][2] ^= Tm ^ Tmp ;
 512              		.loc 1 309 62 is_stmt 1 view .LVU180
 310:../../iut/tiny-AES-c/aes.c ****     Tm  = (*state)[i][3] ^ t ;              Tm = xtime(Tm);  (*state)[i][3] ^= Tm ^ Tmp ;
 513              		.loc 1 310 50 is_stmt 0 view .LVU181
 514 009c 019B     		ldr	r3, [sp, #4]
 309:../../iut/tiny-AES-c/aes.c ****     Tm  = (*state)[i][2] ^ (*state)[i][3] ; Tm = xtime(Tm);  (*state)[i][2] ^= Tm ^ Tmp ;
 515              		.loc 1 309 77 view .LVU182
 516 009e 4740     		eors	r7, r7, r0
 517 00a0 88EA0707 		eor	r7, r8, r7
 518 00a4 4F70     		strb	r7, [r1, #1]
 310:../../iut/tiny-AES-c/aes.c ****     Tm  = (*state)[i][3] ^ t ;              Tm = xtime(Tm);  (*state)[i][3] ^= Tm ^ Tmp ;
 519              		.loc 1 310 5 is_stmt 1 view .LVU183
 520              	.LVL51:
 310:../../iut/tiny-AES-c/aes.c ****     Tm  = (*state)[i][3] ^ t ;              Tm = xtime(Tm);  (*state)[i][3] ^= Tm ^ Tmp ;
 521              		.loc 1 310 45 view .LVU184
 310:../../iut/tiny-AES-c/aes.c ****     Tm  = (*state)[i][3] ^ t ;              Tm = xtime(Tm);  (*state)[i][3] ^= Tm ^ Tmp ;
 522              		.loc 1 310 50 is_stmt 0 view .LVU185
 523 00a6 1846     		mov	r0, r3
 524 00a8 FFF7FEFF 		bl	xtime
 525              	.LVL52:
 310:../../iut/tiny-AES-c/aes.c ****     Tm  = (*state)[i][3] ^ t ;              Tm = xtime(Tm);  (*state)[i][3] ^= Tm ^ Tmp ;
 526              		.loc 1 310 62 is_stmt 1 view .LVU186
 310:../../iut/tiny-AES-c/aes.c ****     Tm  = (*state)[i][3] ^ t ;              Tm = xtime(Tm);  (*state)[i][3] ^= Tm ^ Tmp ;
 527              		.loc 1 310 77 is_stmt 0 view .LVU187
 528 00ac 4640     		eors	r6, r6, r0
 529 00ae 88EA0606 		eor	r6, r8, r6
 530 00b2 8E70     		strb	r6, [r1, #2]
 311:../../iut/tiny-AES-c/aes.c ****   }
 531              		.loc 1 311 5 is_stmt 1 view .LVU188
 532              	.LVL53:
 311:../../iut/tiny-AES-c/aes.c ****   }
 533              		.loc 1 311 45 view .LVU189
 311:../../iut/tiny-AES-c/aes.c ****   }
 534              		.loc 1 311 50 is_stmt 0 view .LVU190
 535 00b4 8BEA0A00 		eor	r0, fp, r10
 536              	.LVL54:
 311:../../iut/tiny-AES-c/aes.c ****   }
 537              		.loc 1 311 50 view .LVU191
 538 00b8 FFF7FEFF 		bl	xtime
 539              	.LVL55:
 311:../../iut/tiny-AES-c/aes.c ****   }
 540              		.loc 1 311 62 is_stmt 1 view .LVU192
 311:../../iut/tiny-AES-c/aes.c ****   }
 541              		.loc 1 311 77 is_stmt 0 view .LVU193
 542 00bc 8AEA000A 		eor	r10, r10, r0
 543 00c0 88EA0A08 		eor	r8, r8, r10
 544              	.LVL56:
 311:../../iut/tiny-AES-c/aes.c ****   }
 545              		.loc 1 311 77 view .LVU194
 546 00c4 81F80380 		strb	r8, [r1, #3]
 304:../../iut/tiny-AES-c/aes.c ****   {  
 547              		.loc 1 304 22 is_stmt 1 view .LVU195
 304:../../iut/tiny-AES-c/aes.c ****   {  
 548              		.loc 1 304 17 view .LVU196
 549 00c8 0431     		adds	r1, r1, #4
 550 00ca 8945     		cmp	r9, r1
 551 00cc CED1     		bne	.L20
 552              	.LVL57:
 304:../../iut/tiny-AES-c/aes.c ****   {  
 553              		.loc 1 304 17 is_stmt 0 view .LVU197
 554              	.LBE29:
 555              	.LBE28:
 432:../../iut/tiny-AES-c/aes.c ****   }
 556              		.loc 1 432 5 is_stmt 1 view .LVU198
 557 00ce 2846     		mov	r0, r5
 558 00d0 2146     		mov	r1, r4
 424:../../iut/tiny-AES-c/aes.c ****   {
 559              		.loc 1 424 21 is_stmt 0 view .LVU199
 560 00d2 0135     		adds	r5, r5, #1
 561              	.LVL58:
 432:../../iut/tiny-AES-c/aes.c ****   }
 562              		.loc 1 432 5 view .LVU200
 563 00d4 FFF7FEFF 		bl	AddRoundKey
 564              	.LVL59:
 424:../../iut/tiny-AES-c/aes.c ****   {
 565              		.loc 1 424 21 is_stmt 1 view .LVU201
 566 00d8 EDB2     		uxtb	r5, r5
 567              	.LVL60:
 424:../../iut/tiny-AES-c/aes.c ****   {
 568              		.loc 1 424 3 view .LVU202
 426:../../iut/tiny-AES-c/aes.c ****     ShiftRows(state);
 569              		.loc 1 426 5 is_stmt 0 view .LVU203
 570 00da 9DE7     		b	.L21
 571              	.LVL61:
 572              	.L19:
 435:../../iut/tiny-AES-c/aes.c **** }
 573              		.loc 1 435 3 is_stmt 1 view .LVU204
 574 00dc 2146     		mov	r1, r4
 575              	.LVL62:
 435:../../iut/tiny-AES-c/aes.c **** }
 576              		.loc 1 435 3 is_stmt 0 view .LVU205
 577 00de 2846     		mov	r0, r5
 578              	.LBE17:
 579              	.LBE16:
 474:../../iut/tiny-AES-c/aes.c **** }
 580              		.loc 1 474 1 view .LVU206
 581 00e0 03B0     		add	sp, sp, #12
 582              	.LCFI3:
 583              		.cfi_def_cfa_offset 36
 584              		@ sp needed
 585 00e2 BDE8F04F 		pop	{r4, r5, r6, r7, r8, r9, r10, fp, lr}
 586              	.LCFI4:
 587              		.cfi_restore 14
 588              		.cfi_restore 11
 589              		.cfi_restore 10
 590              		.cfi_restore 9
 591              		.cfi_restore 8
 592              		.cfi_restore 7
 593              		.cfi_restore 6
 594              		.cfi_restore 5
 595              		.cfi_restore 4
 596              		.cfi_def_cfa_offset 0
 597              	.LVL63:
 598              	.LBB31:
 599              	.LBB30:
 435:../../iut/tiny-AES-c/aes.c **** }
 600              		.loc 1 435 3 view .LVU207
 601 00e6 FFF7FEBF 		b	AddRoundKey
 602              	.LVL64:
 603              	.L25:
 435:../../iut/tiny-AES-c/aes.c **** }
 604              		.loc 1 435 3 view .LVU208
 605 00ea 00BF     		.align	2
 606              	.L24:
 607 00ec 00000000 		.word	.LANCHOR0
 608              	.LBE30:
 609              	.LBE31:
 610              		.cfi_endproc
 611              	.LFE12:
 613              		.section	.text.AES_ECB_decrypt,"ax",%progbits
 614              		.align	1
 615              		.global	AES_ECB_decrypt
 616              		.syntax unified
 617              		.thumb
 618              		.thumb_func
 620              	AES_ECB_decrypt:
 621              	.LVL65:
 622              	.LFB13:
 475:../../iut/tiny-AES-c/aes.c **** 
 476:../../iut/tiny-AES-c/aes.c **** void AES_ECB_decrypt(const struct AES_ctx* ctx, uint8_t* buf)
 477:../../iut/tiny-AES-c/aes.c **** {
 623              		.loc 1 477 1 is_stmt 1 view -0
 624              		.cfi_startproc
 625              		@ args = 0, pretend = 0, frame = 48
 626              		@ frame_needed = 0, uses_anonymous_args = 0
 478:../../iut/tiny-AES-c/aes.c ****   // The next function call decrypts the PlainText with the Key using AES algorithm.
 479:../../iut/tiny-AES-c/aes.c ****   InvCipher((state_t*)buf, ctx->RoundKey);
 627              		.loc 1 479 3 view .LVU210
 477:../../iut/tiny-AES-c/aes.c ****   // The next function call decrypts the PlainText with the Key using AES algorithm.
 628              		.loc 1 477 1 is_stmt 0 view .LVU211
 629 0000 2DE9F04F 		push	{r4, r5, r6, r7, r8, r9, r10, fp, lr}
 630              	.LCFI5:
 631              		.cfi_def_cfa_offset 36
 632              		.cfi_offset 4, -36
 633              		.cfi_offset 5, -32
 634              		.cfi_offset 6, -28
 635              		.cfi_offset 7, -24
 636              		.cfi_offset 8, -20
 637              		.cfi_offset 9, -16
 638              		.cfi_offset 10, -12
 639              		.cfi_offset 11, -8
 640              		.cfi_offset 14, -4
 641 0004 8DB0     		sub	sp, sp, #52
 642              	.LCFI6:
 643              		.cfi_def_cfa_offset 88
 644              	.LBB40:
 645              	.LBB41:
 444:../../iut/tiny-AES-c/aes.c **** 
 646              		.loc 1 444 3 view .LVU212
 647 0006 0246     		mov	r2, r0
 648              	.LBE41:
 649              	.LBE40:
 477:../../iut/tiny-AES-c/aes.c ****   // The next function call decrypts the PlainText with the Key using AES algorithm.
 650              		.loc 1 477 1 view .LVU213
 651 0008 0390     		str	r0, [sp, #12]
 652              	.LBB56:
 653              	.LBB54:
 444:../../iut/tiny-AES-c/aes.c **** 
 654              		.loc 1 444 3 view .LVU214
 655 000a 0A20     		movs	r0, #10
 656              	.LVL66:
 444:../../iut/tiny-AES-c/aes.c **** 
 657              		.loc 1 444 3 view .LVU215
 658              	.LBE54:
 659              	.LBE56:
 477:../../iut/tiny-AES-c/aes.c ****   // The next function call decrypts the PlainText with the Key using AES algorithm.
 660              		.loc 1 477 1 view .LVU216
 661 000c 0C46     		mov	r4, r1
 662              	.LVL67:
 663              	.LBB57:
 664              	.LBI40:
 439:../../iut/tiny-AES-c/aes.c **** {
 665              		.loc 1 439 13 is_stmt 1 view .LVU217
 666              	.LBB55:
 441:../../iut/tiny-AES-c/aes.c **** 
 667              		.loc 1 441 3 view .LVU218
 444:../../iut/tiny-AES-c/aes.c **** 
 668              		.loc 1 444 3 view .LVU219
 669 000e FFF7FEFF 		bl	AddRoundKey
 670              	.LVL68:
 450:../../iut/tiny-AES-c/aes.c ****   {
 671              		.loc 1 450 3 view .LVU220
 450:../../iut/tiny-AES-c/aes.c ****   {
 672              		.loc 1 450 14 is_stmt 0 view .LVU221
 673 0012 0923     		movs	r3, #9
 674 0014 0093     		str	r3, [sp]
 675 0016 231D     		adds	r3, r4, #4
 676 0018 0993     		str	r3, [sp, #36]
 677 001a 04F11003 		add	r3, r4, #16
 678 001e 0A93     		str	r3, [sp, #40]
 679              	.LVL69:
 680              	.L32:
 452:../../iut/tiny-AES-c/aes.c ****     InvSubBytes(state);
 681              		.loc 1 452 5 is_stmt 1 view .LVU222
 682              	.LBB42:
 683              	.LBI42:
 383:../../iut/tiny-AES-c/aes.c **** {
 684              		.loc 1 383 13 view .LVU223
 685              	.LBB43:
 385:../../iut/tiny-AES-c/aes.c **** 
 686              		.loc 1 385 3 view .LVU224
 388:../../iut/tiny-AES-c/aes.c ****   (*state)[3][1] = (*state)[2][1];
 687              		.loc 1 388 3 view .LVU225
 389:../../iut/tiny-AES-c/aes.c ****   (*state)[2][1] = (*state)[1][1];
 688              		.loc 1 389 18 is_stmt 0 view .LVU226
 689 0020 627A     		ldrb	r2, [r4, #9]	@ zero_extendqisi2
 388:../../iut/tiny-AES-c/aes.c ****   (*state)[3][1] = (*state)[2][1];
 690              		.loc 1 388 8 view .LVU227
 691 0022 637B     		ldrb	r3, [r4, #13]	@ zero_extendqisi2
 692              	.LVL70:
 389:../../iut/tiny-AES-c/aes.c ****   (*state)[2][1] = (*state)[1][1];
 693              		.loc 1 389 3 is_stmt 1 view .LVU228
 389:../../iut/tiny-AES-c/aes.c ****   (*state)[2][1] = (*state)[1][1];
 694              		.loc 1 389 18 is_stmt 0 view .LVU229
 695 0024 6273     		strb	r2, [r4, #13]
 390:../../iut/tiny-AES-c/aes.c ****   (*state)[1][1] = (*state)[0][1];
 696              		.loc 1 390 3 is_stmt 1 view .LVU230
 390:../../iut/tiny-AES-c/aes.c ****   (*state)[1][1] = (*state)[0][1];
 697              		.loc 1 390 18 is_stmt 0 view .LVU231
 698 0026 6279     		ldrb	r2, [r4, #5]	@ zero_extendqisi2
 699 0028 6272     		strb	r2, [r4, #9]
 391:../../iut/tiny-AES-c/aes.c ****   (*state)[0][1] = temp;
 700              		.loc 1 391 3 is_stmt 1 view .LVU232
 391:../../iut/tiny-AES-c/aes.c ****   (*state)[0][1] = temp;
 701              		.loc 1 391 18 is_stmt 0 view .LVU233
 702 002a 6278     		ldrb	r2, [r4, #1]	@ zero_extendqisi2
 703 002c 6271     		strb	r2, [r4, #5]
 392:../../iut/tiny-AES-c/aes.c **** 
 704              		.loc 1 392 3 is_stmt 1 view .LVU234
 396:../../iut/tiny-AES-c/aes.c ****   (*state)[2][2] = temp;
 705              		.loc 1 396 18 is_stmt 0 view .LVU235
 706 002e A27A     		ldrb	r2, [r4, #10]	@ zero_extendqisi2
 392:../../iut/tiny-AES-c/aes.c **** 
 707              		.loc 1 392 18 view .LVU236
 708 0030 6370     		strb	r3, [r4, #1]
 395:../../iut/tiny-AES-c/aes.c ****   (*state)[0][2] = (*state)[2][2];
 709              		.loc 1 395 3 is_stmt 1 view .LVU237
 395:../../iut/tiny-AES-c/aes.c ****   (*state)[0][2] = (*state)[2][2];
 710              		.loc 1 395 8 is_stmt 0 view .LVU238
 711 0032 A378     		ldrb	r3, [r4, #2]	@ zero_extendqisi2
 712              	.LVL71:
 396:../../iut/tiny-AES-c/aes.c ****   (*state)[2][2] = temp;
 713              		.loc 1 396 3 is_stmt 1 view .LVU239
 396:../../iut/tiny-AES-c/aes.c ****   (*state)[2][2] = temp;
 714              		.loc 1 396 18 is_stmt 0 view .LVU240
 715 0034 A270     		strb	r2, [r4, #2]
 397:../../iut/tiny-AES-c/aes.c **** 
 716              		.loc 1 397 3 is_stmt 1 view .LVU241
 400:../../iut/tiny-AES-c/aes.c ****   (*state)[3][2] = temp;
 717              		.loc 1 400 18 is_stmt 0 view .LVU242
 718 0036 A27B     		ldrb	r2, [r4, #14]	@ zero_extendqisi2
 397:../../iut/tiny-AES-c/aes.c **** 
 719              		.loc 1 397 18 view .LVU243
 720 0038 A372     		strb	r3, [r4, #10]
 399:../../iut/tiny-AES-c/aes.c ****   (*state)[1][2] = (*state)[3][2];
 721              		.loc 1 399 3 is_stmt 1 view .LVU244
 399:../../iut/tiny-AES-c/aes.c ****   (*state)[1][2] = (*state)[3][2];
 722              		.loc 1 399 8 is_stmt 0 view .LVU245
 723 003a A379     		ldrb	r3, [r4, #6]	@ zero_extendqisi2
 724              	.LVL72:
 400:../../iut/tiny-AES-c/aes.c ****   (*state)[3][2] = temp;
 725              		.loc 1 400 3 is_stmt 1 view .LVU246
 400:../../iut/tiny-AES-c/aes.c ****   (*state)[3][2] = temp;
 726              		.loc 1 400 18 is_stmt 0 view .LVU247
 727 003c A271     		strb	r2, [r4, #6]
 401:../../iut/tiny-AES-c/aes.c **** 
 728              		.loc 1 401 3 is_stmt 1 view .LVU248
 405:../../iut/tiny-AES-c/aes.c ****   (*state)[1][3] = (*state)[2][3];
 729              		.loc 1 405 18 is_stmt 0 view .LVU249
 730 003e E279     		ldrb	r2, [r4, #7]	@ zero_extendqisi2
 401:../../iut/tiny-AES-c/aes.c **** 
 731              		.loc 1 401 18 view .LVU250
 732 0040 A373     		strb	r3, [r4, #14]
 404:../../iut/tiny-AES-c/aes.c ****   (*state)[0][3] = (*state)[1][3];
 733              		.loc 1 404 3 is_stmt 1 view .LVU251
 404:../../iut/tiny-AES-c/aes.c ****   (*state)[0][3] = (*state)[1][3];
 734              		.loc 1 404 8 is_stmt 0 view .LVU252
 735 0042 E378     		ldrb	r3, [r4, #3]	@ zero_extendqisi2
 736              	.LVL73:
 405:../../iut/tiny-AES-c/aes.c ****   (*state)[1][3] = (*state)[2][3];
 737              		.loc 1 405 3 is_stmt 1 view .LVU253
 405:../../iut/tiny-AES-c/aes.c ****   (*state)[1][3] = (*state)[2][3];
 738              		.loc 1 405 18 is_stmt 0 view .LVU254
 739 0044 E270     		strb	r2, [r4, #3]
 406:../../iut/tiny-AES-c/aes.c ****   (*state)[2][3] = (*state)[3][3];
 740              		.loc 1 406 3 is_stmt 1 view .LVU255
 406:../../iut/tiny-AES-c/aes.c ****   (*state)[2][3] = (*state)[3][3];
 741              		.loc 1 406 18 is_stmt 0 view .LVU256
 742 0046 E27A     		ldrb	r2, [r4, #11]	@ zero_extendqisi2
 743 0048 E271     		strb	r2, [r4, #7]
 407:../../iut/tiny-AES-c/aes.c ****   (*state)[3][3] = temp;
 744              		.loc 1 407 3 is_stmt 1 view .LVU257
 407:../../iut/tiny-AES-c/aes.c ****   (*state)[3][3] = temp;
 745              		.loc 1 407 18 is_stmt 0 view .LVU258
 746 004a E27B     		ldrb	r2, [r4, #15]	@ zero_extendqisi2
 747 004c E272     		strb	r2, [r4, #11]
 408:../../iut/tiny-AES-c/aes.c **** }
 748              		.loc 1 408 3 is_stmt 1 view .LVU259
 408:../../iut/tiny-AES-c/aes.c **** }
 749              		.loc 1 408 18 is_stmt 0 view .LVU260
 750 004e E373     		strb	r3, [r4, #15]
 751              	.LVL74:
 408:../../iut/tiny-AES-c/aes.c **** }
 752              		.loc 1 408 18 view .LVU261
 753              	.LBE43:
 754              	.LBE42:
 755              	.LBB45:
 756              	.LBB46:
 374:../../iut/tiny-AES-c/aes.c ****   {
 757              		.loc 1 374 17 is_stmt 1 view .LVU262
 758 0050 2546     		mov	r5, r4
 759              	.LBE46:
 760              	.LBE45:
 761              	.LBB49:
 762              	.LBB44:
 408:../../iut/tiny-AES-c/aes.c **** }
 763              		.loc 1 408 18 is_stmt 0 view .LVU263
 764 0052 2246     		mov	r2, r4
 765              	.LVL75:
 766              	.L27:
 408:../../iut/tiny-AES-c/aes.c **** }
 767              		.loc 1 408 18 view .LVU264
 768              	.LBE44:
 769              	.LBE49:
 770              	.LBB50:
 771              	.LBB47:
 376:../../iut/tiny-AES-c/aes.c ****     {
 772              		.loc 1 376 19 is_stmt 1 view .LVU265
 773              	.LBE47:
 774              	.LBE50:
 450:../../iut/tiny-AES-c/aes.c ****   {
 775              		.loc 1 450 14 is_stmt 0 view .LVU266
 776 0054 0023     		movs	r3, #0
 777              	.LVL76:
 778              	.L28:
 779              	.LBB51:
 780              	.LBB48:
 378:../../iut/tiny-AES-c/aes.c ****     }
 781              		.loc 1 378 7 is_stmt 1 view .LVU267
 378:../../iut/tiny-AES-c/aes.c ****     }
 782              		.loc 1 378 24 is_stmt 0 view .LVU268
 783 0056 12F82310 		ldrb	r1, [r2, r3, lsl #2]	@ zero_extendqisi2
 784 005a 5348     		ldr	r0, .L35
 785 005c 0144     		add	r1, r1, r0
 378:../../iut/tiny-AES-c/aes.c ****     }
 786              		.loc 1 378 22 view .LVU269
 787 005e 91F80B11 		ldrb	r1, [r1, #267]	@ zero_extendqisi2
 788 0062 02F82310 		strb	r1, [r2, r3, lsl #2]
 376:../../iut/tiny-AES-c/aes.c ****     {
 789              		.loc 1 376 24 is_stmt 1 view .LVU270
 790              	.LVL77:
 376:../../iut/tiny-AES-c/aes.c ****     {
 791              		.loc 1 376 19 view .LVU271
 792 0066 0133     		adds	r3, r3, #1
 793              	.LVL78:
 376:../../iut/tiny-AES-c/aes.c ****     {
 794              		.loc 1 376 19 is_stmt 0 view .LVU272
 795 0068 042B     		cmp	r3, #4
 796 006a F4D1     		bne	.L28
 374:../../iut/tiny-AES-c/aes.c ****   {
 797              		.loc 1 374 22 is_stmt 1 view .LVU273
 374:../../iut/tiny-AES-c/aes.c ****   {
 798              		.loc 1 374 17 view .LVU274
 799 006c 099B     		ldr	r3, [sp, #36]
 800 006e 0132     		adds	r2, r2, #1
 801 0070 9342     		cmp	r3, r2
 802 0072 EFD1     		bne	.L27
 803              	.LVL79:
 374:../../iut/tiny-AES-c/aes.c ****   {
 804              		.loc 1 374 17 is_stmt 0 view .LVU275
 805              	.LBE48:
 806              	.LBE51:
 454:../../iut/tiny-AES-c/aes.c ****     if (round == 0) {
 807              		.loc 1 454 5 is_stmt 1 view .LVU276
 808 0074 039A     		ldr	r2, [sp, #12]
 809 0076 0098     		ldr	r0, [sp]
 810 0078 2146     		mov	r1, r4
 811 007a FFF7FEFF 		bl	AddRoundKey
 812              	.LVL80:
 455:../../iut/tiny-AES-c/aes.c ****       break;
 813              		.loc 1 455 5 view .LVU277
 455:../../iut/tiny-AES-c/aes.c ****       break;
 814              		.loc 1 455 8 is_stmt 0 view .LVU278
 815 007e 009B     		ldr	r3, [sp]
 816 0080 002B     		cmp	r3, #0
 817 0082 00F08E80 		beq	.L26
 818              	.L31:
 819              	.LBB52:
 820              	.LBB53:
 356:../../iut/tiny-AES-c/aes.c ****     b = (*state)[i][1];
 821              		.loc 1 356 5 is_stmt 1 view .LVU279
 356:../../iut/tiny-AES-c/aes.c ****     b = (*state)[i][1];
 822              		.loc 1 356 7 is_stmt 0 view .LVU280
 823 0086 95F80080 		ldrb	r8, [r5]	@ zero_extendqisi2
 824              	.LVL81:
 357:../../iut/tiny-AES-c/aes.c ****     c = (*state)[i][2];
 825              		.loc 1 357 5 is_stmt 1 view .LVU281
 357:../../iut/tiny-AES-c/aes.c ****     c = (*state)[i][2];
 826              		.loc 1 357 7 is_stmt 0 view .LVU282
 827 008a 6B78     		ldrb	r3, [r5, #1]	@ zero_extendqisi2
 828 008c 0193     		str	r3, [sp, #4]
 829              	.LVL82:
 358:../../iut/tiny-AES-c/aes.c ****     d = (*state)[i][3];
 830              		.loc 1 358 5 is_stmt 1 view .LVU283
 361:../../iut/tiny-AES-c/aes.c ****     (*state)[i][1] = Multiply(a, 0x09) ^ Multiply(b, 0x0e) ^ Multiply(c, 0x0b) ^ Multiply(d, 0x0d);
 831              		.loc 1 361 22 is_stmt 0 view .LVU284
 832 008e 4046     		mov	r0, r8
 358:../../iut/tiny-AES-c/aes.c ****     d = (*state)[i][3];
 833              		.loc 1 358 7 view .LVU285
 834 0090 AB78     		ldrb	r3, [r5, #2]	@ zero_extendqisi2
 835 0092 0293     		str	r3, [sp, #8]
 836              	.LVL83:
 359:../../iut/tiny-AES-c/aes.c **** 
 837              		.loc 1 359 5 is_stmt 1 view .LVU286
 361:../../iut/tiny-AES-c/aes.c ****     (*state)[i][1] = Multiply(a, 0x09) ^ Multiply(b, 0x0e) ^ Multiply(c, 0x0b) ^ Multiply(d, 0x0d);
 838              		.loc 1 361 22 is_stmt 0 view .LVU287
 839 0094 FFF7FEFF 		bl	xtime
 840              	.LVL84:
 841 0098 0490     		str	r0, [sp, #16]
 842 009a FFF7FEFF 		bl	xtime
 843              	.LVL85:
 844 009e 0590     		str	r0, [sp, #20]
 845 00a0 FFF7FEFF 		bl	xtime
 846              	.LVL86:
 847 00a4 8246     		mov	r10, r0
 361:../../iut/tiny-AES-c/aes.c ****     (*state)[i][1] = Multiply(a, 0x09) ^ Multiply(b, 0x0e) ^ Multiply(c, 0x0b) ^ Multiply(d, 0x0d);
 848              		.loc 1 361 42 view .LVU288
 849 00a6 0198     		ldr	r0, [sp, #4]
 359:../../iut/tiny-AES-c/aes.c **** 
 850              		.loc 1 359 7 view .LVU289
 851 00a8 95F803B0 		ldrb	fp, [r5, #3]	@ zero_extendqisi2
 852              	.LVL87:
 361:../../iut/tiny-AES-c/aes.c ****     (*state)[i][1] = Multiply(a, 0x09) ^ Multiply(b, 0x0e) ^ Multiply(c, 0x0b) ^ Multiply(d, 0x0d);
 853              		.loc 1 361 5 is_stmt 1 view .LVU290
 361:../../iut/tiny-AES-c/aes.c ****     (*state)[i][1] = Multiply(a, 0x09) ^ Multiply(b, 0x0e) ^ Multiply(c, 0x0b) ^ Multiply(d, 0x0d);
 854              		.loc 1 361 42 is_stmt 0 view .LVU291
 855 00ac FFF7FEFF 		bl	xtime
 856              	.LVL88:
 857 00b0 0246     		mov	r2, r0
 858 00b2 FFF7FEFF 		bl	xtime
 859              	.LVL89:
 860 00b6 0690     		str	r0, [sp, #24]
 861 00b8 FFF7FEFF 		bl	xtime
 862              	.LVL90:
 863 00bc 0746     		mov	r7, r0
 361:../../iut/tiny-AES-c/aes.c ****     (*state)[i][1] = Multiply(a, 0x09) ^ Multiply(b, 0x0e) ^ Multiply(c, 0x0b) ^ Multiply(d, 0x0d);
 864              		.loc 1 361 62 view .LVU292
 865 00be 0298     		ldr	r0, [sp, #8]
 866 00c0 FFF7FEFF 		bl	xtime
 867              	.LVL91:
 868 00c4 0B90     		str	r0, [sp, #44]
 869 00c6 FFF7FEFF 		bl	xtime
 870              	.LVL92:
 871 00ca 0790     		str	r0, [sp, #28]
 872 00cc FFF7FEFF 		bl	xtime
 873              	.LVL93:
 874 00d0 0646     		mov	r6, r0
 361:../../iut/tiny-AES-c/aes.c ****     (*state)[i][1] = Multiply(a, 0x09) ^ Multiply(b, 0x0e) ^ Multiply(c, 0x0b) ^ Multiply(d, 0x0d);
 875              		.loc 1 361 82 view .LVU293
 876 00d2 5846     		mov	r0, fp
 877 00d4 FFF7FEFF 		bl	xtime
 878              	.LVL94:
 879 00d8 0890     		str	r0, [sp, #32]
 880 00da FFF7FEFF 		bl	xtime
 881              	.LVL95:
 882 00de 8146     		mov	r9, r0
 883 00e0 FFF7FEFF 		bl	xtime
 884              	.LVL96:
 361:../../iut/tiny-AES-c/aes.c ****     (*state)[i][1] = Multiply(a, 0x09) ^ Multiply(b, 0x0e) ^ Multiply(c, 0x0b) ^ Multiply(d, 0x0d);
 885              		.loc 1 361 80 view .LVU294
 886 00e4 DDE90431 		ldrd	r3, r1, [sp, #16]
 887 00e8 83EA010C 		eor	ip, r3, r1
 888 00ec 8AEA0C0C 		eor	ip, r10, ip
 889 00f0 079B     		ldr	r3, [sp, #28]
 362:../../iut/tiny-AES-c/aes.c ****     (*state)[i][2] = Multiply(a, 0x0d) ^ Multiply(b, 0x09) ^ Multiply(c, 0x0e) ^ Multiply(d, 0x0b);
 890              		.loc 1 362 80 view .LVU295
 891 00f2 0299     		ldr	r1, [sp, #8]
 361:../../iut/tiny-AES-c/aes.c ****     (*state)[i][1] = Multiply(a, 0x09) ^ Multiply(b, 0x0e) ^ Multiply(c, 0x0b) ^ Multiply(d, 0x0d);
 892              		.loc 1 361 80 view .LVU296
 893 00f4 82EA0C0C 		eor	ip, r2, ip
 894 00f8 87EA0C0C 		eor	ip, r7, ip
 895 00fc 83EA0C0C 		eor	ip, r3, ip
 896 0100 86EA0C0C 		eor	ip, r6, ip
 897 0104 019B     		ldr	r3, [sp, #4]
 898 0106 80EA0C0C 		eor	ip, r0, ip
 899 010a 83EA0C0C 		eor	ip, r3, ip
 900 010e 029B     		ldr	r3, [sp, #8]
 901 0110 83EA0C0C 		eor	ip, r3, ip
 362:../../iut/tiny-AES-c/aes.c ****     (*state)[i][2] = Multiply(a, 0x0d) ^ Multiply(b, 0x09) ^ Multiply(c, 0x0e) ^ Multiply(d, 0x0b);
 902              		.loc 1 362 80 view .LVU297
 903 0114 069B     		ldr	r3, [sp, #24]
 904 0116 8AEA0202 		eor	r2, r10, r2
 905 011a 5A40     		eors	r2, r2, r3
 906 011c 0B9B     		ldr	r3, [sp, #44]
 907 011e 7A40     		eors	r2, r2, r7
 908 0120 5A40     		eors	r2, r2, r3
 909 0122 7240     		eors	r2, r2, r6
 910 0124 89EA0202 		eor	r2, r9, r2
 911 0128 4240     		eors	r2, r2, r0
 912 012a 88EA0202 		eor	r2, r8, r2
 913 012e 4A40     		eors	r2, r2, r1
 914 0130 8BEA0202 		eor	r2, fp, r2
 362:../../iut/tiny-AES-c/aes.c ****     (*state)[i][2] = Multiply(a, 0x0d) ^ Multiply(b, 0x09) ^ Multiply(c, 0x0e) ^ Multiply(d, 0x0b);
 915              		.loc 1 362 20 view .LVU298
 916 0134 6A70     		strb	r2, [r5, #1]
 363:../../iut/tiny-AES-c/aes.c ****     (*state)[i][3] = Multiply(a, 0x0b) ^ Multiply(b, 0x0d) ^ Multiply(c, 0x09) ^ Multiply(d, 0x0e);
 917              		.loc 1 363 80 view .LVU299
 918 0136 059A     		ldr	r2, [sp, #20]
 919 0138 82EA0A02 		eor	r2, r2, r10
 920 013c 7A40     		eors	r2, r2, r7
 921 013e 5340     		eors	r3, r3, r2
 922 0140 079A     		ldr	r2, [sp, #28]
 923 0142 5340     		eors	r3, r3, r2
 924 0144 089A     		ldr	r2, [sp, #32]
 925 0146 7340     		eors	r3, r3, r6
 926 0148 5340     		eors	r3, r3, r2
 927 014a 4340     		eors	r3, r3, r0
 928 014c 019A     		ldr	r2, [sp, #4]
 929 014e 88EA0303 		eor	r3, r8, r3
 930 0152 5340     		eors	r3, r3, r2
 361:../../iut/tiny-AES-c/aes.c ****     (*state)[i][1] = Multiply(a, 0x09) ^ Multiply(b, 0x0e) ^ Multiply(c, 0x0b) ^ Multiply(d, 0x0d);
 931              		.loc 1 361 80 view .LVU300
 932 0154 8BEA0C0C 		eor	ip, fp, ip
 363:../../iut/tiny-AES-c/aes.c ****     (*state)[i][3] = Multiply(a, 0x0b) ^ Multiply(b, 0x0d) ^ Multiply(c, 0x09) ^ Multiply(d, 0x0e);
 933              		.loc 1 363 80 view .LVU301
 934 0158 8BEA030B 		eor	fp, fp, r3
 935              	.LVL97:
 361:../../iut/tiny-AES-c/aes.c ****     (*state)[i][1] = Multiply(a, 0x09) ^ Multiply(b, 0x0e) ^ Multiply(c, 0x0b) ^ Multiply(d, 0x0d);
 936              		.loc 1 361 20 view .LVU302
 937 015c 85F800C0 		strb	ip, [r5]
 362:../../iut/tiny-AES-c/aes.c ****     (*state)[i][2] = Multiply(a, 0x0d) ^ Multiply(b, 0x09) ^ Multiply(c, 0x0e) ^ Multiply(d, 0x0b);
 938              		.loc 1 362 5 is_stmt 1 view .LVU303
 363:../../iut/tiny-AES-c/aes.c ****     (*state)[i][3] = Multiply(a, 0x0b) ^ Multiply(b, 0x0d) ^ Multiply(c, 0x09) ^ Multiply(d, 0x0e);
 939              		.loc 1 363 5 view .LVU304
 363:../../iut/tiny-AES-c/aes.c ****     (*state)[i][3] = Multiply(a, 0x0b) ^ Multiply(b, 0x0d) ^ Multiply(c, 0x09) ^ Multiply(d, 0x0e);
 940              		.loc 1 363 20 is_stmt 0 view .LVU305
 941 0160 85F802B0 		strb	fp, [r5, #2]
 364:../../iut/tiny-AES-c/aes.c ****   }
 942              		.loc 1 364 5 is_stmt 1 view .LVU306
 364:../../iut/tiny-AES-c/aes.c ****   }
 943              		.loc 1 364 80 is_stmt 0 view .LVU307
 944 0164 049B     		ldr	r3, [sp, #16]
 945 0166 069A     		ldr	r2, [sp, #24]
 946 0168 83EA0A03 		eor	r3, r3, r10
 947 016c 5340     		eors	r3, r3, r2
 948 016e 5F40     		eors	r7, r7, r3
 949 0170 089B     		ldr	r3, [sp, #32]
 950 0172 7E40     		eors	r6, r6, r7
 951 0174 7340     		eors	r3, r3, r6
 952 0176 89EA0309 		eor	r9, r9, r3
 953 017a 80EA0900 		eor	r0, r0, r9
 954 017e 019B     		ldr	r3, [sp, #4]
 955 0180 88EA0008 		eor	r8, r8, r0
 956              	.LVL98:
 364:../../iut/tiny-AES-c/aes.c ****   }
 957              		.loc 1 364 80 view .LVU308
 958 0184 83EA0808 		eor	r8, r3, r8
 959 0188 81EA0803 		eor	r3, r1, r8
 364:../../iut/tiny-AES-c/aes.c ****   }
 960              		.loc 1 364 20 view .LVU309
 961 018c EB70     		strb	r3, [r5, #3]
 354:../../iut/tiny-AES-c/aes.c ****   { 
 962              		.loc 1 354 22 is_stmt 1 view .LVU310
 354:../../iut/tiny-AES-c/aes.c ****   { 
 963              		.loc 1 354 17 view .LVU311
 964 018e 0A9B     		ldr	r3, [sp, #40]
 965 0190 0435     		adds	r5, r5, #4
 966 0192 AB42     		cmp	r3, r5
 967 0194 7FF477AF 		bne	.L31
 968              	.LVL99:
 354:../../iut/tiny-AES-c/aes.c ****   { 
 969              		.loc 1 354 17 is_stmt 0 view .LVU312
 970              	.LBE53:
 971              	.LBE52:
 450:../../iut/tiny-AES-c/aes.c ****   {
 972              		.loc 1 450 28 is_stmt 1 view .LVU313
 973 0198 009B     		ldr	r3, [sp]
 974 019a 013B     		subs	r3, r3, #1
 975 019c DBB2     		uxtb	r3, r3
 976 019e 0093     		str	r3, [sp]
 977              	.LVL100:
 450:../../iut/tiny-AES-c/aes.c ****   {
 978              		.loc 1 450 3 view .LVU314
 452:../../iut/tiny-AES-c/aes.c ****     InvSubBytes(state);
 979              		.loc 1 452 5 is_stmt 0 view .LVU315
 980 01a0 3EE7     		b	.L32
 981              	.L26:
 452:../../iut/tiny-AES-c/aes.c ****     InvSubBytes(state);
 982              		.loc 1 452 5 view .LVU316
 983              	.LBE55:
 984              	.LBE57:
 480:../../iut/tiny-AES-c/aes.c **** }
 985              		.loc 1 480 1 view .LVU317
 986 01a2 0DB0     		add	sp, sp, #52
 987              	.LCFI7:
 988              		.cfi_def_cfa_offset 36
 989              	.LVL101:
 990              		.loc 1 480 1 view .LVU318
 991              		@ sp needed
 992 01a4 BDE8F08F 		pop	{r4, r5, r6, r7, r8, r9, r10, fp, pc}
 993              	.LVL102:
 994              	.L36:
 995              		.loc 1 480 1 view .LVU319
 996              		.align	2
 997              	.L35:
 998 01a8 00000000 		.word	.LANCHOR0
 999              		.cfi_endproc
 1000              	.LFE13:
 1002              		.section	.rodata
 1003              		.set	.LANCHOR0,. + 0
 1006              	sbox:
 1007 0000 637C777B 		.ascii	"c|w{\362ko\3050\001g+\376\327\253v\312\202\311}\372"
 1007      F26B6FC5 
 1007      3001672B 
 1007      FED7AB76 
 1007      CA82C97D 
 1008 0015 5947F0AD 		.ascii	"YG\360\255\324\242\257\234\244r\300\267\375\223&6?\367"
 1008      D4A2AF9C 
 1008      A472C0B7 
 1008      FD932636 
 1008      3FF7
 1009 0027 CC34A5E5 		.ascii	"\3144\245\345\361q\3301\025\004\307#\303\030\226\005"
 1009      F171D831 
 1009      1504C723 
 1009      C3189605 
 1010 0037 9A071280 		.ascii	"\232\007\022\200\342\353'\262u\011\203,\032\033nZ\240"
 1010      E2EB27B2 
 1010      7509832C 
 1010      1A1B6E5A 
 1010      A0
 1011 0048 523BD6B3 		.ascii	"R;\326\263)\343/\204S\321\000\355 \374\261[j\313\276"
 1011      29E32F84 
 1011      53D100ED 
 1011      20FCB15B 
 1011      6ACBBE
 1012 005b 394A4C58 		.ascii	"9JLX\317\320\357\252\373CM3\205E\371\002\177P<\237\250"
 1012      CFD0EFAA 
 1012      FB434D33 
 1012      8545F902 
 1012      7F503C9F 
 1013 0070 51A3408F 		.ascii	"Q\243@\217\222\2358\365\274\266\332!\020\377\363\322"
 1013      929D38F5 
 1013      BCB6DA21 
 1013      10FFF3D2 
 1014 0080 CD0C13EC 		.ascii	"\315\014\023\354_\227D\027\304\247~=d]\031s`\201O\334"
 1014      5F974417 
 1014      C4A77E3D 
 1014      645D1973 
 1014      60814FDC 
 1015 0094 222A9088 		.ascii	"\"*\220\210F\356\270\024\336^\013\333\3402:\012I\006"
 1015      46EEB814 
 1015      DE5E0BDB 
 1015      E0323A0A 
 1015      4906
 1016 00a6 245CC2D3 		.ascii	"$\\\302\323\254b\221\225\344y\347\3107m\215\325N\251"
 1016      AC629195 
 1016      E479E7C8 
 1016      376D8DD5 
 1016      4EA9
 1017 00b8 6C56F4EA 		.ascii	"lV\364\352ez\256\010\272x%.\034\246\264\306\350\335"
 1017      657AAE08 
 1017      BA78252E 
 1017      1CA6B4C6 
 1017      E8DD
 1018 00ca 741F4BBD 		.ascii	"t\037K\275\213\212p>\265fH\003\366\016a5W\271\206\301"
 1018      8B8A703E 
 1018      B5664803 
 1018      F60E6135 
 1018      57B986C1 
 1019 00de 1D9EE1F8 		.ascii	"\035\236\341\370\230\021i\331\216\224\233\036\207\351"
 1019      981169D9 
 1019      8E949B1E 
 1019      87E9
 1020 00ec CE5528DF 		.ascii	"\316U(\337\214\241\211\015\277\346BhA\231-\017\260T"
 1020      8CA1890D 
 1020      BFE64268 
 1020      41992D0F 
 1020      B054
 1021 00fe BB16     		.ascii	"\273\026"
 1024              	Rcon:
 1025 0100 8D010204 		.ascii	"\215\001\002\004\010\020 @\200\0336"
 1025      08102040 
 1025      801B36
 1028              	rsbox:
 1029 010b 52096AD5 		.ascii	"R\011j\32506\2458\277@\243\236\201\363\327\373|\343"
 1029      3036A538 
 1029      BF40A39E 
 1029      81F3D7FB 
 1029      7CE3
 1030 011d 39829B2F 		.ascii	"9\202\233/\377\2074\216CD\304\336\351\313T{\2242\246"
 1030      FF87348E 
 1030      4344C4DE 
 1030      E9CB547B 
 1030      9432A6
 1031 0130 C2233DEE 		.ascii	"\302#=\356L\225\013B\372\303N\010.\241f(\331$\262v["
 1031      4C950B42 
 1031      FAC34E08 
 1031      2EA16628 
 1031      D924B276 
 1032 0145 A2496D8B 		.ascii	"\242Im\213\321%r\370\366d\206h\230\026\324\244\\\314"
 1032      D12572F8 
 1032      F6648668 
 1032      9816D4A4 
 1032      5CCC
 1033 0157 5D65B692 		.ascii	"]e\266\222lpHP\375\355\271\332^\025FW\247\215\235\204"
 1033      6C704850 
 1033      FDEDB9DA 
 1033      5E154657 
 1033      A78D9D84 
 1034 016b 90D8AB00 		.ascii	"\220\330\253\000\214\274\323\012\367\344X\005\270\263"
 1034      8CBCD30A 
 1034      F7E45805 
 1034      B8B3
 1035 0179 4506D02C 		.ascii	"E\006\320,\036\217\312?\017\002\301\257\275\003\001"
 1035      1E8FCA3F 
 1035      0F02C1AF 
 1035      BD0301
 1036 0188 138A6B3A 		.ascii	"\023\212k:\221\021AOg\334\352\227\362\317\316\360\264"
 1036      9111414F 
 1036      67DCEA97 
 1036      F2CFCEF0 
 1036      B4
 1037 0199 E67396AC 		.ascii	"\346s\226\254t\"\347\2555\205\342\3717\350\034u\337"
 1037      7422E7AD 
 1037      3585E2F9 
 1037      37E81C75 
 1037      DF
 1038 01aa 6E47F11A 		.ascii	"nG\361\032q\035)\305\211o\267b\016\252\030\276\033\374"
 1038      711D29C5 
 1038      896FB762 
 1038      0EAA18BE 
 1038      1BFC
 1039 01bc 563E4BC6 		.ascii	"V>K\306\322y \232\333\300\376x\315Z\364\037\335\250"
 1039      D279209A 
 1039      DBC0FE78 
 1039      CD5AF41F 
 1039      DDA8
 1040 01ce 338807C7 		.ascii	"3\210\007\3071\261\022\020Y'\200\354_`Q\177\251\031"
 1040      31B11210 
 1040      592780EC 
 1040      5F60517F 
 1040      A919
 1041 01e0 B54A0D2D 		.ascii	"\265J\015-\345z\237\223\311\234\357\240\340;M\256*\365"
 1041      E57A9F93 
 1041      C99CEFA0 
 1041      E03B4DAE 
 1041      2AF5
 1042 01f2 B0C8EBBB 		.ascii	"\260\310\353\273<\203S\231a\027+\004~\272w\326&\341"
 1042      3C835399 
 1042      61172B04 
 1042      7EBA77D6 
 1042      26E1
 1043 0204 69146355 		.ascii	"i\024cU!\014}"
 1043      210C7D
 1044              		.text
 1045              	.Letext0:
 1046              		.file 2 "/usr/lib/gcc/arm-none-eabi/12.2.1/include/stdint.h"
 1047              		.file 3 "../../iut/tiny-AES-c/aes.h"
DEFINED SYMBOLS
                            *ABS*:00000000 aes.c
     /tmp/cc07XOWo.s:19     .text.AddRoundKey:00000000 $t
     /tmp/cc07XOWo.s:24     .text.AddRoundKey:00000000 AddRoundKey
     /tmp/cc07XOWo.s:80     .text.xtime:00000000 $t
     /tmp/cc07XOWo.s:85     .text.xtime:00000000 xtime
     /tmp/cc07XOWo.s:107    .text.AES_init_ctx:00000000 $t
     /tmp/cc07XOWo.s:113    .text.AES_init_ctx:00000000 AES_init_ctx
     /tmp/cc07XOWo.s:278    .text.AES_init_ctx:00000068 $d
     /tmp/cc07XOWo.s:283    .text.AES_ECB_encrypt:00000000 $t
     /tmp/cc07XOWo.s:289    .text.AES_ECB_encrypt:00000000 AES_ECB_encrypt
     /tmp/cc07XOWo.s:607    .text.AES_ECB_encrypt:000000ec $d
     /tmp/cc07XOWo.s:614    .text.AES_ECB_decrypt:00000000 $t
     /tmp/cc07XOWo.s:620    .text.AES_ECB_decrypt:00000000 AES_ECB_decrypt
     /tmp/cc07XOWo.s:998    .text.AES_ECB_decrypt:000001a8 $d
     /tmp/cc07XOWo.s:1006   .rodata:00000000 sbox
     /tmp/cc07XOWo.s:1024   .rodata:00000100 Rcon
     /tmp/cc07XOWo.s:1028   .rodata:0000010b rsbox

NO UNDEFINED SYMBOLS
