
simpleserial-base-CW308_STM32F3.elf:     file format elf32-littlearm

Sections:
Idx Name          Size      VMA       LMA       File off  Algn
  0 .isr_vector   00000188  08000000  08000000  00001000  2**0
                  CONTENTS, ALLOC, LOAD, READONLY, DATA
  1 .text         000032f4  08000190  08000190  00001190  2**4
                  CONTENTS, ALLOC, LOAD, READONLY, CODE
  2 .rodata       00000938  08003484  08003484  00004484  2**2
                  CONTENTS, ALLOC, LOAD, READONLY, DATA
  3 .ARM.extab    00000000  08003dbc  08003dbc  00005064  2**0
                  CONTENTS
  4 .ARM          00000000  08003dbc  08003dbc  00005064  2**0
                  CONTENTS
  5 .preinit_array 00000000  08003dbc  08003dbc  00005064  2**0
                  CONTENTS, ALLOC, LOAD, DATA
  6 .init_array   00000004  08003dbc  08003dbc  00004dbc  2**2
                  CONTENTS, ALLOC, LOAD, DATA
  7 .fini_array   00000004  08003dc0  08003dc0  00004dc0  2**2
                  CONTENTS, ALLOC, LOAD, DATA
  8 .data         00000064  20000000  08003dc4  00005000  2**2
                  CONTENTS, ALLOC, LOAD, DATA
  9 .bss          0000071c  20000064  08003e28  00005064  2**2
                  ALLOC
 10 ._user_heap_stack 00000400  20000780  08003e28  00005780  2**0
                  ALLOC
 11 .ARM.attributes 0000002a  00000000  00000000  00005064  2**0
                  CONTENTS, READONLY
 12 .comment      00000026  00000000  00000000  0000508e  2**0
                  CONTENTS, READONLY
 13 .debug_info   0001894c  00000000  00000000  000050b4  2**0
                  CONTENTS, READONLY, DEBUGGING, OCTETS
 14 .debug_abbrev 0000561d  00000000  00000000  0001da00  2**0
                  CONTENTS, READONLY, DEBUGGING, OCTETS
 15 .debug_loc    00003565  00000000  00000000  0002301d  2**0
                  CONTENTS, READONLY, DEBUGGING, OCTETS
 16 .debug_aranges 00000778  00000000  00000000  00026588  2**3
                  CONTENTS, READONLY, DEBUGGING, OCTETS
 17 .debug_ranges 00000688  00000000  00000000  00026d00  2**0
                  CONTENTS, READONLY, DEBUGGING, OCTETS
 18 .debug_line   0000889e  00000000  00000000  00027388  2**0
                  CONTENTS, READONLY, DEBUGGING, OCTETS
 19 .debug_str    00002d6c  00000000  00000000  0002fc26  2**0
                  CONTENTS, READONLY, DEBUGGING, OCTETS
 20 .debug_frame  000011f0  00000000  00000000  00032994  2**2
                  CONTENTS, READONLY, DEBUGGING, OCTETS
 21 .stab         00000144  00000000  00000000  00033b84  2**2
                  CONTENTS, READONLY, DEBUGGING
 22 .stabstr      0000003d  00000000  00000000  00033cc8  2**0
                  CONTENTS, READONLY, DEBUGGING
 23 .debug_loclists 00002d14  00000000  00000000  00033d05  2**0
                  CONTENTS, READONLY, DEBUGGING, OCTETS
 24 .debug_line_str 000000aa  00000000  00000000  00036a19  2**0
                  CONTENTS, READONLY, DEBUGGING, OCTETS
 25 .debug_rnglists 0000026e  00000000  00000000  00036ac3  2**0
                  CONTENTS, READONLY, DEBUGGING, OCTETS

Disassembly of section .text:

08000190 <deregister_tm_clones>:
 8000190:	4803      	ldr	r0, [pc, #12]	@ (80001a0 <deregister_tm_clones+0x10>)
 8000192:	4b04      	ldr	r3, [pc, #16]	@ (80001a4 <deregister_tm_clones+0x14>)
 8000194:	4283      	cmp	r3, r0
 8000196:	d002      	beq.n	800019e <deregister_tm_clones+0xe>
 8000198:	4b03      	ldr	r3, [pc, #12]	@ (80001a8 <deregister_tm_clones+0x18>)
 800019a:	b103      	cbz	r3, 800019e <deregister_tm_clones+0xe>
 800019c:	4718      	bx	r3
 800019e:	4770      	bx	lr
 80001a0:	20000064 	.word	0x20000064
 80001a4:	20000064 	.word	0x20000064
 80001a8:	00000000 	.word	0x00000000

080001ac <register_tm_clones>:
 80001ac:	4805      	ldr	r0, [pc, #20]	@ (80001c4 <register_tm_clones+0x18>)
 80001ae:	4b06      	ldr	r3, [pc, #24]	@ (80001c8 <register_tm_clones+0x1c>)
 80001b0:	1a1b      	subs	r3, r3, r0
 80001b2:	0fd9      	lsrs	r1, r3, #31
 80001b4:	eb01 01a3 	add.w	r1, r1, r3, asr #2
 80001b8:	1049      	asrs	r1, r1, #1
 80001ba:	d002      	beq.n	80001c2 <register_tm_clones+0x16>
 80001bc:	4b03      	ldr	r3, [pc, #12]	@ (80001cc <register_tm_clones+0x20>)
 80001be:	b103      	cbz	r3, 80001c2 <register_tm_clones+0x16>
 80001c0:	4718      	bx	r3
 80001c2:	4770      	bx	lr
 80001c4:	20000064 	.word	0x20000064
 80001c8:	20000064 	.word	0x20000064
 80001cc:	00000000 	.word	0x00000000

080001d0 <__do_global_dtors_aux>:
 80001d0:	b510      	push	{r4, lr}
 80001d2:	4c06      	ldr	r4, [pc, #24]	@ (80001ec <__do_global_dtors_aux+0x1c>)
 80001d4:	7823      	ldrb	r3, [r4, #0]
 80001d6:	b943      	cbnz	r3, 80001ea <__do_global_dtors_aux+0x1a>
 80001d8:	f7ff ffda 	bl	8000190 <deregister_tm_clones>
 80001dc:	4b04      	ldr	r3, [pc, #16]	@ (80001f0 <__do_global_dtors_aux+0x20>)
 80001de:	b113      	cbz	r3, 80001e6 <__do_global_dtors_aux+0x16>
 80001e0:	4804      	ldr	r0, [pc, #16]	@ (80001f4 <__do_global_dtors_aux+0x24>)
 80001e2:	f3af 8000 	nop.w
 80001e6:	2301      	movs	r3, #1
 80001e8:	7023      	strb	r3, [r4, #0]
 80001ea:	bd10      	pop	{r4, pc}
 80001ec:	20000064 	.word	0x20000064
 80001f0:	00000000 	.word	0x00000000
 80001f4:	0800346c 	.word	0x0800346c

080001f8 <frame_dummy>:
 80001f8:	b508      	push	{r3, lr}
 80001fa:	4b04      	ldr	r3, [pc, #16]	@ (800020c <frame_dummy+0x14>)
 80001fc:	b11b      	cbz	r3, 8000206 <frame_dummy+0xe>
 80001fe:	4904      	ldr	r1, [pc, #16]	@ (8000210 <frame_dummy+0x18>)
 8000200:	4804      	ldr	r0, [pc, #16]	@ (8000214 <frame_dummy+0x1c>)
 8000202:	f3af 8000 	nop.w
 8000206:	e8bd 4008 	ldmia.w	sp!, {r3, lr}
 800020a:	e7cf      	b.n	80001ac <register_tm_clones>
 800020c:	00000000 	.word	0x00000000
 8000210:	20000068 	.word	0x20000068
 8000214:	0800346c 	.word	0x0800346c

08000218 <__errno>:
 8000218:	4b01      	ldr	r3, [pc, #4]	@ (8000220 <__errno+0x8>)
 800021a:	6818      	ldr	r0, [r3, #0]
 800021c:	4770      	bx	lr
 800021e:	bf00      	nop
 8000220:	20000000 	.word	0x20000000

08000224 <__libc_init_array>:
 8000224:	b570      	push	{r4, r5, r6, lr}
 8000226:	4b0f      	ldr	r3, [pc, #60]	@ (8000264 <__libc_init_array+0x40>)
 8000228:	4d0f      	ldr	r5, [pc, #60]	@ (8000268 <__libc_init_array+0x44>)
 800022a:	42ab      	cmp	r3, r5
 800022c:	eba3 0605 	sub.w	r6, r3, r5
 8000230:	d007      	beq.n	8000242 <__libc_init_array+0x1e>
 8000232:	10b6      	asrs	r6, r6, #2
 8000234:	2400      	movs	r4, #0
 8000236:	f855 3b04 	ldr.w	r3, [r5], #4
 800023a:	3401      	adds	r4, #1
 800023c:	4798      	blx	r3
 800023e:	42a6      	cmp	r6, r4
 8000240:	d8f9      	bhi.n	8000236 <__libc_init_array+0x12>
 8000242:	f003 f913 	bl	800346c <_init>
 8000246:	4d09      	ldr	r5, [pc, #36]	@ (800026c <__libc_init_array+0x48>)
 8000248:	4b09      	ldr	r3, [pc, #36]	@ (8000270 <__libc_init_array+0x4c>)
 800024a:	1b5e      	subs	r6, r3, r5
 800024c:	42ab      	cmp	r3, r5
 800024e:	ea4f 06a6 	mov.w	r6, r6, asr #2
 8000252:	d006      	beq.n	8000262 <__libc_init_array+0x3e>
 8000254:	2400      	movs	r4, #0
 8000256:	f855 3b04 	ldr.w	r3, [r5], #4
 800025a:	3401      	adds	r4, #1
 800025c:	4798      	blx	r3
 800025e:	42a6      	cmp	r6, r4
 8000260:	d8f9      	bhi.n	8000256 <__libc_init_array+0x32>
 8000262:	bd70      	pop	{r4, r5, r6, pc}
 8000264:	08003dbc 	.word	0x08003dbc
 8000268:	08003dbc 	.word	0x08003dbc
 800026c:	08003dbc 	.word	0x08003dbc
 8000270:	08003dc0 	.word	0x08003dc0

08000274 <memcpy>:
 8000274:	4684      	mov	ip, r0
 8000276:	ea41 0300 	orr.w	r3, r1, r0
 800027a:	f013 0303 	ands.w	r3, r3, #3
 800027e:	d16d      	bne.n	800035c <memcpy+0xe8>
 8000280:	3a40      	subs	r2, #64	@ 0x40
 8000282:	d341      	bcc.n	8000308 <memcpy+0x94>
 8000284:	f851 3b04 	ldr.w	r3, [r1], #4
 8000288:	f840 3b04 	str.w	r3, [r0], #4
 800028c:	f851 3b04 	ldr.w	r3, [r1], #4
 8000290:	f840 3b04 	str.w	r3, [r0], #4
 8000294:	f851 3b04 	ldr.w	r3, [r1], #4
 8000298:	f840 3b04 	str.w	r3, [r0], #4
 800029c:	f851 3b04 	ldr.w	r3, [r1], #4
 80002a0:	f840 3b04 	str.w	r3, [r0], #4
 80002a4:	f851 3b04 	ldr.w	r3, [r1], #4
 80002a8:	f840 3b04 	str.w	r3, [r0], #4
 80002ac:	f851 3b04 	ldr.w	r3, [r1], #4
 80002b0:	f840 3b04 	str.w	r3, [r0], #4
 80002b4:	f851 3b04 	ldr.w	r3, [r1], #4
 80002b8:	f840 3b04 	str.w	r3, [r0], #4
 80002bc:	f851 3b04 	ldr.w	r3, [r1], #4
 80002c0:	f840 3b04 	str.w	r3, [r0], #4
 80002c4:	f851 3b04 	ldr.w	r3, [r1], #4
 80002c8:	f840 3b04 	str.w	r3, [r0], #4
 80002cc:	f851 3b04 	ldr.w	r3, [r1], #4
 80002d0:	f840 3b04 	str.w	r3, [r0], #4
 80002d4:	f851 3b04 	ldr.w	r3, [r1], #4
 80002d8:	f840 3b04 	str.w	r3, [r0], #4
 80002dc:	f851 3b04 	ldr.w	r3, [r1], #4
 80002e0:	f840 3b04 	str.w	r3, [r0], #4
 80002e4:	f851 3b04 	ldr.w	r3, [r1], #4
 80002e8:	f840 3b04 	str.w	r3, [r0], #4
 80002ec:	f851 3b04 	ldr.w	r3, [r1], #4
 80002f0:	f840 3b04 	str.w	r3, [r0], #4
 80002f4:	f851 3b04 	ldr.w	r3, [r1], #4
 80002f8:	f840 3b04 	str.w	r3, [r0], #4
 80002fc:	f851 3b04 	ldr.w	r3, [r1], #4
 8000300:	f840 3b04 	str.w	r3, [r0], #4
 8000304:	3a40      	subs	r2, #64	@ 0x40
 8000306:	d2bd      	bcs.n	8000284 <memcpy+0x10>
 8000308:	3230      	adds	r2, #48	@ 0x30
 800030a:	d311      	bcc.n	8000330 <memcpy+0xbc>
 800030c:	f851 3b04 	ldr.w	r3, [r1], #4
 8000310:	f840 3b04 	str.w	r3, [r0], #4
 8000314:	f851 3b04 	ldr.w	r3, [r1], #4
 8000318:	f840 3b04 	str.w	r3, [r0], #4
 800031c:	f851 3b04 	ldr.w	r3, [r1], #4
 8000320:	f840 3b04 	str.w	r3, [r0], #4
 8000324:	f851 3b04 	ldr.w	r3, [r1], #4
 8000328:	f840 3b04 	str.w	r3, [r0], #4
 800032c:	3a10      	subs	r2, #16
 800032e:	d2ed      	bcs.n	800030c <memcpy+0x98>
 8000330:	320c      	adds	r2, #12
 8000332:	d305      	bcc.n	8000340 <memcpy+0xcc>
 8000334:	f851 3b04 	ldr.w	r3, [r1], #4
 8000338:	f840 3b04 	str.w	r3, [r0], #4
 800033c:	3a04      	subs	r2, #4
 800033e:	d2f9      	bcs.n	8000334 <memcpy+0xc0>
 8000340:	3204      	adds	r2, #4
 8000342:	d008      	beq.n	8000356 <memcpy+0xe2>
 8000344:	07d2      	lsls	r2, r2, #31
 8000346:	bf1c      	itt	ne
 8000348:	f811 3b01 	ldrbne.w	r3, [r1], #1
 800034c:	f800 3b01 	strbne.w	r3, [r0], #1
 8000350:	d301      	bcc.n	8000356 <memcpy+0xe2>
 8000352:	880b      	ldrh	r3, [r1, #0]
 8000354:	8003      	strh	r3, [r0, #0]
 8000356:	4660      	mov	r0, ip
 8000358:	4770      	bx	lr
 800035a:	bf00      	nop
 800035c:	2a08      	cmp	r2, #8
 800035e:	d313      	bcc.n	8000388 <memcpy+0x114>
 8000360:	078b      	lsls	r3, r1, #30
 8000362:	d08d      	beq.n	8000280 <memcpy+0xc>
 8000364:	f010 0303 	ands.w	r3, r0, #3
 8000368:	d08a      	beq.n	8000280 <memcpy+0xc>
 800036a:	f1c3 0304 	rsb	r3, r3, #4
 800036e:	1ad2      	subs	r2, r2, r3
 8000370:	07db      	lsls	r3, r3, #31
 8000372:	bf1c      	itt	ne
 8000374:	f811 3b01 	ldrbne.w	r3, [r1], #1
 8000378:	f800 3b01 	strbne.w	r3, [r0], #1
 800037c:	d380      	bcc.n	8000280 <memcpy+0xc>
 800037e:	f831 3b02 	ldrh.w	r3, [r1], #2
 8000382:	f820 3b02 	strh.w	r3, [r0], #2
 8000386:	e77b      	b.n	8000280 <memcpy+0xc>
 8000388:	3a04      	subs	r2, #4
 800038a:	d3d9      	bcc.n	8000340 <memcpy+0xcc>
 800038c:	3a01      	subs	r2, #1
 800038e:	f811 3b01 	ldrb.w	r3, [r1], #1
 8000392:	f800 3b01 	strb.w	r3, [r0], #1
 8000396:	d2f9      	bcs.n	800038c <memcpy+0x118>
 8000398:	780b      	ldrb	r3, [r1, #0]
 800039a:	7003      	strb	r3, [r0, #0]
 800039c:	784b      	ldrb	r3, [r1, #1]
 800039e:	7043      	strb	r3, [r0, #1]
 80003a0:	788b      	ldrb	r3, [r1, #2]
 80003a2:	7083      	strb	r3, [r0, #2]
 80003a4:	4660      	mov	r0, ip
 80003a6:	4770      	bx	lr

080003a8 <memset>:
 80003a8:	0783      	lsls	r3, r0, #30
 80003aa:	b530      	push	{r4, r5, lr}
 80003ac:	d047      	beq.n	800043e <memset+0x96>
 80003ae:	1e54      	subs	r4, r2, #1
 80003b0:	2a00      	cmp	r2, #0
 80003b2:	d03e      	beq.n	8000432 <memset+0x8a>
 80003b4:	b2ca      	uxtb	r2, r1
 80003b6:	4603      	mov	r3, r0
 80003b8:	e001      	b.n	80003be <memset+0x16>
 80003ba:	3c01      	subs	r4, #1
 80003bc:	d339      	bcc.n	8000432 <memset+0x8a>
 80003be:	f803 2b01 	strb.w	r2, [r3], #1
 80003c2:	079d      	lsls	r5, r3, #30
 80003c4:	d1f9      	bne.n	80003ba <memset+0x12>
 80003c6:	2c03      	cmp	r4, #3
 80003c8:	d92c      	bls.n	8000424 <memset+0x7c>
 80003ca:	b2cd      	uxtb	r5, r1
 80003cc:	eb05 2505 	add.w	r5, r5, r5, lsl #8
 80003d0:	2c0f      	cmp	r4, #15
 80003d2:	eb05 4505 	add.w	r5, r5, r5, lsl #16
 80003d6:	d935      	bls.n	8000444 <memset+0x9c>
 80003d8:	f1a4 0210 	sub.w	r2, r4, #16
 80003dc:	f022 0c0f 	bic.w	ip, r2, #15
 80003e0:	f103 0e10 	add.w	lr, r3, #16
 80003e4:	44e6      	add	lr, ip
 80003e6:	ea4f 1c12 	mov.w	ip, r2, lsr #4
 80003ea:	461a      	mov	r2, r3
 80003ec:	6015      	str	r5, [r2, #0]
 80003ee:	6055      	str	r5, [r2, #4]
 80003f0:	6095      	str	r5, [r2, #8]
 80003f2:	60d5      	str	r5, [r2, #12]
 80003f4:	3210      	adds	r2, #16
 80003f6:	4572      	cmp	r2, lr
 80003f8:	d1f8      	bne.n	80003ec <memset+0x44>
 80003fa:	f10c 0201 	add.w	r2, ip, #1
 80003fe:	f014 0f0c 	tst.w	r4, #12
 8000402:	eb03 1202 	add.w	r2, r3, r2, lsl #4
 8000406:	f004 0c0f 	and.w	ip, r4, #15
 800040a:	d013      	beq.n	8000434 <memset+0x8c>
 800040c:	f1ac 0304 	sub.w	r3, ip, #4
 8000410:	f023 0303 	bic.w	r3, r3, #3
 8000414:	3304      	adds	r3, #4
 8000416:	4413      	add	r3, r2
 8000418:	f842 5b04 	str.w	r5, [r2], #4
 800041c:	429a      	cmp	r2, r3
 800041e:	d1fb      	bne.n	8000418 <memset+0x70>
 8000420:	f00c 0403 	and.w	r4, ip, #3
 8000424:	b12c      	cbz	r4, 8000432 <memset+0x8a>
 8000426:	b2c9      	uxtb	r1, r1
 8000428:	441c      	add	r4, r3
 800042a:	f803 1b01 	strb.w	r1, [r3], #1
 800042e:	429c      	cmp	r4, r3
 8000430:	d1fb      	bne.n	800042a <memset+0x82>
 8000432:	bd30      	pop	{r4, r5, pc}
 8000434:	4664      	mov	r4, ip
 8000436:	4613      	mov	r3, r2
 8000438:	2c00      	cmp	r4, #0
 800043a:	d1f4      	bne.n	8000426 <memset+0x7e>
 800043c:	e7f9      	b.n	8000432 <memset+0x8a>
 800043e:	4603      	mov	r3, r0
 8000440:	4614      	mov	r4, r2
 8000442:	e7c0      	b.n	80003c6 <memset+0x1e>
 8000444:	461a      	mov	r2, r3
 8000446:	46a4      	mov	ip, r4
 8000448:	e7e0      	b.n	800040c <memset+0x64>
 800044a:	bf00      	nop

0800044c <srand>:
 800044c:	b538      	push	{r3, r4, r5, lr}
 800044e:	4b12      	ldr	r3, [pc, #72]	@ (8000498 <srand+0x4c>)
 8000450:	681d      	ldr	r5, [r3, #0]
 8000452:	6baa      	ldr	r2, [r5, #56]	@ 0x38
 8000454:	4604      	mov	r4, r0
 8000456:	b11a      	cbz	r2, 8000460 <srand+0x14>
 8000458:	2300      	movs	r3, #0
 800045a:	e9c2 4304 	strd	r4, r3, [r2, #16]
 800045e:	bd38      	pop	{r3, r4, r5, pc}
 8000460:	2018      	movs	r0, #24
 8000462:	f000 f8b3 	bl	80005cc <malloc>
 8000466:	4602      	mov	r2, r0
 8000468:	63a8      	str	r0, [r5, #56]	@ 0x38
 800046a:	b178      	cbz	r0, 800048c <srand+0x40>
 800046c:	2001      	movs	r0, #1
 800046e:	2100      	movs	r1, #0
 8000470:	e9c2 0104 	strd	r0, r1, [r2, #16]
 8000474:	4b09      	ldr	r3, [pc, #36]	@ (800049c <srand+0x50>)
 8000476:	480a      	ldr	r0, [pc, #40]	@ (80004a0 <srand+0x54>)
 8000478:	490a      	ldr	r1, [pc, #40]	@ (80004a4 <srand+0x58>)
 800047a:	6091      	str	r1, [r2, #8]
 800047c:	e9c2 0300 	strd	r0, r3, [r2]
 8000480:	230b      	movs	r3, #11
 8000482:	8193      	strh	r3, [r2, #12]
 8000484:	2300      	movs	r3, #0
 8000486:	e9c2 4304 	strd	r4, r3, [r2, #16]
 800048a:	bd38      	pop	{r3, r4, r5, pc}
 800048c:	4b06      	ldr	r3, [pc, #24]	@ (80004a8 <srand+0x5c>)
 800048e:	4807      	ldr	r0, [pc, #28]	@ (80004ac <srand+0x60>)
 8000490:	2142      	movs	r1, #66	@ 0x42
 8000492:	f000 f853 	bl	800053c <__assert_func>
 8000496:	bf00      	nop
 8000498:	20000000 	.word	0x20000000
 800049c:	e66d1234 	.word	0xe66d1234
 80004a0:	abcd330e 	.word	0xabcd330e
 80004a4:	0005deec 	.word	0x0005deec
 80004a8:	08003cf4 	.word	0x08003cf4
 80004ac:	08003d0c 	.word	0x08003d0c

080004b0 <rand>:
 80004b0:	b538      	push	{r3, r4, r5, lr}
 80004b2:	4b19      	ldr	r3, [pc, #100]	@ (8000518 <rand+0x68>)
 80004b4:	681c      	ldr	r4, [r3, #0]
 80004b6:	6ba2      	ldr	r2, [r4, #56]	@ 0x38
 80004b8:	b18a      	cbz	r2, 80004de <rand+0x2e>
 80004ba:	6913      	ldr	r3, [r2, #16]
 80004bc:	4917      	ldr	r1, [pc, #92]	@ (800051c <rand+0x6c>)
 80004be:	6954      	ldr	r4, [r2, #20]
 80004c0:	4817      	ldr	r0, [pc, #92]	@ (8000520 <rand+0x70>)
 80004c2:	fb03 f101 	mul.w	r1, r3, r1
 80004c6:	fb00 1104 	mla	r1, r0, r4, r1
 80004ca:	fba3 3000 	umull	r3, r0, r3, r0
 80004ce:	3301      	adds	r3, #1
 80004d0:	eb41 0100 	adc.w	r1, r1, r0
 80004d4:	e9c2 3104 	strd	r3, r1, [r2, #16]
 80004d8:	f021 4000 	bic.w	r0, r1, #2147483648	@ 0x80000000
 80004dc:	bd38      	pop	{r3, r4, r5, pc}
 80004de:	2018      	movs	r0, #24
 80004e0:	f000 f874 	bl	80005cc <malloc>
 80004e4:	4602      	mov	r2, r0
 80004e6:	63a0      	str	r0, [r4, #56]	@ 0x38
 80004e8:	b188      	cbz	r0, 800050e <rand+0x5e>
 80004ea:	2401      	movs	r4, #1
 80004ec:	2500      	movs	r5, #0
 80004ee:	e9c2 4504 	strd	r4, r5, [r2, #16]
 80004f2:	4b0c      	ldr	r3, [pc, #48]	@ (8000524 <rand+0x74>)
 80004f4:	4c0c      	ldr	r4, [pc, #48]	@ (8000528 <rand+0x78>)
 80004f6:	4809      	ldr	r0, [pc, #36]	@ (800051c <rand+0x6c>)
 80004f8:	490c      	ldr	r1, [pc, #48]	@ (800052c <rand+0x7c>)
 80004fa:	6091      	str	r1, [r2, #8]
 80004fc:	e9c2 4300 	strd	r4, r3, [r2]
 8000500:	230b      	movs	r3, #11
 8000502:	8193      	strh	r3, [r2, #12]
 8000504:	4b0a      	ldr	r3, [pc, #40]	@ (8000530 <rand+0x80>)
 8000506:	4601      	mov	r1, r0
 8000508:	e9c2 3104 	strd	r3, r1, [r2, #16]
 800050c:	bd38      	pop	{r3, r4, r5, pc}
 800050e:	4b09      	ldr	r3, [pc, #36]	@ (8000534 <rand+0x84>)
 8000510:	4809      	ldr	r0, [pc, #36]	@ (8000538 <rand+0x88>)
 8000512:	214e      	movs	r1, #78	@ 0x4e
 8000514:	f000 f812 	bl	800053c <__assert_func>
 8000518:	20000000 	.word	0x20000000
 800051c:	5851f42d 	.word	0x5851f42d
 8000520:	4c957f2d 	.word	0x4c957f2d
 8000524:	e66d1234 	.word	0xe66d1234
 8000528:	abcd330e 	.word	0xabcd330e
 800052c:	0005deec 	.word	0x0005deec
 8000530:	4c957f2e 	.word	0x4c957f2e
 8000534:	08003cf4 	.word	0x08003cf4
 8000538:	08003d0c 	.word	0x08003d0c

0800053c <__assert_func>:
 800053c:	b500      	push	{lr}
 800053e:	4c0b      	ldr	r4, [pc, #44]	@ (800056c <__assert_func+0x30>)
 8000540:	6825      	ldr	r5, [r4, #0]
 8000542:	4614      	mov	r4, r2
 8000544:	68ee      	ldr	r6, [r5, #12]
 8000546:	461a      	mov	r2, r3
 8000548:	b085      	sub	sp, #20
 800054a:	4603      	mov	r3, r0
 800054c:	460d      	mov	r5, r1
 800054e:	b14c      	cbz	r4, 8000564 <__assert_func+0x28>
 8000550:	4907      	ldr	r1, [pc, #28]	@ (8000570 <__assert_func+0x34>)
 8000552:	9500      	str	r5, [sp, #0]
 8000554:	e9cd 1401 	strd	r1, r4, [sp, #4]
 8000558:	4630      	mov	r0, r6
 800055a:	4906      	ldr	r1, [pc, #24]	@ (8000574 <__assert_func+0x38>)
 800055c:	f000 f822 	bl	80005a4 <fiprintf>
 8000560:	f000 fd66 	bl	8001030 <abort>
 8000564:	4904      	ldr	r1, [pc, #16]	@ (8000578 <__assert_func+0x3c>)
 8000566:	460c      	mov	r4, r1
 8000568:	e7f3      	b.n	8000552 <__assert_func+0x16>
 800056a:	bf00      	nop
 800056c:	20000000 	.word	0x20000000
 8000570:	08003d40 	.word	0x08003d40
 8000574:	08003d50 	.word	0x08003d50
 8000578:	08003d4c 	.word	0x08003d4c

0800057c <__assert>:
 800057c:	b508      	push	{r3, lr}
 800057e:	4613      	mov	r3, r2
 8000580:	2200      	movs	r2, #0
 8000582:	f7ff ffdb 	bl	800053c <__assert_func>
 8000586:	bf00      	nop

08000588 <_fiprintf_r>:
 8000588:	b40c      	push	{r2, r3}
 800058a:	b500      	push	{lr}
 800058c:	b083      	sub	sp, #12
 800058e:	ab04      	add	r3, sp, #16
 8000590:	f853 2b04 	ldr.w	r2, [r3], #4
 8000594:	9301      	str	r3, [sp, #4]
 8000596:	f000 f91d 	bl	80007d4 <_vfiprintf_r>
 800059a:	b003      	add	sp, #12
 800059c:	f85d eb04 	ldr.w	lr, [sp], #4
 80005a0:	b002      	add	sp, #8
 80005a2:	4770      	bx	lr

080005a4 <fiprintf>:
 80005a4:	b40e      	push	{r1, r2, r3}
 80005a6:	b510      	push	{r4, lr}
 80005a8:	b083      	sub	sp, #12
 80005aa:	ab05      	add	r3, sp, #20
 80005ac:	4c06      	ldr	r4, [pc, #24]	@ (80005c8 <fiprintf+0x24>)
 80005ae:	f853 2b04 	ldr.w	r2, [r3], #4
 80005b2:	9301      	str	r3, [sp, #4]
 80005b4:	4601      	mov	r1, r0
 80005b6:	6820      	ldr	r0, [r4, #0]
 80005b8:	f000 f90c 	bl	80007d4 <_vfiprintf_r>
 80005bc:	b003      	add	sp, #12
 80005be:	e8bd 4010 	ldmia.w	sp!, {r4, lr}
 80005c2:	b003      	add	sp, #12
 80005c4:	4770      	bx	lr
 80005c6:	bf00      	nop
 80005c8:	20000000 	.word	0x20000000

080005cc <malloc>:
 80005cc:	4b02      	ldr	r3, [pc, #8]	@ (80005d8 <malloc+0xc>)
 80005ce:	4601      	mov	r1, r0
 80005d0:	6818      	ldr	r0, [r3, #0]
 80005d2:	f000 b869 	b.w	80006a8 <_malloc_r>
 80005d6:	bf00      	nop
 80005d8:	20000000 	.word	0x20000000

080005dc <free>:
 80005dc:	4b02      	ldr	r3, [pc, #8]	@ (80005e8 <free+0xc>)
 80005de:	4601      	mov	r1, r0
 80005e0:	6818      	ldr	r0, [r3, #0]
 80005e2:	f000 b803 	b.w	80005ec <_free_r>
 80005e6:	bf00      	nop
 80005e8:	20000000 	.word	0x20000000

080005ec <_free_r>:
 80005ec:	2900      	cmp	r1, #0
 80005ee:	d050      	beq.n	8000692 <_free_r+0xa6>
 80005f0:	b538      	push	{r3, r4, r5, lr}
 80005f2:	f851 3c04 	ldr.w	r3, [r1, #-4]
 80005f6:	1f0c      	subs	r4, r1, #4
 80005f8:	2b00      	cmp	r3, #0
 80005fa:	bfb8      	it	lt
 80005fc:	18e4      	addlt	r4, r4, r3
 80005fe:	4605      	mov	r5, r0
 8000600:	f001 fa2e 	bl	8001a60 <__malloc_lock>
 8000604:	4a27      	ldr	r2, [pc, #156]	@ (80006a4 <_free_r+0xb8>)
 8000606:	6813      	ldr	r3, [r2, #0]
 8000608:	b12b      	cbz	r3, 8000616 <_free_r+0x2a>
 800060a:	42a3      	cmp	r3, r4
 800060c:	d90c      	bls.n	8000628 <_free_r+0x3c>
 800060e:	6821      	ldr	r1, [r4, #0]
 8000610:	1860      	adds	r0, r4, r1
 8000612:	4283      	cmp	r3, r0
 8000614:	d02c      	beq.n	8000670 <_free_r+0x84>
 8000616:	6063      	str	r3, [r4, #4]
 8000618:	4628      	mov	r0, r5
 800061a:	6014      	str	r4, [r2, #0]
 800061c:	e8bd 4038 	ldmia.w	sp!, {r3, r4, r5, lr}
 8000620:	f001 ba20 	b.w	8001a64 <__malloc_unlock>
 8000624:	42a3      	cmp	r3, r4
 8000626:	d80f      	bhi.n	8000648 <_free_r+0x5c>
 8000628:	461a      	mov	r2, r3
 800062a:	685b      	ldr	r3, [r3, #4]
 800062c:	2b00      	cmp	r3, #0
 800062e:	d1f9      	bne.n	8000624 <_free_r+0x38>
 8000630:	6811      	ldr	r1, [r2, #0]
 8000632:	1850      	adds	r0, r2, r1
 8000634:	4284      	cmp	r4, r0
 8000636:	d017      	beq.n	8000668 <_free_r+0x7c>
 8000638:	d32c      	bcc.n	8000694 <_free_r+0xa8>
 800063a:	6063      	str	r3, [r4, #4]
 800063c:	6054      	str	r4, [r2, #4]
 800063e:	4628      	mov	r0, r5
 8000640:	e8bd 4038 	ldmia.w	sp!, {r3, r4, r5, lr}
 8000644:	f001 ba0e 	b.w	8001a64 <__malloc_unlock>
 8000648:	6811      	ldr	r1, [r2, #0]
 800064a:	1850      	adds	r0, r2, r1
 800064c:	42a0      	cmp	r0, r4
 800064e:	d014      	beq.n	800067a <_free_r+0x8e>
 8000650:	d820      	bhi.n	8000694 <_free_r+0xa8>
 8000652:	6821      	ldr	r1, [r4, #0]
 8000654:	1860      	adds	r0, r4, r1
 8000656:	4283      	cmp	r3, r0
 8000658:	d1ef      	bne.n	800063a <_free_r+0x4e>
 800065a:	6818      	ldr	r0, [r3, #0]
 800065c:	685b      	ldr	r3, [r3, #4]
 800065e:	4408      	add	r0, r1
 8000660:	e9c4 0300 	strd	r0, r3, [r4]
 8000664:	6054      	str	r4, [r2, #4]
 8000666:	e7ea      	b.n	800063e <_free_r+0x52>
 8000668:	6823      	ldr	r3, [r4, #0]
 800066a:	440b      	add	r3, r1
 800066c:	6013      	str	r3, [r2, #0]
 800066e:	e7e6      	b.n	800063e <_free_r+0x52>
 8000670:	6818      	ldr	r0, [r3, #0]
 8000672:	685b      	ldr	r3, [r3, #4]
 8000674:	4408      	add	r0, r1
 8000676:	6020      	str	r0, [r4, #0]
 8000678:	e7cd      	b.n	8000616 <_free_r+0x2a>
 800067a:	6820      	ldr	r0, [r4, #0]
 800067c:	4401      	add	r1, r0
 800067e:	1850      	adds	r0, r2, r1
 8000680:	4283      	cmp	r3, r0
 8000682:	6011      	str	r1, [r2, #0]
 8000684:	d1db      	bne.n	800063e <_free_r+0x52>
 8000686:	e9d3 0400 	ldrd	r0, r4, [r3]
 800068a:	4401      	add	r1, r0
 800068c:	e9c2 1400 	strd	r1, r4, [r2]
 8000690:	e7d5      	b.n	800063e <_free_r+0x52>
 8000692:	4770      	bx	lr
 8000694:	230c      	movs	r3, #12
 8000696:	602b      	str	r3, [r5, #0]
 8000698:	4628      	mov	r0, r5
 800069a:	e8bd 4038 	ldmia.w	sp!, {r3, r4, r5, lr}
 800069e:	f001 b9e1 	b.w	8001a64 <__malloc_unlock>
 80006a2:	bf00      	nop
 80006a4:	20000774 	.word	0x20000774

080006a8 <_malloc_r>:
 80006a8:	b5f8      	push	{r3, r4, r5, r6, r7, lr}
 80006aa:	1ccd      	adds	r5, r1, #3
 80006ac:	f025 0503 	bic.w	r5, r5, #3
 80006b0:	3508      	adds	r5, #8
 80006b2:	2d0c      	cmp	r5, #12
 80006b4:	bf38      	it	cc
 80006b6:	250c      	movcc	r5, #12
 80006b8:	2d00      	cmp	r5, #0
 80006ba:	4606      	mov	r6, r0
 80006bc:	db15      	blt.n	80006ea <_malloc_r+0x42>
 80006be:	42a9      	cmp	r1, r5
 80006c0:	d813      	bhi.n	80006ea <_malloc_r+0x42>
 80006c2:	4f25      	ldr	r7, [pc, #148]	@ (8000758 <_malloc_r+0xb0>)
 80006c4:	f001 f9cc 	bl	8001a60 <__malloc_lock>
 80006c8:	683a      	ldr	r2, [r7, #0]
 80006ca:	b192      	cbz	r2, 80006f2 <_malloc_r+0x4a>
 80006cc:	4614      	mov	r4, r2
 80006ce:	e003      	b.n	80006d8 <_malloc_r+0x30>
 80006d0:	6863      	ldr	r3, [r4, #4]
 80006d2:	4622      	mov	r2, r4
 80006d4:	b16b      	cbz	r3, 80006f2 <_malloc_r+0x4a>
 80006d6:	461c      	mov	r4, r3
 80006d8:	6823      	ldr	r3, [r4, #0]
 80006da:	1b5b      	subs	r3, r3, r5
 80006dc:	d4f8      	bmi.n	80006d0 <_malloc_r+0x28>
 80006de:	2b0b      	cmp	r3, #11
 80006e0:	d928      	bls.n	8000734 <_malloc_r+0x8c>
 80006e2:	6023      	str	r3, [r4, #0]
 80006e4:	441c      	add	r4, r3
 80006e6:	6025      	str	r5, [r4, #0]
 80006e8:	e017      	b.n	800071a <_malloc_r+0x72>
 80006ea:	230c      	movs	r3, #12
 80006ec:	6033      	str	r3, [r6, #0]
 80006ee:	2000      	movs	r0, #0
 80006f0:	bdf8      	pop	{r3, r4, r5, r6, r7, pc}
 80006f2:	6879      	ldr	r1, [r7, #4]
 80006f4:	b351      	cbz	r1, 800074c <_malloc_r+0xa4>
 80006f6:	4629      	mov	r1, r5
 80006f8:	4630      	mov	r0, r6
 80006fa:	f000 fba9 	bl	8000e50 <_sbrk_r>
 80006fe:	1c43      	adds	r3, r0, #1
 8000700:	d01e      	beq.n	8000740 <_malloc_r+0x98>
 8000702:	1cc4      	adds	r4, r0, #3
 8000704:	f024 0403 	bic.w	r4, r4, #3
 8000708:	42a0      	cmp	r0, r4
 800070a:	d005      	beq.n	8000718 <_malloc_r+0x70>
 800070c:	1a21      	subs	r1, r4, r0
 800070e:	4630      	mov	r0, r6
 8000710:	f000 fb9e 	bl	8000e50 <_sbrk_r>
 8000714:	3001      	adds	r0, #1
 8000716:	d013      	beq.n	8000740 <_malloc_r+0x98>
 8000718:	6025      	str	r5, [r4, #0]
 800071a:	4630      	mov	r0, r6
 800071c:	f001 f9a2 	bl	8001a64 <__malloc_unlock>
 8000720:	f104 000b 	add.w	r0, r4, #11
 8000724:	1d23      	adds	r3, r4, #4
 8000726:	f020 0007 	bic.w	r0, r0, #7
 800072a:	1ac2      	subs	r2, r0, r3
 800072c:	bf1c      	itt	ne
 800072e:	1a1b      	subne	r3, r3, r0
 8000730:	50a3      	strne	r3, [r4, r2]
 8000732:	bdf8      	pop	{r3, r4, r5, r6, r7, pc}
 8000734:	6863      	ldr	r3, [r4, #4]
 8000736:	4294      	cmp	r4, r2
 8000738:	bf0c      	ite	eq
 800073a:	603b      	streq	r3, [r7, #0]
 800073c:	6053      	strne	r3, [r2, #4]
 800073e:	e7ec      	b.n	800071a <_malloc_r+0x72>
 8000740:	230c      	movs	r3, #12
 8000742:	6033      	str	r3, [r6, #0]
 8000744:	4630      	mov	r0, r6
 8000746:	f001 f98d 	bl	8001a64 <__malloc_unlock>
 800074a:	e7d0      	b.n	80006ee <_malloc_r+0x46>
 800074c:	4630      	mov	r0, r6
 800074e:	f000 fb7f 	bl	8000e50 <_sbrk_r>
 8000752:	6078      	str	r0, [r7, #4]
 8000754:	e7cf      	b.n	80006f6 <_malloc_r+0x4e>
 8000756:	bf00      	nop
 8000758:	20000774 	.word	0x20000774

0800075c <__sfputc_r>:
 800075c:	6893      	ldr	r3, [r2, #8]
 800075e:	3b01      	subs	r3, #1
 8000760:	2b00      	cmp	r3, #0
 8000762:	6093      	str	r3, [r2, #8]
 8000764:	da05      	bge.n	8000772 <__sfputc_r+0x16>
 8000766:	f8d2 c018 	ldr.w	ip, [r2, #24]
 800076a:	4563      	cmp	r3, ip
 800076c:	db07      	blt.n	800077e <__sfputc_r+0x22>
 800076e:	290a      	cmp	r1, #10
 8000770:	d005      	beq.n	800077e <__sfputc_r+0x22>
 8000772:	6813      	ldr	r3, [r2, #0]
 8000774:	1c58      	adds	r0, r3, #1
 8000776:	6010      	str	r0, [r2, #0]
 8000778:	7019      	strb	r1, [r3, #0]
 800077a:	4608      	mov	r0, r1
 800077c:	4770      	bx	lr
 800077e:	f000 bb79 	b.w	8000e74 <__swbuf_r>
 8000782:	bf00      	nop

08000784 <__sfputs_r>:
 8000784:	b19b      	cbz	r3, 80007ae <__sfputs_r+0x2a>
 8000786:	b5f8      	push	{r3, r4, r5, r6, r7, lr}
 8000788:	4413      	add	r3, r2
 800078a:	4606      	mov	r6, r0
 800078c:	460f      	mov	r7, r1
 800078e:	1e54      	subs	r4, r2, #1
 8000790:	1e5d      	subs	r5, r3, #1
 8000792:	e001      	b.n	8000798 <__sfputs_r+0x14>
 8000794:	42ac      	cmp	r4, r5
 8000796:	d008      	beq.n	80007aa <__sfputs_r+0x26>
 8000798:	f814 1f01 	ldrb.w	r1, [r4, #1]!
 800079c:	463a      	mov	r2, r7
 800079e:	4630      	mov	r0, r6
 80007a0:	f7ff ffdc 	bl	800075c <__sfputc_r>
 80007a4:	1c43      	adds	r3, r0, #1
 80007a6:	d1f5      	bne.n	8000794 <__sfputs_r+0x10>
 80007a8:	bdf8      	pop	{r3, r4, r5, r6, r7, pc}
 80007aa:	2000      	movs	r0, #0
 80007ac:	bdf8      	pop	{r3, r4, r5, r6, r7, pc}
 80007ae:	2000      	movs	r0, #0
 80007b0:	4770      	bx	lr
 80007b2:	bf00      	nop

080007b4 <__sprint_r>:
 80007b4:	6893      	ldr	r3, [r2, #8]
 80007b6:	b510      	push	{r4, lr}
 80007b8:	4614      	mov	r4, r2
 80007ba:	b91b      	cbnz	r3, 80007c4 <__sprint_r+0x10>
 80007bc:	4618      	mov	r0, r3
 80007be:	2300      	movs	r3, #0
 80007c0:	6063      	str	r3, [r4, #4]
 80007c2:	bd10      	pop	{r4, pc}
 80007c4:	f000 fe40 	bl	8001448 <__sfvwrite_r>
 80007c8:	2300      	movs	r3, #0
 80007ca:	60a3      	str	r3, [r4, #8]
 80007cc:	2300      	movs	r3, #0
 80007ce:	6063      	str	r3, [r4, #4]
 80007d0:	bd10      	pop	{r4, pc}
 80007d2:	bf00      	nop

080007d4 <_vfiprintf_r>:
 80007d4:	e92d 4ff0 	stmdb	sp!, {r4, r5, r6, r7, r8, r9, sl, fp, lr}
 80007d8:	b0a1      	sub	sp, #132	@ 0x84
 80007da:	468a      	mov	sl, r1
 80007dc:	4615      	mov	r5, r2
 80007de:	461c      	mov	r4, r3
 80007e0:	9003      	str	r0, [sp, #12]
 80007e2:	b118      	cbz	r0, 80007ec <_vfiprintf_r+0x18>
 80007e4:	6983      	ldr	r3, [r0, #24]
 80007e6:	2b00      	cmp	r3, #0
 80007e8:	f000 809f 	beq.w	800092a <_vfiprintf_r+0x156>
 80007ec:	4b96      	ldr	r3, [pc, #600]	@ (8000a48 <_vfiprintf_r+0x274>)
 80007ee:	459a      	cmp	sl, r3
 80007f0:	f000 80a1 	beq.w	8000936 <_vfiprintf_r+0x162>
 80007f4:	4b95      	ldr	r3, [pc, #596]	@ (8000a4c <_vfiprintf_r+0x278>)
 80007f6:	459a      	cmp	sl, r3
 80007f8:	f000 80af 	beq.w	800095a <_vfiprintf_r+0x186>
 80007fc:	4b94      	ldr	r3, [pc, #592]	@ (8000a50 <_vfiprintf_r+0x27c>)
 80007fe:	459a      	cmp	sl, r3
 8000800:	bf04      	itt	eq
 8000802:	9b03      	ldreq	r3, [sp, #12]
 8000804:	f8d3 a00c 	ldreq.w	sl, [r3, #12]
 8000808:	f8ba 300c 	ldrh.w	r3, [sl, #12]
 800080c:	0718      	lsls	r0, r3, #28
 800080e:	f140 809a 	bpl.w	8000946 <_vfiprintf_r+0x172>
 8000812:	f8da 3010 	ldr.w	r3, [sl, #16]
 8000816:	2b00      	cmp	r3, #0
 8000818:	f000 8095 	beq.w	8000946 <_vfiprintf_r+0x172>
 800081c:	2300      	movs	r3, #0
 800081e:	930d      	str	r3, [sp, #52]	@ 0x34
 8000820:	f243 0320 	movw	r3, #12320	@ 0x3020
 8000824:	f8ad 3039 	strh.w	r3, [sp, #57]	@ 0x39
 8000828:	782b      	ldrb	r3, [r5, #0]
 800082a:	4e8a      	ldr	r6, [pc, #552]	@ (8000a54 <_vfiprintf_r+0x280>)
 800082c:	9407      	str	r4, [sp, #28]
 800082e:	2701      	movs	r7, #1
 8000830:	46d9      	mov	r9, fp
 8000832:	2b00      	cmp	r3, #0
 8000834:	d071      	beq.n	800091a <_vfiprintf_r+0x146>
 8000836:	462c      	mov	r4, r5
 8000838:	e004      	b.n	8000844 <_vfiprintf_r+0x70>
 800083a:	f814 3f01 	ldrb.w	r3, [r4, #1]!
 800083e:	2b00      	cmp	r3, #0
 8000840:	f000 808f 	beq.w	8000962 <_vfiprintf_r+0x18e>
 8000844:	2b25      	cmp	r3, #37	@ 0x25
 8000846:	d1f8      	bne.n	800083a <_vfiprintf_r+0x66>
 8000848:	ebb4 0b05 	subs.w	fp, r4, r5
 800084c:	f040 808c 	bne.w	8000968 <_vfiprintf_r+0x194>
 8000850:	7823      	ldrb	r3, [r4, #0]
 8000852:	2b00      	cmp	r3, #0
 8000854:	d061      	beq.n	800091a <_vfiprintf_r+0x146>
 8000856:	2300      	movs	r3, #0
 8000858:	f04f 32ff 	mov.w	r2, #4294967295	@ 0xffffffff
 800085c:	e9cd 2309 	strd	r2, r3, [sp, #36]	@ 0x24
 8000860:	9308      	str	r3, [sp, #32]
 8000862:	930b      	str	r3, [sp, #44]	@ 0x2c
 8000864:	f88d 3063 	strb.w	r3, [sp, #99]	@ 0x63
 8000868:	931e      	str	r3, [sp, #120]	@ 0x78
 800086a:	3401      	adds	r4, #1
 800086c:	e004      	b.n	8000878 <_vfiprintf_r+0xa4>
 800086e:	9a08      	ldr	r2, [sp, #32]
 8000870:	fa07 f303 	lsl.w	r3, r7, r3
 8000874:	431a      	orrs	r2, r3
 8000876:	9208      	str	r2, [sp, #32]
 8000878:	4625      	mov	r5, r4
 800087a:	2205      	movs	r2, #5
 800087c:	f814 1b01 	ldrb.w	r1, [r4], #1
 8000880:	4630      	mov	r0, r6
 8000882:	f001 f81d 	bl	80018c0 <memchr>
 8000886:	1b83      	subs	r3, r0, r6
 8000888:	2800      	cmp	r0, #0
 800088a:	d1f0      	bne.n	800086e <_vfiprintf_r+0x9a>
 800088c:	9b08      	ldr	r3, [sp, #32]
 800088e:	06d9      	lsls	r1, r3, #27
 8000890:	bf44      	itt	mi
 8000892:	2220      	movmi	r2, #32
 8000894:	f88d 2063 	strbmi.w	r2, [sp, #99]	@ 0x63
 8000898:	7829      	ldrb	r1, [r5, #0]
 800089a:	071a      	lsls	r2, r3, #28
 800089c:	bf44      	itt	mi
 800089e:	222b      	movmi	r2, #43	@ 0x2b
 80008a0:	f88d 2063 	strbmi.w	r2, [sp, #99]	@ 0x63
 80008a4:	292a      	cmp	r1, #42	@ 0x2a
 80008a6:	d177      	bne.n	8000998 <_vfiprintf_r+0x1c4>
 80008a8:	9a07      	ldr	r2, [sp, #28]
 80008aa:	6811      	ldr	r1, [r2, #0]
 80008ac:	3204      	adds	r2, #4
 80008ae:	2900      	cmp	r1, #0
 80008b0:	9207      	str	r2, [sp, #28]
 80008b2:	f2c0 80a4 	blt.w	80009fe <_vfiprintf_r+0x22a>
 80008b6:	910b      	str	r1, [sp, #44]	@ 0x2c
 80008b8:	7869      	ldrb	r1, [r5, #1]
 80008ba:	3501      	adds	r5, #1
 80008bc:	292e      	cmp	r1, #46	@ 0x2e
 80008be:	d07d      	beq.n	80009bc <_vfiprintf_r+0x1e8>
 80008c0:	4c65      	ldr	r4, [pc, #404]	@ (8000a58 <_vfiprintf_r+0x284>)
 80008c2:	2203      	movs	r2, #3
 80008c4:	4620      	mov	r0, r4
 80008c6:	f000 fffb 	bl	80018c0 <memchr>
 80008ca:	b130      	cbz	r0, 80008da <_vfiprintf_r+0x106>
 80008cc:	9b08      	ldr	r3, [sp, #32]
 80008ce:	1b00      	subs	r0, r0, r4
 80008d0:	2240      	movs	r2, #64	@ 0x40
 80008d2:	4082      	lsls	r2, r0
 80008d4:	4313      	orrs	r3, r2
 80008d6:	9308      	str	r3, [sp, #32]
 80008d8:	3501      	adds	r5, #1
 80008da:	f815 1b01 	ldrb.w	r1, [r5], #1
 80008de:	485f      	ldr	r0, [pc, #380]	@ (8000a5c <_vfiprintf_r+0x288>)
 80008e0:	f88d 1038 	strb.w	r1, [sp, #56]	@ 0x38
 80008e4:	2206      	movs	r2, #6
 80008e6:	f000 ffeb 	bl	80018c0 <memchr>
 80008ea:	2800      	cmp	r0, #0
 80008ec:	f000 808d 	beq.w	8000a0a <_vfiprintf_r+0x236>
 80008f0:	4b5b      	ldr	r3, [pc, #364]	@ (8000a60 <_vfiprintf_r+0x28c>)
 80008f2:	2b00      	cmp	r3, #0
 80008f4:	d075      	beq.n	80009e2 <_vfiprintf_r+0x20e>
 80008f6:	aa07      	add	r2, sp, #28
 80008f8:	9200      	str	r2, [sp, #0]
 80008fa:	4b5a      	ldr	r3, [pc, #360]	@ (8000a64 <_vfiprintf_r+0x290>)
 80008fc:	9803      	ldr	r0, [sp, #12]
 80008fe:	4652      	mov	r2, sl
 8000900:	a908      	add	r1, sp, #32
 8000902:	f3af 8000 	nop.w
 8000906:	4681      	mov	r9, r0
 8000908:	f1b9 3fff 	cmp.w	r9, #4294967295	@ 0xffffffff
 800090c:	d005      	beq.n	800091a <_vfiprintf_r+0x146>
 800090e:	9b0d      	ldr	r3, [sp, #52]	@ 0x34
 8000910:	444b      	add	r3, r9
 8000912:	930d      	str	r3, [sp, #52]	@ 0x34
 8000914:	782b      	ldrb	r3, [r5, #0]
 8000916:	2b00      	cmp	r3, #0
 8000918:	d18d      	bne.n	8000836 <_vfiprintf_r+0x62>
 800091a:	f8ba 300c 	ldrh.w	r3, [sl, #12]
 800091e:	065b      	lsls	r3, r3, #25
 8000920:	d418      	bmi.n	8000954 <_vfiprintf_r+0x180>
 8000922:	980d      	ldr	r0, [sp, #52]	@ 0x34
 8000924:	b021      	add	sp, #132	@ 0x84
 8000926:	e8bd 8ff0 	ldmia.w	sp!, {r4, r5, r6, r7, r8, r9, sl, fp, pc}
 800092a:	f000 fd6d 	bl	8001408 <__sinit>
 800092e:	4b46      	ldr	r3, [pc, #280]	@ (8000a48 <_vfiprintf_r+0x274>)
 8000930:	459a      	cmp	sl, r3
 8000932:	f47f af5f 	bne.w	80007f4 <_vfiprintf_r+0x20>
 8000936:	9b03      	ldr	r3, [sp, #12]
 8000938:	f8d3 a004 	ldr.w	sl, [r3, #4]
 800093c:	f8ba 300c 	ldrh.w	r3, [sl, #12]
 8000940:	0718      	lsls	r0, r3, #28
 8000942:	f53f af66 	bmi.w	8000812 <_vfiprintf_r+0x3e>
 8000946:	9803      	ldr	r0, [sp, #12]
 8000948:	4651      	mov	r1, sl
 800094a:	f000 faf7 	bl	8000f3c <__swsetup_r>
 800094e:	2800      	cmp	r0, #0
 8000950:	f43f af64 	beq.w	800081c <_vfiprintf_r+0x48>
 8000954:	f04f 30ff 	mov.w	r0, #4294967295	@ 0xffffffff
 8000958:	e7e4      	b.n	8000924 <_vfiprintf_r+0x150>
 800095a:	9b03      	ldr	r3, [sp, #12]
 800095c:	f8d3 a008 	ldr.w	sl, [r3, #8]
 8000960:	e752      	b.n	8000808 <_vfiprintf_r+0x34>
 8000962:	ebb4 0b05 	subs.w	fp, r4, r5
 8000966:	d0d8      	beq.n	800091a <_vfiprintf_r+0x146>
 8000968:	f105 38ff 	add.w	r8, r5, #4294967295	@ 0xffffffff
 800096c:	e9cd 9404 	strd	r9, r4, [sp, #16]
 8000970:	4644      	mov	r4, r8
 8000972:	46a8      	mov	r8, r5
 8000974:	9d03      	ldr	r5, [sp, #12]
 8000976:	e001      	b.n	800097c <_vfiprintf_r+0x1a8>
 8000978:	45cb      	cmp	fp, r9
 800097a:	d939      	bls.n	80009f0 <_vfiprintf_r+0x21c>
 800097c:	46a1      	mov	r9, r4
 800097e:	4652      	mov	r2, sl
 8000980:	f814 1f01 	ldrb.w	r1, [r4, #1]!
 8000984:	4628      	mov	r0, r5
 8000986:	f7ff fee9 	bl	800075c <__sfputc_r>
 800098a:	f109 0902 	add.w	r9, r9, #2
 800098e:	3001      	adds	r0, #1
 8000990:	eba9 0908 	sub.w	r9, r9, r8
 8000994:	d1f0      	bne.n	8000978 <_vfiprintf_r+0x1a4>
 8000996:	e7c0      	b.n	800091a <_vfiprintf_r+0x146>
 8000998:	f1a1 0230 	sub.w	r2, r1, #48	@ 0x30
 800099c:	2a09      	cmp	r2, #9
 800099e:	d88d      	bhi.n	80008bc <_vfiprintf_r+0xe8>
 80009a0:	9b0b      	ldr	r3, [sp, #44]	@ 0x2c
 80009a2:	f815 1f01 	ldrb.w	r1, [r5, #1]!
 80009a6:	eb03 0383 	add.w	r3, r3, r3, lsl #2
 80009aa:	eb02 0343 	add.w	r3, r2, r3, lsl #1
 80009ae:	f1a1 0230 	sub.w	r2, r1, #48	@ 0x30
 80009b2:	2a09      	cmp	r2, #9
 80009b4:	d9f5      	bls.n	80009a2 <_vfiprintf_r+0x1ce>
 80009b6:	292e      	cmp	r1, #46	@ 0x2e
 80009b8:	930b      	str	r3, [sp, #44]	@ 0x2c
 80009ba:	d181      	bne.n	80008c0 <_vfiprintf_r+0xec>
 80009bc:	7869      	ldrb	r1, [r5, #1]
 80009be:	292a      	cmp	r1, #42	@ 0x2a
 80009c0:	d12d      	bne.n	8000a1e <_vfiprintf_r+0x24a>
 80009c2:	9b07      	ldr	r3, [sp, #28]
 80009c4:	78a9      	ldrb	r1, [r5, #2]
 80009c6:	681a      	ldr	r2, [r3, #0]
 80009c8:	9209      	str	r2, [sp, #36]	@ 0x24
 80009ca:	3304      	adds	r3, #4
 80009cc:	2a00      	cmp	r2, #0
 80009ce:	f105 0002 	add.w	r0, r5, #2
 80009d2:	9307      	str	r3, [sp, #28]
 80009d4:	bfb8      	it	lt
 80009d6:	f04f 33ff 	movlt.w	r3, #4294967295	@ 0xffffffff
 80009da:	4605      	mov	r5, r0
 80009dc:	bfb8      	it	lt
 80009de:	9309      	strlt	r3, [sp, #36]	@ 0x24
 80009e0:	e76e      	b.n	80008c0 <_vfiprintf_r+0xec>
 80009e2:	9b07      	ldr	r3, [sp, #28]
 80009e4:	3307      	adds	r3, #7
 80009e6:	f023 0307 	bic.w	r3, r3, #7
 80009ea:	3308      	adds	r3, #8
 80009ec:	9307      	str	r3, [sp, #28]
 80009ee:	e78e      	b.n	800090e <_vfiprintf_r+0x13a>
 80009f0:	990d      	ldr	r1, [sp, #52]	@ 0x34
 80009f2:	e9dd 9404 	ldrd	r9, r4, [sp, #16]
 80009f6:	4459      	add	r1, fp
 80009f8:	7823      	ldrb	r3, [r4, #0]
 80009fa:	910d      	str	r1, [sp, #52]	@ 0x34
 80009fc:	e729      	b.n	8000852 <_vfiprintf_r+0x7e>
 80009fe:	4249      	negs	r1, r1
 8000a00:	f043 0302 	orr.w	r3, r3, #2
 8000a04:	910b      	str	r1, [sp, #44]	@ 0x2c
 8000a06:	9308      	str	r3, [sp, #32]
 8000a08:	e756      	b.n	80008b8 <_vfiprintf_r+0xe4>
 8000a0a:	aa07      	add	r2, sp, #28
 8000a0c:	9200      	str	r2, [sp, #0]
 8000a0e:	4b15      	ldr	r3, [pc, #84]	@ (8000a64 <_vfiprintf_r+0x290>)
 8000a10:	9803      	ldr	r0, [sp, #12]
 8000a12:	4652      	mov	r2, sl
 8000a14:	a908      	add	r1, sp, #32
 8000a16:	f000 f8c7 	bl	8000ba8 <_printf_i>
 8000a1a:	4681      	mov	r9, r0
 8000a1c:	e774      	b.n	8000908 <_vfiprintf_r+0x134>
 8000a1e:	f1a1 0230 	sub.w	r2, r1, #48	@ 0x30
 8000a22:	2300      	movs	r3, #0
 8000a24:	2a09      	cmp	r2, #9
 8000a26:	9309      	str	r3, [sp, #36]	@ 0x24
 8000a28:	f105 0501 	add.w	r5, r5, #1
 8000a2c:	f63f af48 	bhi.w	80008c0 <_vfiprintf_r+0xec>
 8000a30:	f815 1f01 	ldrb.w	r1, [r5, #1]!
 8000a34:	eb03 0383 	add.w	r3, r3, r3, lsl #2
 8000a38:	eb02 0343 	add.w	r3, r2, r3, lsl #1
 8000a3c:	f1a1 0230 	sub.w	r2, r1, #48	@ 0x30
 8000a40:	2a09      	cmp	r2, #9
 8000a42:	d9f5      	bls.n	8000a30 <_vfiprintf_r+0x25c>
 8000a44:	9309      	str	r3, [sp, #36]	@ 0x24
 8000a46:	e73b      	b.n	80008c0 <_vfiprintf_r+0xec>
 8000a48:	08003cd4 	.word	0x08003cd4
 8000a4c:	08003cb4 	.word	0x08003cb4
 8000a50:	08003c94 	.word	0x08003c94
 8000a54:	08003d80 	.word	0x08003d80
 8000a58:	08003d88 	.word	0x08003d88
 8000a5c:	08003d8c 	.word	0x08003d8c
 8000a60:	00000000 	.word	0x00000000
 8000a64:	08000785 	.word	0x08000785

08000a68 <vfiprintf>:
 8000a68:	b410      	push	{r4}
 8000a6a:	4c04      	ldr	r4, [pc, #16]	@ (8000a7c <vfiprintf+0x14>)
 8000a6c:	4684      	mov	ip, r0
 8000a6e:	4613      	mov	r3, r2
 8000a70:	6820      	ldr	r0, [r4, #0]
 8000a72:	bc10      	pop	{r4}
 8000a74:	460a      	mov	r2, r1
 8000a76:	4661      	mov	r1, ip
 8000a78:	f7ff beac 	b.w	80007d4 <_vfiprintf_r>
 8000a7c:	20000000 	.word	0x20000000

08000a80 <_printf_common>:
 8000a80:	e92d 4ff8 	stmdb	sp!, {r3, r4, r5, r6, r7, r8, r9, sl, fp, lr}
 8000a84:	4692      	mov	sl, r2
 8000a86:	461f      	mov	r7, r3
 8000a88:	690a      	ldr	r2, [r1, #16]
 8000a8a:	688b      	ldr	r3, [r1, #8]
 8000a8c:	f8dd 9028 	ldr.w	r9, [sp, #40]	@ 0x28
 8000a90:	429a      	cmp	r2, r3
 8000a92:	bfb8      	it	lt
 8000a94:	461a      	movlt	r2, r3
 8000a96:	f8ca 2000 	str.w	r2, [sl]
 8000a9a:	f891 3043 	ldrb.w	r3, [r1, #67]	@ 0x43
 8000a9e:	460c      	mov	r4, r1
 8000aa0:	4606      	mov	r6, r0
 8000aa2:	b113      	cbz	r3, 8000aaa <_printf_common+0x2a>
 8000aa4:	3201      	adds	r2, #1
 8000aa6:	f8ca 2000 	str.w	r2, [sl]
 8000aaa:	6822      	ldr	r2, [r4, #0]
 8000aac:	0691      	lsls	r1, r2, #26
 8000aae:	d55f      	bpl.n	8000b70 <_printf_common+0xf0>
 8000ab0:	f8da 3000 	ldr.w	r3, [sl]
 8000ab4:	3302      	adds	r3, #2
 8000ab6:	f8ca 3000 	str.w	r3, [sl]
 8000aba:	6822      	ldr	r2, [r4, #0]
 8000abc:	f012 0f06 	tst.w	r2, #6
 8000ac0:	4611      	mov	r1, r2
 8000ac2:	d11d      	bne.n	8000b00 <_printf_common+0x80>
 8000ac4:	68e1      	ldr	r1, [r4, #12]
 8000ac6:	4299      	cmp	r1, r3
 8000ac8:	bfd8      	it	le
 8000aca:	4611      	movle	r1, r2
 8000acc:	dd18      	ble.n	8000b00 <_printf_common+0x80>
 8000ace:	f104 0b19 	add.w	fp, r4, #25
 8000ad2:	f04f 0800 	mov.w	r8, #0
 8000ad6:	e005      	b.n	8000ae4 <_printf_common+0x64>
 8000ad8:	68e5      	ldr	r5, [r4, #12]
 8000ada:	f8da 3000 	ldr.w	r3, [sl]
 8000ade:	1aed      	subs	r5, r5, r3
 8000ae0:	4545      	cmp	r5, r8
 8000ae2:	dd0c      	ble.n	8000afe <_printf_common+0x7e>
 8000ae4:	2301      	movs	r3, #1
 8000ae6:	465a      	mov	r2, fp
 8000ae8:	4639      	mov	r1, r7
 8000aea:	4630      	mov	r0, r6
 8000aec:	47c8      	blx	r9
 8000aee:	3001      	adds	r0, #1
 8000af0:	f108 0801 	add.w	r8, r8, #1
 8000af4:	d1f0      	bne.n	8000ad8 <_printf_common+0x58>
 8000af6:	f04f 30ff 	mov.w	r0, #4294967295	@ 0xffffffff
 8000afa:	e8bd 8ff8 	ldmia.w	sp!, {r3, r4, r5, r6, r7, r8, r9, sl, fp, pc}
 8000afe:	6821      	ldr	r1, [r4, #0]
 8000b00:	f894 3043 	ldrb.w	r3, [r4, #67]	@ 0x43
 8000b04:	3b00      	subs	r3, #0
 8000b06:	bf18      	it	ne
 8000b08:	2301      	movne	r3, #1
 8000b0a:	068a      	lsls	r2, r1, #26
 8000b0c:	d50a      	bpl.n	8000b24 <_printf_common+0xa4>
 8000b0e:	18e1      	adds	r1, r4, r3
 8000b10:	1c5a      	adds	r2, r3, #1
 8000b12:	2030      	movs	r0, #48	@ 0x30
 8000b14:	f881 0043 	strb.w	r0, [r1, #67]	@ 0x43
 8000b18:	4422      	add	r2, r4
 8000b1a:	f894 1045 	ldrb.w	r1, [r4, #69]	@ 0x45
 8000b1e:	f882 1043 	strb.w	r1, [r2, #67]	@ 0x43
 8000b22:	3302      	adds	r3, #2
 8000b24:	f104 0243 	add.w	r2, r4, #67	@ 0x43
 8000b28:	4639      	mov	r1, r7
 8000b2a:	4630      	mov	r0, r6
 8000b2c:	47c8      	blx	r9
 8000b2e:	3001      	adds	r0, #1
 8000b30:	d0e1      	beq.n	8000af6 <_printf_common+0x76>
 8000b32:	6823      	ldr	r3, [r4, #0]
 8000b34:	f8da 1000 	ldr.w	r1, [sl]
 8000b38:	68e2      	ldr	r2, [r4, #12]
 8000b3a:	f003 0306 	and.w	r3, r3, #6
 8000b3e:	2b04      	cmp	r3, #4
 8000b40:	d01d      	beq.n	8000b7e <_printf_common+0xfe>
 8000b42:	68a3      	ldr	r3, [r4, #8]
 8000b44:	6922      	ldr	r2, [r4, #16]
 8000b46:	4293      	cmp	r3, r2
 8000b48:	dd22      	ble.n	8000b90 <_printf_common+0x110>
 8000b4a:	f04f 0800 	mov.w	r8, #0
 8000b4e:	1a9b      	subs	r3, r3, r2
 8000b50:	4498      	add	r8, r3
 8000b52:	341a      	adds	r4, #26
 8000b54:	2500      	movs	r5, #0
 8000b56:	e001      	b.n	8000b5c <_printf_common+0xdc>
 8000b58:	4545      	cmp	r5, r8
 8000b5a:	da19      	bge.n	8000b90 <_printf_common+0x110>
 8000b5c:	2301      	movs	r3, #1
 8000b5e:	4622      	mov	r2, r4
 8000b60:	4639      	mov	r1, r7
 8000b62:	4630      	mov	r0, r6
 8000b64:	47c8      	blx	r9
 8000b66:	3001      	adds	r0, #1
 8000b68:	f105 0501 	add.w	r5, r5, #1
 8000b6c:	d1f4      	bne.n	8000b58 <_printf_common+0xd8>
 8000b6e:	e7c2      	b.n	8000af6 <_printf_common+0x76>
 8000b70:	f012 0f06 	tst.w	r2, #6
 8000b74:	d00f      	beq.n	8000b96 <_printf_common+0x116>
 8000b76:	3b00      	subs	r3, #0
 8000b78:	bf18      	it	ne
 8000b7a:	2301      	movne	r3, #1
 8000b7c:	e7d2      	b.n	8000b24 <_printf_common+0xa4>
 8000b7e:	1a51      	subs	r1, r2, r1
 8000b80:	68a3      	ldr	r3, [r4, #8]
 8000b82:	6922      	ldr	r2, [r4, #16]
 8000b84:	4293      	cmp	r3, r2
 8000b86:	ea21 78e1 	bic.w	r8, r1, r1, asr #31
 8000b8a:	dce0      	bgt.n	8000b4e <_printf_common+0xce>
 8000b8c:	2900      	cmp	r1, #0
 8000b8e:	dce0      	bgt.n	8000b52 <_printf_common+0xd2>
 8000b90:	2000      	movs	r0, #0
 8000b92:	e8bd 8ff8 	ldmia.w	sp!, {r3, r4, r5, r6, r7, r8, r9, sl, fp, pc}
 8000b96:	68e1      	ldr	r1, [r4, #12]
 8000b98:	f8da 3000 	ldr.w	r3, [sl]
 8000b9c:	4299      	cmp	r1, r3
 8000b9e:	bfd8      	it	le
 8000ba0:	4611      	movle	r1, r2
 8000ba2:	dc94      	bgt.n	8000ace <_printf_common+0x4e>
 8000ba4:	e7ac      	b.n	8000b00 <_printf_common+0x80>
 8000ba6:	bf00      	nop

08000ba8 <_printf_i>:
 8000ba8:	e92d 47f0 	stmdb	sp!, {r4, r5, r6, r7, r8, r9, sl, lr}
 8000bac:	4617      	mov	r7, r2
 8000bae:	b084      	sub	sp, #16
 8000bb0:	7e0a      	ldrb	r2, [r1, #24]
 8000bb2:	9d0c      	ldr	r5, [sp, #48]	@ 0x30
 8000bb4:	460c      	mov	r4, r1
 8000bb6:	4606      	mov	r6, r0
 8000bb8:	4698      	mov	r8, r3
 8000bba:	f101 0c43 	add.w	ip, r1, #67	@ 0x43
 8000bbe:	2a00      	cmp	r2, #0
 8000bc0:	d033      	beq.n	8000c2a <_printf_i+0x82>
 8000bc2:	f1a2 0358 	sub.w	r3, r2, #88	@ 0x58
 8000bc6:	b2d9      	uxtb	r1, r3
 8000bc8:	2920      	cmp	r1, #32
 8000bca:	d867      	bhi.n	8000c9c <_printf_i+0xf4>
 8000bcc:	2b20      	cmp	r3, #32
 8000bce:	d865      	bhi.n	8000c9c <_printf_i+0xf4>
 8000bd0:	e8df f013 	tbh	[pc, r3, lsl #1]
 8000bd4:	006400de 	.word	0x006400de
 8000bd8:	00640064 	.word	0x00640064
 8000bdc:	00640064 	.word	0x00640064
 8000be0:	00640064 	.word	0x00640064
 8000be4:	00640064 	.word	0x00640064
 8000be8:	00a70064 	.word	0x00a70064
 8000bec:	0064006e 	.word	0x0064006e
 8000bf0:	00640064 	.word	0x00640064
 8000bf4:	006e0064 	.word	0x006e0064
 8000bf8:	00640064 	.word	0x00640064
 8000bfc:	00640064 	.word	0x00640064
 8000c00:	00800021 	.word	0x00800021
 8000c04:	006400c1 	.word	0x006400c1
 8000c08:	00b10064 	.word	0x00b10064
 8000c0c:	00800064 	.word	0x00800064
 8000c10:	00640064 	.word	0x00640064
 8000c14:	00e4      	.short	0x00e4
 8000c16:	6823      	ldr	r3, [r4, #0]
 8000c18:	061a      	lsls	r2, r3, #24
 8000c1a:	f140 80e1 	bpl.w	8000de0 <_printf_i+0x238>
 8000c1e:	682b      	ldr	r3, [r5, #0]
 8000c20:	6962      	ldr	r2, [r4, #20]
 8000c22:	1d19      	adds	r1, r3, #4
 8000c24:	6029      	str	r1, [r5, #0]
 8000c26:	681b      	ldr	r3, [r3, #0]
 8000c28:	601a      	str	r2, [r3, #0]
 8000c2a:	2300      	movs	r3, #0
 8000c2c:	46e1      	mov	r9, ip
 8000c2e:	6123      	str	r3, [r4, #16]
 8000c30:	f8cd 8000 	str.w	r8, [sp]
 8000c34:	463b      	mov	r3, r7
 8000c36:	aa03      	add	r2, sp, #12
 8000c38:	4621      	mov	r1, r4
 8000c3a:	4630      	mov	r0, r6
 8000c3c:	f7ff ff20 	bl	8000a80 <_printf_common>
 8000c40:	3001      	adds	r0, #1
 8000c42:	d020      	beq.n	8000c86 <_printf_i+0xde>
 8000c44:	6923      	ldr	r3, [r4, #16]
 8000c46:	464a      	mov	r2, r9
 8000c48:	4639      	mov	r1, r7
 8000c4a:	4630      	mov	r0, r6
 8000c4c:	47c0      	blx	r8
 8000c4e:	3001      	adds	r0, #1
 8000c50:	d019      	beq.n	8000c86 <_printf_i+0xde>
 8000c52:	6823      	ldr	r3, [r4, #0]
 8000c54:	68e0      	ldr	r0, [r4, #12]
 8000c56:	f8dd 900c 	ldr.w	r9, [sp, #12]
 8000c5a:	079b      	lsls	r3, r3, #30
 8000c5c:	d518      	bpl.n	8000c90 <_printf_i+0xe8>
 8000c5e:	4548      	cmp	r0, r9
 8000c60:	dd16      	ble.n	8000c90 <_printf_i+0xe8>
 8000c62:	f104 0a19 	add.w	sl, r4, #25
 8000c66:	2500      	movs	r5, #0
 8000c68:	e004      	b.n	8000c74 <_printf_i+0xcc>
 8000c6a:	68e0      	ldr	r0, [r4, #12]
 8000c6c:	eba0 0309 	sub.w	r3, r0, r9
 8000c70:	42ab      	cmp	r3, r5
 8000c72:	dd0d      	ble.n	8000c90 <_printf_i+0xe8>
 8000c74:	2301      	movs	r3, #1
 8000c76:	4652      	mov	r2, sl
 8000c78:	4639      	mov	r1, r7
 8000c7a:	4630      	mov	r0, r6
 8000c7c:	47c0      	blx	r8
 8000c7e:	3001      	adds	r0, #1
 8000c80:	f105 0501 	add.w	r5, r5, #1
 8000c84:	d1f1      	bne.n	8000c6a <_printf_i+0xc2>
 8000c86:	f04f 30ff 	mov.w	r0, #4294967295	@ 0xffffffff
 8000c8a:	b004      	add	sp, #16
 8000c8c:	e8bd 87f0 	ldmia.w	sp!, {r4, r5, r6, r7, r8, r9, sl, pc}
 8000c90:	4548      	cmp	r0, r9
 8000c92:	bfb8      	it	lt
 8000c94:	4648      	movlt	r0, r9
 8000c96:	b004      	add	sp, #16
 8000c98:	e8bd 87f0 	ldmia.w	sp!, {r4, r5, r6, r7, r8, r9, sl, pc}
 8000c9c:	f884 2042 	strb.w	r2, [r4, #66]	@ 0x42
 8000ca0:	2001      	movs	r0, #1
 8000ca2:	f104 0942 	add.w	r9, r4, #66	@ 0x42
 8000ca6:	2300      	movs	r3, #0
 8000ca8:	6120      	str	r0, [r4, #16]
 8000caa:	f884 3043 	strb.w	r3, [r4, #67]	@ 0x43
 8000cae:	e7bf      	b.n	8000c30 <_printf_i+0x88>
 8000cb0:	6823      	ldr	r3, [r4, #0]
 8000cb2:	061a      	lsls	r2, r3, #24
 8000cb4:	d402      	bmi.n	8000cbc <_printf_i+0x114>
 8000cb6:	0658      	lsls	r0, r3, #25
 8000cb8:	f100 80a8 	bmi.w	8000e0c <_printf_i+0x264>
 8000cbc:	6829      	ldr	r1, [r5, #0]
 8000cbe:	680a      	ldr	r2, [r1, #0]
 8000cc0:	3104      	adds	r1, #4
 8000cc2:	6029      	str	r1, [r5, #0]
 8000cc4:	4611      	mov	r1, r2
 8000cc6:	2a00      	cmp	r2, #0
 8000cc8:	f2c0 80a7 	blt.w	8000e1a <_printf_i+0x272>
 8000ccc:	485e      	ldr	r0, [pc, #376]	@ (8000e48 <_printf_i+0x2a0>)
 8000cce:	f04f 0e0a 	mov.w	lr, #10
 8000cd2:	e011      	b.n	8000cf8 <_printf_i+0x150>
 8000cd4:	6823      	ldr	r3, [r4, #0]
 8000cd6:	0619      	lsls	r1, r3, #24
 8000cd8:	f140 808e 	bpl.w	8000df8 <_printf_i+0x250>
 8000cdc:	682b      	ldr	r3, [r5, #0]
 8000cde:	1d19      	adds	r1, r3, #4
 8000ce0:	6029      	str	r1, [r5, #0]
 8000ce2:	6819      	ldr	r1, [r3, #0]
 8000ce4:	4858      	ldr	r0, [pc, #352]	@ (8000e48 <_printf_i+0x2a0>)
 8000ce6:	2a6f      	cmp	r2, #111	@ 0x6f
 8000ce8:	bf14      	ite	ne
 8000cea:	f04f 0e0a 	movne.w	lr, #10
 8000cee:	f04f 0e08 	moveq.w	lr, #8
 8000cf2:	2300      	movs	r3, #0
 8000cf4:	f884 3043 	strb.w	r3, [r4, #67]	@ 0x43
 8000cf8:	6862      	ldr	r2, [r4, #4]
 8000cfa:	60a2      	str	r2, [r4, #8]
 8000cfc:	2a00      	cmp	r2, #0
 8000cfe:	db4f      	blt.n	8000da0 <_printf_i+0x1f8>
 8000d00:	6823      	ldr	r3, [r4, #0]
 8000d02:	f023 0304 	bic.w	r3, r3, #4
 8000d06:	6023      	str	r3, [r4, #0]
 8000d08:	2900      	cmp	r1, #0
 8000d0a:	d149      	bne.n	8000da0 <_printf_i+0x1f8>
 8000d0c:	2a00      	cmp	r2, #0
 8000d0e:	f040 8093 	bne.w	8000e38 <_printf_i+0x290>
 8000d12:	46e1      	mov	r9, ip
 8000d14:	f1be 0f08 	cmp.w	lr, #8
 8000d18:	d053      	beq.n	8000dc2 <_printf_i+0x21a>
 8000d1a:	ebac 0309 	sub.w	r3, ip, r9
 8000d1e:	6123      	str	r3, [r4, #16]
 8000d20:	e786      	b.n	8000c30 <_printf_i+0x88>
 8000d22:	682b      	ldr	r3, [r5, #0]
 8000d24:	681a      	ldr	r2, [r3, #0]
 8000d26:	3304      	adds	r3, #4
 8000d28:	602b      	str	r3, [r5, #0]
 8000d2a:	f104 0942 	add.w	r9, r4, #66	@ 0x42
 8000d2e:	f884 2042 	strb.w	r2, [r4, #66]	@ 0x42
 8000d32:	2001      	movs	r0, #1
 8000d34:	e7b7      	b.n	8000ca6 <_printf_i+0xfe>
 8000d36:	682b      	ldr	r3, [r5, #0]
 8000d38:	6862      	ldr	r2, [r4, #4]
 8000d3a:	1d19      	adds	r1, r3, #4
 8000d3c:	6029      	str	r1, [r5, #0]
 8000d3e:	f8d3 9000 	ldr.w	r9, [r3]
 8000d42:	2100      	movs	r1, #0
 8000d44:	4648      	mov	r0, r9
 8000d46:	f000 fdbb 	bl	80018c0 <memchr>
 8000d4a:	2800      	cmp	r0, #0
 8000d4c:	d07a      	beq.n	8000e44 <_printf_i+0x29c>
 8000d4e:	eba0 0009 	sub.w	r0, r0, r9
 8000d52:	6060      	str	r0, [r4, #4]
 8000d54:	e7a7      	b.n	8000ca6 <_printf_i+0xfe>
 8000d56:	6823      	ldr	r3, [r4, #0]
 8000d58:	f043 0320 	orr.w	r3, r3, #32
 8000d5c:	6023      	str	r3, [r4, #0]
 8000d5e:	2278      	movs	r2, #120	@ 0x78
 8000d60:	483a      	ldr	r0, [pc, #232]	@ (8000e4c <_printf_i+0x2a4>)
 8000d62:	f884 2045 	strb.w	r2, [r4, #69]	@ 0x45
 8000d66:	682a      	ldr	r2, [r5, #0]
 8000d68:	1d11      	adds	r1, r2, #4
 8000d6a:	6029      	str	r1, [r5, #0]
 8000d6c:	061d      	lsls	r5, r3, #24
 8000d6e:	d435      	bmi.n	8000ddc <_printf_i+0x234>
 8000d70:	0659      	lsls	r1, r3, #25
 8000d72:	d533      	bpl.n	8000ddc <_printf_i+0x234>
 8000d74:	8811      	ldrh	r1, [r2, #0]
 8000d76:	07dd      	lsls	r5, r3, #31
 8000d78:	bf44      	itt	mi
 8000d7a:	f043 0320 	orrmi.w	r3, r3, #32
 8000d7e:	6023      	strmi	r3, [r4, #0]
 8000d80:	b919      	cbnz	r1, 8000d8a <_printf_i+0x1e2>
 8000d82:	6823      	ldr	r3, [r4, #0]
 8000d84:	f023 0320 	bic.w	r3, r3, #32
 8000d88:	6023      	str	r3, [r4, #0]
 8000d8a:	f04f 0e10 	mov.w	lr, #16
 8000d8e:	e7b0      	b.n	8000cf2 <_printf_i+0x14a>
 8000d90:	2358      	movs	r3, #88	@ 0x58
 8000d92:	f884 3045 	strb.w	r3, [r4, #69]	@ 0x45
 8000d96:	482c      	ldr	r0, [pc, #176]	@ (8000e48 <_printf_i+0x2a0>)
 8000d98:	6823      	ldr	r3, [r4, #0]
 8000d9a:	e7e4      	b.n	8000d66 <_printf_i+0x1be>
 8000d9c:	6823      	ldr	r3, [r4, #0]
 8000d9e:	e7de      	b.n	8000d5e <_printf_i+0x1b6>
 8000da0:	4675      	mov	r5, lr
 8000da2:	46e1      	mov	r9, ip
 8000da4:	fbb1 f3f5 	udiv	r3, r1, r5
 8000da8:	fb05 1a13 	mls	sl, r5, r3, r1
 8000dac:	460a      	mov	r2, r1
 8000dae:	42aa      	cmp	r2, r5
 8000db0:	f810 100a 	ldrb.w	r1, [r0, sl]
 8000db4:	f809 1d01 	strb.w	r1, [r9, #-1]!
 8000db8:	4619      	mov	r1, r3
 8000dba:	d2f3      	bcs.n	8000da4 <_printf_i+0x1fc>
 8000dbc:	f1be 0f08 	cmp.w	lr, #8
 8000dc0:	d1ab      	bne.n	8000d1a <_printf_i+0x172>
 8000dc2:	6823      	ldr	r3, [r4, #0]
 8000dc4:	07d9      	lsls	r1, r3, #31
 8000dc6:	d5a8      	bpl.n	8000d1a <_printf_i+0x172>
 8000dc8:	6862      	ldr	r2, [r4, #4]
 8000dca:	6923      	ldr	r3, [r4, #16]
 8000dcc:	429a      	cmp	r2, r3
 8000dce:	dca4      	bgt.n	8000d1a <_printf_i+0x172>
 8000dd0:	2330      	movs	r3, #48	@ 0x30
 8000dd2:	f809 3c01 	strb.w	r3, [r9, #-1]
 8000dd6:	f109 39ff 	add.w	r9, r9, #4294967295	@ 0xffffffff
 8000dda:	e79e      	b.n	8000d1a <_printf_i+0x172>
 8000ddc:	6811      	ldr	r1, [r2, #0]
 8000dde:	e7ca      	b.n	8000d76 <_printf_i+0x1ce>
 8000de0:	f013 0f40 	tst.w	r3, #64	@ 0x40
 8000de4:	682b      	ldr	r3, [r5, #0]
 8000de6:	6962      	ldr	r2, [r4, #20]
 8000de8:	f103 0104 	add.w	r1, r3, #4
 8000dec:	6029      	str	r1, [r5, #0]
 8000dee:	681b      	ldr	r3, [r3, #0]
 8000df0:	bf14      	ite	ne
 8000df2:	801a      	strhne	r2, [r3, #0]
 8000df4:	601a      	streq	r2, [r3, #0]
 8000df6:	e718      	b.n	8000c2a <_printf_i+0x82>
 8000df8:	f013 0f40 	tst.w	r3, #64	@ 0x40
 8000dfc:	682b      	ldr	r3, [r5, #0]
 8000dfe:	f103 0104 	add.w	r1, r3, #4
 8000e02:	6029      	str	r1, [r5, #0]
 8000e04:	bf0c      	ite	eq
 8000e06:	6819      	ldreq	r1, [r3, #0]
 8000e08:	8819      	ldrhne	r1, [r3, #0]
 8000e0a:	e76b      	b.n	8000ce4 <_printf_i+0x13c>
 8000e0c:	682a      	ldr	r2, [r5, #0]
 8000e0e:	f9b2 1000 	ldrsh.w	r1, [r2]
 8000e12:	3204      	adds	r2, #4
 8000e14:	602a      	str	r2, [r5, #0]
 8000e16:	460a      	mov	r2, r1
 8000e18:	e755      	b.n	8000cc6 <_printf_i+0x11e>
 8000e1a:	6862      	ldr	r2, [r4, #4]
 8000e1c:	60a2      	str	r2, [r4, #8]
 8000e1e:	202d      	movs	r0, #45	@ 0x2d
 8000e20:	2a00      	cmp	r2, #0
 8000e22:	f884 0043 	strb.w	r0, [r4, #67]	@ 0x43
 8000e26:	db02      	blt.n	8000e2e <_printf_i+0x286>
 8000e28:	f023 0304 	bic.w	r3, r3, #4
 8000e2c:	6023      	str	r3, [r4, #0]
 8000e2e:	250a      	movs	r5, #10
 8000e30:	4805      	ldr	r0, [pc, #20]	@ (8000e48 <_printf_i+0x2a0>)
 8000e32:	4249      	negs	r1, r1
 8000e34:	46ae      	mov	lr, r5
 8000e36:	e7b4      	b.n	8000da2 <_printf_i+0x1fa>
 8000e38:	7803      	ldrb	r3, [r0, #0]
 8000e3a:	f884 3042 	strb.w	r3, [r4, #66]	@ 0x42
 8000e3e:	f104 0942 	add.w	r9, r4, #66	@ 0x42
 8000e42:	e767      	b.n	8000d14 <_printf_i+0x16c>
 8000e44:	6860      	ldr	r0, [r4, #4]
 8000e46:	e72e      	b.n	8000ca6 <_printf_i+0xfe>
 8000e48:	08003d94 	.word	0x08003d94
 8000e4c:	08003da8 	.word	0x08003da8

08000e50 <_sbrk_r>:
 8000e50:	b538      	push	{r3, r4, r5, lr}
 8000e52:	4d07      	ldr	r5, [pc, #28]	@ (8000e70 <_sbrk_r+0x20>)
 8000e54:	2200      	movs	r2, #0
 8000e56:	4604      	mov	r4, r0
 8000e58:	4608      	mov	r0, r1
 8000e5a:	602a      	str	r2, [r5, #0]
 8000e5c:	f002 fac6 	bl	80033ec <_sbrk>
 8000e60:	1c43      	adds	r3, r0, #1
 8000e62:	d000      	beq.n	8000e66 <_sbrk_r+0x16>
 8000e64:	bd38      	pop	{r3, r4, r5, pc}
 8000e66:	682b      	ldr	r3, [r5, #0]
 8000e68:	2b00      	cmp	r3, #0
 8000e6a:	d0fb      	beq.n	8000e64 <_sbrk_r+0x14>
 8000e6c:	6023      	str	r3, [r4, #0]
 8000e6e:	bd38      	pop	{r3, r4, r5, pc}
 8000e70:	2000077c 	.word	0x2000077c

08000e74 <__swbuf_r>:
 8000e74:	b5f8      	push	{r3, r4, r5, r6, r7, lr}
 8000e76:	460d      	mov	r5, r1
 8000e78:	4614      	mov	r4, r2
 8000e7a:	4606      	mov	r6, r0
 8000e7c:	b108      	cbz	r0, 8000e82 <__swbuf_r+0xe>
 8000e7e:	6983      	ldr	r3, [r0, #24]
 8000e80:	b343      	cbz	r3, 8000ed4 <__swbuf_r+0x60>
 8000e82:	4b25      	ldr	r3, [pc, #148]	@ (8000f18 <__swbuf_r+0xa4>)
 8000e84:	429c      	cmp	r4, r3
 8000e86:	d02a      	beq.n	8000ede <__swbuf_r+0x6a>
 8000e88:	4b24      	ldr	r3, [pc, #144]	@ (8000f1c <__swbuf_r+0xa8>)
 8000e8a:	429c      	cmp	r4, r3
 8000e8c:	d029      	beq.n	8000ee2 <__swbuf_r+0x6e>
 8000e8e:	4b24      	ldr	r3, [pc, #144]	@ (8000f20 <__swbuf_r+0xac>)
 8000e90:	429c      	cmp	r4, r3
 8000e92:	bf08      	it	eq
 8000e94:	68f4      	ldreq	r4, [r6, #12]
 8000e96:	89a3      	ldrh	r3, [r4, #12]
 8000e98:	69a2      	ldr	r2, [r4, #24]
 8000e9a:	60a2      	str	r2, [r4, #8]
 8000e9c:	071a      	lsls	r2, r3, #28
 8000e9e:	d522      	bpl.n	8000ee6 <__swbuf_r+0x72>
 8000ea0:	6923      	ldr	r3, [r4, #16]
 8000ea2:	b303      	cbz	r3, 8000ee6 <__swbuf_r+0x72>
 8000ea4:	6822      	ldr	r2, [r4, #0]
 8000ea6:	6961      	ldr	r1, [r4, #20]
 8000ea8:	1ad3      	subs	r3, r2, r3
 8000eaa:	b2ed      	uxtb	r5, r5
 8000eac:	4299      	cmp	r1, r3
 8000eae:	462f      	mov	r7, r5
 8000eb0:	dd29      	ble.n	8000f06 <__swbuf_r+0x92>
 8000eb2:	3301      	adds	r3, #1
 8000eb4:	68a1      	ldr	r1, [r4, #8]
 8000eb6:	3901      	subs	r1, #1
 8000eb8:	60a1      	str	r1, [r4, #8]
 8000eba:	1c51      	adds	r1, r2, #1
 8000ebc:	6021      	str	r1, [r4, #0]
 8000ebe:	7015      	strb	r5, [r2, #0]
 8000ec0:	6962      	ldr	r2, [r4, #20]
 8000ec2:	429a      	cmp	r2, r3
 8000ec4:	d016      	beq.n	8000ef4 <__swbuf_r+0x80>
 8000ec6:	89a3      	ldrh	r3, [r4, #12]
 8000ec8:	07db      	lsls	r3, r3, #31
 8000eca:	d501      	bpl.n	8000ed0 <__swbuf_r+0x5c>
 8000ecc:	2d0a      	cmp	r5, #10
 8000ece:	d011      	beq.n	8000ef4 <__swbuf_r+0x80>
 8000ed0:	4638      	mov	r0, r7
 8000ed2:	bdf8      	pop	{r3, r4, r5, r6, r7, pc}
 8000ed4:	f000 fa98 	bl	8001408 <__sinit>
 8000ed8:	4b0f      	ldr	r3, [pc, #60]	@ (8000f18 <__swbuf_r+0xa4>)
 8000eda:	429c      	cmp	r4, r3
 8000edc:	d1d4      	bne.n	8000e88 <__swbuf_r+0x14>
 8000ede:	6874      	ldr	r4, [r6, #4]
 8000ee0:	e7d9      	b.n	8000e96 <__swbuf_r+0x22>
 8000ee2:	68b4      	ldr	r4, [r6, #8]
 8000ee4:	e7d7      	b.n	8000e96 <__swbuf_r+0x22>
 8000ee6:	4621      	mov	r1, r4
 8000ee8:	4630      	mov	r0, r6
 8000eea:	f000 f827 	bl	8000f3c <__swsetup_r>
 8000eee:	b938      	cbnz	r0, 8000f00 <__swbuf_r+0x8c>
 8000ef0:	6923      	ldr	r3, [r4, #16]
 8000ef2:	e7d7      	b.n	8000ea4 <__swbuf_r+0x30>
 8000ef4:	4621      	mov	r1, r4
 8000ef6:	4630      	mov	r0, r6
 8000ef8:	f000 f924 	bl	8001144 <_fflush_r>
 8000efc:	2800      	cmp	r0, #0
 8000efe:	d0e7      	beq.n	8000ed0 <__swbuf_r+0x5c>
 8000f00:	f04f 37ff 	mov.w	r7, #4294967295	@ 0xffffffff
 8000f04:	e7e4      	b.n	8000ed0 <__swbuf_r+0x5c>
 8000f06:	4621      	mov	r1, r4
 8000f08:	4630      	mov	r0, r6
 8000f0a:	f000 f91b 	bl	8001144 <_fflush_r>
 8000f0e:	2800      	cmp	r0, #0
 8000f10:	d1f6      	bne.n	8000f00 <__swbuf_r+0x8c>
 8000f12:	6822      	ldr	r2, [r4, #0]
 8000f14:	2301      	movs	r3, #1
 8000f16:	e7cd      	b.n	8000eb4 <__swbuf_r+0x40>
 8000f18:	08003cd4 	.word	0x08003cd4
 8000f1c:	08003cb4 	.word	0x08003cb4
 8000f20:	08003c94 	.word	0x08003c94

08000f24 <__swbuf>:
 8000f24:	b410      	push	{r4}
 8000f26:	4c04      	ldr	r4, [pc, #16]	@ (8000f38 <__swbuf+0x14>)
 8000f28:	4603      	mov	r3, r0
 8000f2a:	460a      	mov	r2, r1
 8000f2c:	6820      	ldr	r0, [r4, #0]
 8000f2e:	bc10      	pop	{r4}
 8000f30:	4619      	mov	r1, r3
 8000f32:	f7ff bf9f 	b.w	8000e74 <__swbuf_r>
 8000f36:	bf00      	nop
 8000f38:	20000000 	.word	0x20000000

08000f3c <__swsetup_r>:
 8000f3c:	4b38      	ldr	r3, [pc, #224]	@ (8001020 <__swsetup_r+0xe4>)
 8000f3e:	b570      	push	{r4, r5, r6, lr}
 8000f40:	681d      	ldr	r5, [r3, #0]
 8000f42:	4606      	mov	r6, r0
 8000f44:	460c      	mov	r4, r1
 8000f46:	b10d      	cbz	r5, 8000f4c <__swsetup_r+0x10>
 8000f48:	69ab      	ldr	r3, [r5, #24]
 8000f4a:	b1d3      	cbz	r3, 8000f82 <__swsetup_r+0x46>
 8000f4c:	4b35      	ldr	r3, [pc, #212]	@ (8001024 <__swsetup_r+0xe8>)
 8000f4e:	429c      	cmp	r4, r3
 8000f50:	d01d      	beq.n	8000f8e <__swsetup_r+0x52>
 8000f52:	4b35      	ldr	r3, [pc, #212]	@ (8001028 <__swsetup_r+0xec>)
 8000f54:	429c      	cmp	r4, r3
 8000f56:	d048      	beq.n	8000fea <__swsetup_r+0xae>
 8000f58:	4b34      	ldr	r3, [pc, #208]	@ (800102c <__swsetup_r+0xf0>)
 8000f5a:	429c      	cmp	r4, r3
 8000f5c:	bf08      	it	eq
 8000f5e:	68ec      	ldreq	r4, [r5, #12]
 8000f60:	f9b4 300c 	ldrsh.w	r3, [r4, #12]
 8000f64:	0719      	lsls	r1, r3, #28
 8000f66:	d517      	bpl.n	8000f98 <__swsetup_r+0x5c>
 8000f68:	6922      	ldr	r2, [r4, #16]
 8000f6a:	b1fa      	cbz	r2, 8000fac <__swsetup_r+0x70>
 8000f6c:	f013 0101 	ands.w	r1, r3, #1
 8000f70:	d02b      	beq.n	8000fca <__swsetup_r+0x8e>
 8000f72:	6961      	ldr	r1, [r4, #20]
 8000f74:	2000      	movs	r0, #0
 8000f76:	4249      	negs	r1, r1
 8000f78:	60a0      	str	r0, [r4, #8]
 8000f7a:	61a1      	str	r1, [r4, #24]
 8000f7c:	b35a      	cbz	r2, 8000fd6 <__swsetup_r+0x9a>
 8000f7e:	2000      	movs	r0, #0
 8000f80:	bd70      	pop	{r4, r5, r6, pc}
 8000f82:	4628      	mov	r0, r5
 8000f84:	f000 fa40 	bl	8001408 <__sinit>
 8000f88:	4b26      	ldr	r3, [pc, #152]	@ (8001024 <__swsetup_r+0xe8>)
 8000f8a:	429c      	cmp	r4, r3
 8000f8c:	d1e1      	bne.n	8000f52 <__swsetup_r+0x16>
 8000f8e:	686c      	ldr	r4, [r5, #4]
 8000f90:	f9b4 300c 	ldrsh.w	r3, [r4, #12]
 8000f94:	0719      	lsls	r1, r3, #28
 8000f96:	d4e7      	bmi.n	8000f68 <__swsetup_r+0x2c>
 8000f98:	06da      	lsls	r2, r3, #27
 8000f9a:	d53c      	bpl.n	8001016 <__swsetup_r+0xda>
 8000f9c:	075d      	lsls	r5, r3, #29
 8000f9e:	d426      	bmi.n	8000fee <__swsetup_r+0xb2>
 8000fa0:	6922      	ldr	r2, [r4, #16]
 8000fa2:	f043 0308 	orr.w	r3, r3, #8
 8000fa6:	81a3      	strh	r3, [r4, #12]
 8000fa8:	2a00      	cmp	r2, #0
 8000faa:	d1df      	bne.n	8000f6c <__swsetup_r+0x30>
 8000fac:	f403 7120 	and.w	r1, r3, #640	@ 0x280
 8000fb0:	f5b1 7f00 	cmp.w	r1, #512	@ 0x200
 8000fb4:	d0da      	beq.n	8000f6c <__swsetup_r+0x30>
 8000fb6:	4621      	mov	r1, r4
 8000fb8:	4630      	mov	r0, r6
 8000fba:	f000 fbf3 	bl	80017a4 <__smakebuf_r>
 8000fbe:	f9b4 300c 	ldrsh.w	r3, [r4, #12]
 8000fc2:	6922      	ldr	r2, [r4, #16]
 8000fc4:	f013 0101 	ands.w	r1, r3, #1
 8000fc8:	d1d3      	bne.n	8000f72 <__swsetup_r+0x36>
 8000fca:	0798      	lsls	r0, r3, #30
 8000fcc:	bf58      	it	pl
 8000fce:	6961      	ldrpl	r1, [r4, #20]
 8000fd0:	60a1      	str	r1, [r4, #8]
 8000fd2:	2a00      	cmp	r2, #0
 8000fd4:	d1d3      	bne.n	8000f7e <__swsetup_r+0x42>
 8000fd6:	0619      	lsls	r1, r3, #24
 8000fd8:	bf58      	it	pl
 8000fda:	4610      	movpl	r0, r2
 8000fdc:	d5d0      	bpl.n	8000f80 <__swsetup_r+0x44>
 8000fde:	f043 0340 	orr.w	r3, r3, #64	@ 0x40
 8000fe2:	81a3      	strh	r3, [r4, #12]
 8000fe4:	f04f 30ff 	mov.w	r0, #4294967295	@ 0xffffffff
 8000fe8:	bd70      	pop	{r4, r5, r6, pc}
 8000fea:	68ac      	ldr	r4, [r5, #8]
 8000fec:	e7b8      	b.n	8000f60 <__swsetup_r+0x24>
 8000fee:	6b61      	ldr	r1, [r4, #52]	@ 0x34
 8000ff0:	b151      	cbz	r1, 8001008 <__swsetup_r+0xcc>
 8000ff2:	f104 0244 	add.w	r2, r4, #68	@ 0x44
 8000ff6:	4291      	cmp	r1, r2
 8000ff8:	d004      	beq.n	8001004 <__swsetup_r+0xc8>
 8000ffa:	4630      	mov	r0, r6
 8000ffc:	f7ff faf6 	bl	80005ec <_free_r>
 8001000:	f9b4 300c 	ldrsh.w	r3, [r4, #12]
 8001004:	2200      	movs	r2, #0
 8001006:	6362      	str	r2, [r4, #52]	@ 0x34
 8001008:	6922      	ldr	r2, [r4, #16]
 800100a:	2100      	movs	r1, #0
 800100c:	e9c4 2100 	strd	r2, r1, [r4]
 8001010:	f023 0324 	bic.w	r3, r3, #36	@ 0x24
 8001014:	e7c5      	b.n	8000fa2 <__swsetup_r+0x66>
 8001016:	2209      	movs	r2, #9
 8001018:	6032      	str	r2, [r6, #0]
 800101a:	f043 0340 	orr.w	r3, r3, #64	@ 0x40
 800101e:	e7e0      	b.n	8000fe2 <__swsetup_r+0xa6>
 8001020:	20000000 	.word	0x20000000
 8001024:	08003cd4 	.word	0x08003cd4
 8001028:	08003cb4 	.word	0x08003cb4
 800102c:	08003c94 	.word	0x08003c94

08001030 <abort>:
 8001030:	b508      	push	{r3, lr}
 8001032:	2006      	movs	r0, #6
 8001034:	f000 fdd4 	bl	8001be0 <raise>
 8001038:	2001      	movs	r0, #1
 800103a:	f000 ff55 	bl	8001ee8 <_exit>
 800103e:	bf00      	nop

08001040 <__sflush_r>:
 8001040:	b5f8      	push	{r3, r4, r5, r6, r7, lr}
 8001042:	f9b1 300c 	ldrsh.w	r3, [r1, #12]
 8001046:	071e      	lsls	r6, r3, #28
 8001048:	460c      	mov	r4, r1
 800104a:	4607      	mov	r7, r0
 800104c:	d43c      	bmi.n	80010c8 <__sflush_r+0x88>
 800104e:	684a      	ldr	r2, [r1, #4]
 8001050:	2a00      	cmp	r2, #0
 8001052:	dd56      	ble.n	8001102 <__sflush_r+0xc2>
 8001054:	6ae5      	ldr	r5, [r4, #44]	@ 0x2c
 8001056:	2d00      	cmp	r5, #0
 8001058:	d034      	beq.n	80010c4 <__sflush_r+0x84>
 800105a:	2200      	movs	r2, #0
 800105c:	683e      	ldr	r6, [r7, #0]
 800105e:	603a      	str	r2, [r7, #0]
 8001060:	f413 5280 	ands.w	r2, r3, #4096	@ 0x1000
 8001064:	d159      	bne.n	800111a <__sflush_r+0xda>
 8001066:	6a21      	ldr	r1, [r4, #32]
 8001068:	2301      	movs	r3, #1
 800106a:	4638      	mov	r0, r7
 800106c:	47a8      	blx	r5
 800106e:	1c45      	adds	r5, r0, #1
 8001070:	4602      	mov	r2, r0
 8001072:	d05d      	beq.n	8001130 <__sflush_r+0xf0>
 8001074:	f9b4 300c 	ldrsh.w	r3, [r4, #12]
 8001078:	6ae5      	ldr	r5, [r4, #44]	@ 0x2c
 800107a:	0758      	lsls	r0, r3, #29
 800107c:	d505      	bpl.n	800108a <__sflush_r+0x4a>
 800107e:	6863      	ldr	r3, [r4, #4]
 8001080:	1ad2      	subs	r2, r2, r3
 8001082:	6b63      	ldr	r3, [r4, #52]	@ 0x34
 8001084:	b10b      	cbz	r3, 800108a <__sflush_r+0x4a>
 8001086:	6c23      	ldr	r3, [r4, #64]	@ 0x40
 8001088:	1ad2      	subs	r2, r2, r3
 800108a:	6a21      	ldr	r1, [r4, #32]
 800108c:	2300      	movs	r3, #0
 800108e:	4638      	mov	r0, r7
 8001090:	47a8      	blx	r5
 8001092:	1c41      	adds	r1, r0, #1
 8001094:	d143      	bne.n	800111e <__sflush_r+0xde>
 8001096:	683b      	ldr	r3, [r7, #0]
 8001098:	2b00      	cmp	r3, #0
 800109a:	d040      	beq.n	800111e <__sflush_r+0xde>
 800109c:	2b1d      	cmp	r3, #29
 800109e:	d001      	beq.n	80010a4 <__sflush_r+0x64>
 80010a0:	2b16      	cmp	r3, #22
 80010a2:	d132      	bne.n	800110a <__sflush_r+0xca>
 80010a4:	6923      	ldr	r3, [r4, #16]
 80010a6:	2200      	movs	r2, #0
 80010a8:	e9c4 3200 	strd	r3, r2, [r4]
 80010ac:	6b61      	ldr	r1, [r4, #52]	@ 0x34
 80010ae:	603e      	str	r6, [r7, #0]
 80010b0:	b141      	cbz	r1, 80010c4 <__sflush_r+0x84>
 80010b2:	f104 0344 	add.w	r3, r4, #68	@ 0x44
 80010b6:	4299      	cmp	r1, r3
 80010b8:	d002      	beq.n	80010c0 <__sflush_r+0x80>
 80010ba:	4638      	mov	r0, r7
 80010bc:	f7ff fa96 	bl	80005ec <_free_r>
 80010c0:	2300      	movs	r3, #0
 80010c2:	6363      	str	r3, [r4, #52]	@ 0x34
 80010c4:	2000      	movs	r0, #0
 80010c6:	bdf8      	pop	{r3, r4, r5, r6, r7, pc}
 80010c8:	690e      	ldr	r6, [r1, #16]
 80010ca:	2e00      	cmp	r6, #0
 80010cc:	d0fa      	beq.n	80010c4 <__sflush_r+0x84>
 80010ce:	079b      	lsls	r3, r3, #30
 80010d0:	680d      	ldr	r5, [r1, #0]
 80010d2:	bf08      	it	eq
 80010d4:	694b      	ldreq	r3, [r1, #20]
 80010d6:	600e      	str	r6, [r1, #0]
 80010d8:	bf18      	it	ne
 80010da:	2300      	movne	r3, #0
 80010dc:	1bad      	subs	r5, r5, r6
 80010de:	608b      	str	r3, [r1, #8]
 80010e0:	e00c      	b.n	80010fc <__sflush_r+0xbc>
 80010e2:	f8d4 c028 	ldr.w	ip, [r4, #40]	@ 0x28
 80010e6:	6a21      	ldr	r1, [r4, #32]
 80010e8:	462b      	mov	r3, r5
 80010ea:	4632      	mov	r2, r6
 80010ec:	4638      	mov	r0, r7
 80010ee:	47e0      	blx	ip
 80010f0:	f1b0 0c00 	subs.w	ip, r0, #0
 80010f4:	eba5 050c 	sub.w	r5, r5, ip
 80010f8:	4466      	add	r6, ip
 80010fa:	dd06      	ble.n	800110a <__sflush_r+0xca>
 80010fc:	2d00      	cmp	r5, #0
 80010fe:	dcf0      	bgt.n	80010e2 <__sflush_r+0xa2>
 8001100:	e7e0      	b.n	80010c4 <__sflush_r+0x84>
 8001102:	6c0a      	ldr	r2, [r1, #64]	@ 0x40
 8001104:	2a00      	cmp	r2, #0
 8001106:	dca5      	bgt.n	8001054 <__sflush_r+0x14>
 8001108:	e7dc      	b.n	80010c4 <__sflush_r+0x84>
 800110a:	f9b4 300c 	ldrsh.w	r3, [r4, #12]
 800110e:	f043 0340 	orr.w	r3, r3, #64	@ 0x40
 8001112:	81a3      	strh	r3, [r4, #12]
 8001114:	f04f 30ff 	mov.w	r0, #4294967295	@ 0xffffffff
 8001118:	bdf8      	pop	{r3, r4, r5, r6, r7, pc}
 800111a:	6d62      	ldr	r2, [r4, #84]	@ 0x54
 800111c:	e7ad      	b.n	800107a <__sflush_r+0x3a>
 800111e:	2300      	movs	r3, #0
 8001120:	6063      	str	r3, [r4, #4]
 8001122:	6923      	ldr	r3, [r4, #16]
 8001124:	6023      	str	r3, [r4, #0]
 8001126:	89a3      	ldrh	r3, [r4, #12]
 8001128:	04da      	lsls	r2, r3, #19
 800112a:	d5bf      	bpl.n	80010ac <__sflush_r+0x6c>
 800112c:	6560      	str	r0, [r4, #84]	@ 0x54
 800112e:	e7bd      	b.n	80010ac <__sflush_r+0x6c>
 8001130:	683b      	ldr	r3, [r7, #0]
 8001132:	2b00      	cmp	r3, #0
 8001134:	d09e      	beq.n	8001074 <__sflush_r+0x34>
 8001136:	2b1d      	cmp	r3, #29
 8001138:	d001      	beq.n	800113e <__sflush_r+0xfe>
 800113a:	2b16      	cmp	r3, #22
 800113c:	d1e5      	bne.n	800110a <__sflush_r+0xca>
 800113e:	603e      	str	r6, [r7, #0]
 8001140:	e7c0      	b.n	80010c4 <__sflush_r+0x84>
 8001142:	bf00      	nop

08001144 <_fflush_r>:
 8001144:	b538      	push	{r3, r4, r5, lr}
 8001146:	690b      	ldr	r3, [r1, #16]
 8001148:	b1bb      	cbz	r3, 800117a <_fflush_r+0x36>
 800114a:	460c      	mov	r4, r1
 800114c:	4605      	mov	r5, r0
 800114e:	b108      	cbz	r0, 8001154 <_fflush_r+0x10>
 8001150:	6983      	ldr	r3, [r0, #24]
 8001152:	b1b3      	cbz	r3, 8001182 <_fflush_r+0x3e>
 8001154:	4b0d      	ldr	r3, [pc, #52]	@ (800118c <_fflush_r+0x48>)
 8001156:	429c      	cmp	r4, r3
 8001158:	d011      	beq.n	800117e <_fflush_r+0x3a>
 800115a:	4b0d      	ldr	r3, [pc, #52]	@ (8001190 <_fflush_r+0x4c>)
 800115c:	429c      	cmp	r4, r3
 800115e:	d013      	beq.n	8001188 <_fflush_r+0x44>
 8001160:	4b0c      	ldr	r3, [pc, #48]	@ (8001194 <_fflush_r+0x50>)
 8001162:	429c      	cmp	r4, r3
 8001164:	bf08      	it	eq
 8001166:	68ec      	ldreq	r4, [r5, #12]
 8001168:	f9b4 300c 	ldrsh.w	r3, [r4, #12]
 800116c:	b12b      	cbz	r3, 800117a <_fflush_r+0x36>
 800116e:	4621      	mov	r1, r4
 8001170:	4628      	mov	r0, r5
 8001172:	e8bd 4038 	ldmia.w	sp!, {r3, r4, r5, lr}
 8001176:	f7ff bf63 	b.w	8001040 <__sflush_r>
 800117a:	2000      	movs	r0, #0
 800117c:	bd38      	pop	{r3, r4, r5, pc}
 800117e:	686c      	ldr	r4, [r5, #4]
 8001180:	e7f2      	b.n	8001168 <_fflush_r+0x24>
 8001182:	f000 f941 	bl	8001408 <__sinit>
 8001186:	e7e5      	b.n	8001154 <_fflush_r+0x10>
 8001188:	68ac      	ldr	r4, [r5, #8]
 800118a:	e7ed      	b.n	8001168 <_fflush_r+0x24>
 800118c:	08003cd4 	.word	0x08003cd4
 8001190:	08003cb4 	.word	0x08003cb4
 8001194:	08003c94 	.word	0x08003c94

08001198 <fflush>:
 8001198:	b538      	push	{r3, r4, r5, lr}
 800119a:	b340      	cbz	r0, 80011ee <fflush+0x56>
 800119c:	4a18      	ldr	r2, [pc, #96]	@ (8001200 <fflush+0x68>)
 800119e:	6903      	ldr	r3, [r0, #16]
 80011a0:	6815      	ldr	r5, [r2, #0]
 80011a2:	4604      	mov	r4, r0
 80011a4:	b1d3      	cbz	r3, 80011dc <fflush+0x44>
 80011a6:	b10d      	cbz	r5, 80011ac <fflush+0x14>
 80011a8:	69ab      	ldr	r3, [r5, #24]
 80011aa:	b1cb      	cbz	r3, 80011e0 <fflush+0x48>
 80011ac:	4b15      	ldr	r3, [pc, #84]	@ (8001204 <fflush+0x6c>)
 80011ae:	429c      	cmp	r4, r3
 80011b0:	d00f      	beq.n	80011d2 <fflush+0x3a>
 80011b2:	4b15      	ldr	r3, [pc, #84]	@ (8001208 <fflush+0x70>)
 80011b4:	429c      	cmp	r4, r3
 80011b6:	d021      	beq.n	80011fc <fflush+0x64>
 80011b8:	4b14      	ldr	r3, [pc, #80]	@ (800120c <fflush+0x74>)
 80011ba:	429c      	cmp	r4, r3
 80011bc:	bf08      	it	eq
 80011be:	68ec      	ldreq	r4, [r5, #12]
 80011c0:	f9b4 300c 	ldrsh.w	r3, [r4, #12]
 80011c4:	b153      	cbz	r3, 80011dc <fflush+0x44>
 80011c6:	4621      	mov	r1, r4
 80011c8:	4628      	mov	r0, r5
 80011ca:	e8bd 4038 	ldmia.w	sp!, {r3, r4, r5, lr}
 80011ce:	f7ff bf37 	b.w	8001040 <__sflush_r>
 80011d2:	686c      	ldr	r4, [r5, #4]
 80011d4:	f9b4 300c 	ldrsh.w	r3, [r4, #12]
 80011d8:	2b00      	cmp	r3, #0
 80011da:	d1f4      	bne.n	80011c6 <fflush+0x2e>
 80011dc:	2000      	movs	r0, #0
 80011de:	bd38      	pop	{r3, r4, r5, pc}
 80011e0:	4628      	mov	r0, r5
 80011e2:	f000 f911 	bl	8001408 <__sinit>
 80011e6:	4b07      	ldr	r3, [pc, #28]	@ (8001204 <fflush+0x6c>)
 80011e8:	429c      	cmp	r4, r3
 80011ea:	d1e2      	bne.n	80011b2 <fflush+0x1a>
 80011ec:	e7f1      	b.n	80011d2 <fflush+0x3a>
 80011ee:	4b08      	ldr	r3, [pc, #32]	@ (8001210 <fflush+0x78>)
 80011f0:	4908      	ldr	r1, [pc, #32]	@ (8001214 <fflush+0x7c>)
 80011f2:	6818      	ldr	r0, [r3, #0]
 80011f4:	e8bd 4038 	ldmia.w	sp!, {r3, r4, r5, lr}
 80011f8:	f000 bab0 	b.w	800175c <_fwalk_reent>
 80011fc:	68ac      	ldr	r4, [r5, #8]
 80011fe:	e7df      	b.n	80011c0 <fflush+0x28>
 8001200:	20000000 	.word	0x20000000
 8001204:	08003cd4 	.word	0x08003cd4
 8001208:	08003cb4 	.word	0x08003cb4
 800120c:	08003c94 	.word	0x08003c94
 8001210:	08003c90 	.word	0x08003c90
 8001214:	08001145 	.word	0x08001145

08001218 <__fp_lock>:
 8001218:	2000      	movs	r0, #0
 800121a:	4770      	bx	lr

0800121c <_cleanup_r>:
 800121c:	4901      	ldr	r1, [pc, #4]	@ (8001224 <_cleanup_r+0x8>)
 800121e:	f000 ba9d 	b.w	800175c <_fwalk_reent>
 8001222:	bf00      	nop
 8001224:	08001145 	.word	0x08001145

08001228 <__fp_unlock>:
 8001228:	2000      	movs	r0, #0
 800122a:	4770      	bx	lr

0800122c <__sfmoreglue>:
 800122c:	b570      	push	{r4, r5, r6, lr}
 800122e:	2368      	movs	r3, #104	@ 0x68
 8001230:	1e4d      	subs	r5, r1, #1
 8001232:	fb03 f505 	mul.w	r5, r3, r5
 8001236:	460e      	mov	r6, r1
 8001238:	f105 0174 	add.w	r1, r5, #116	@ 0x74
 800123c:	f7ff fa34 	bl	80006a8 <_malloc_r>
 8001240:	4604      	mov	r4, r0
 8001242:	b140      	cbz	r0, 8001256 <__sfmoreglue+0x2a>
 8001244:	2100      	movs	r1, #0
 8001246:	300c      	adds	r0, #12
 8001248:	e9c4 1600 	strd	r1, r6, [r4]
 800124c:	60a0      	str	r0, [r4, #8]
 800124e:	f105 0268 	add.w	r2, r5, #104	@ 0x68
 8001252:	f7ff f8a9 	bl	80003a8 <memset>
 8001256:	4620      	mov	r0, r4
 8001258:	bd70      	pop	{r4, r5, r6, pc}
 800125a:	bf00      	nop

0800125c <__sfp>:
 800125c:	b5f8      	push	{r3, r4, r5, r6, r7, lr}
 800125e:	4b25      	ldr	r3, [pc, #148]	@ (80012f4 <__sfp+0x98>)
 8001260:	681f      	ldr	r7, [r3, #0]
 8001262:	69bb      	ldr	r3, [r7, #24]
 8001264:	4606      	mov	r6, r0
 8001266:	b33b      	cbz	r3, 80012b8 <__sfp+0x5c>
 8001268:	3748      	adds	r7, #72	@ 0x48
 800126a:	e9d7 3401 	ldrd	r3, r4, [r7, #4]
 800126e:	3b01      	subs	r3, #1
 8001270:	d504      	bpl.n	800127c <__sfp+0x20>
 8001272:	e01d      	b.n	80012b0 <__sfp+0x54>
 8001274:	1c5a      	adds	r2, r3, #1
 8001276:	f104 0468 	add.w	r4, r4, #104	@ 0x68
 800127a:	d019      	beq.n	80012b0 <__sfp+0x54>
 800127c:	f9b4 500c 	ldrsh.w	r5, [r4, #12]
 8001280:	3b01      	subs	r3, #1
 8001282:	2d00      	cmp	r5, #0
 8001284:	d1f6      	bne.n	8001274 <__sfp+0x18>
 8001286:	4b1c      	ldr	r3, [pc, #112]	@ (80012f8 <__sfp+0x9c>)
 8001288:	60e3      	str	r3, [r4, #12]
 800128a:	e9c4 5501 	strd	r5, r5, [r4, #4]
 800128e:	e9c4 5504 	strd	r5, r5, [r4, #16]
 8001292:	6665      	str	r5, [r4, #100]	@ 0x64
 8001294:	6025      	str	r5, [r4, #0]
 8001296:	61a5      	str	r5, [r4, #24]
 8001298:	2208      	movs	r2, #8
 800129a:	4629      	mov	r1, r5
 800129c:	f104 005c 	add.w	r0, r4, #92	@ 0x5c
 80012a0:	f7ff f882 	bl	80003a8 <memset>
 80012a4:	e9c4 550d 	strd	r5, r5, [r4, #52]	@ 0x34
 80012a8:	e9c4 5512 	strd	r5, r5, [r4, #72]	@ 0x48
 80012ac:	4620      	mov	r0, r4
 80012ae:	bdf8      	pop	{r3, r4, r5, r6, r7, pc}
 80012b0:	683d      	ldr	r5, [r7, #0]
 80012b2:	b12d      	cbz	r5, 80012c0 <__sfp+0x64>
 80012b4:	462f      	mov	r7, r5
 80012b6:	e7d8      	b.n	800126a <__sfp+0xe>
 80012b8:	4638      	mov	r0, r7
 80012ba:	f000 f81f 	bl	80012fc <__sinit.part.0>
 80012be:	e7d3      	b.n	8001268 <__sfp+0xc>
 80012c0:	f44f 71d6 	mov.w	r1, #428	@ 0x1ac
 80012c4:	4630      	mov	r0, r6
 80012c6:	f7ff f9ef 	bl	80006a8 <_malloc_r>
 80012ca:	4604      	mov	r4, r0
 80012cc:	b168      	cbz	r0, 80012ea <__sfp+0x8e>
 80012ce:	2304      	movs	r3, #4
 80012d0:	6005      	str	r5, [r0, #0]
 80012d2:	6043      	str	r3, [r0, #4]
 80012d4:	300c      	adds	r0, #12
 80012d6:	4629      	mov	r1, r5
 80012d8:	60a0      	str	r0, [r4, #8]
 80012da:	4625      	mov	r5, r4
 80012dc:	f44f 72d0 	mov.w	r2, #416	@ 0x1a0
 80012e0:	f7ff f862 	bl	80003a8 <memset>
 80012e4:	603c      	str	r4, [r7, #0]
 80012e6:	462f      	mov	r7, r5
 80012e8:	e7bf      	b.n	800126a <__sfp+0xe>
 80012ea:	230c      	movs	r3, #12
 80012ec:	6038      	str	r0, [r7, #0]
 80012ee:	6033      	str	r3, [r6, #0]
 80012f0:	e7dc      	b.n	80012ac <__sfp+0x50>
 80012f2:	bf00      	nop
 80012f4:	08003c90 	.word	0x08003c90
 80012f8:	ffff0001 	.word	0xffff0001

080012fc <__sinit.part.0>:
 80012fc:	e92d 4ff8 	stmdb	sp!, {r3, r4, r5, r6, r7, r8, r9, sl, fp, lr}
 8001300:	4b34      	ldr	r3, [pc, #208]	@ (80013d4 <__sinit.part.0+0xd8>)
 8001302:	4935      	ldr	r1, [pc, #212]	@ (80013d8 <__sinit.part.0+0xdc>)
 8001304:	681a      	ldr	r2, [r3, #0]
 8001306:	6281      	str	r1, [r0, #40]	@ 0x28
 8001308:	4290      	cmp	r0, r2
 800130a:	f04f 0300 	mov.w	r3, #0
 800130e:	e9c0 3312 	strd	r3, r3, [r0, #72]	@ 0x48
 8001312:	6503      	str	r3, [r0, #80]	@ 0x50
 8001314:	bf04      	itt	eq
 8001316:	2301      	moveq	r3, #1
 8001318:	6183      	streq	r3, [r0, #24]
 800131a:	4605      	mov	r5, r0
 800131c:	f7ff ff9e 	bl	800125c <__sfp>
 8001320:	6068      	str	r0, [r5, #4]
 8001322:	4628      	mov	r0, r5
 8001324:	f7ff ff9a 	bl	800125c <__sfp>
 8001328:	60a8      	str	r0, [r5, #8]
 800132a:	4628      	mov	r0, r5
 800132c:	f7ff ff96 	bl	800125c <__sfp>
 8001330:	686f      	ldr	r7, [r5, #4]
 8001332:	60e8      	str	r0, [r5, #12]
 8001334:	2400      	movs	r4, #0
 8001336:	2304      	movs	r3, #4
 8001338:	60fb      	str	r3, [r7, #12]
 800133a:	2208      	movs	r2, #8
 800133c:	4621      	mov	r1, r4
 800133e:	e9c7 4400 	strd	r4, r4, [r7]
 8001342:	e9c7 4404 	strd	r4, r4, [r7, #16]
 8001346:	60bc      	str	r4, [r7, #8]
 8001348:	667c      	str	r4, [r7, #100]	@ 0x64
 800134a:	61bc      	str	r4, [r7, #24]
 800134c:	f107 005c 	add.w	r0, r7, #92	@ 0x5c
 8001350:	f7ff f82a 	bl	80003a8 <memset>
 8001354:	f8df b084 	ldr.w	fp, [pc, #132]	@ 80013dc <__sinit.part.0+0xe0>
 8001358:	68ae      	ldr	r6, [r5, #8]
 800135a:	f8df a084 	ldr.w	sl, [pc, #132]	@ 80013e0 <__sinit.part.0+0xe4>
 800135e:	f8df 9084 	ldr.w	r9, [pc, #132]	@ 80013e4 <__sinit.part.0+0xe8>
 8001362:	f8df 8084 	ldr.w	r8, [pc, #132]	@ 80013e8 <__sinit.part.0+0xec>
 8001366:	4b21      	ldr	r3, [pc, #132]	@ (80013ec <__sinit.part.0+0xf0>)
 8001368:	f8c7 a028 	str.w	sl, [r7, #40]	@ 0x28
 800136c:	e9c7 7b08 	strd	r7, fp, [r7, #32]
 8001370:	f8c7 902c 	str.w	r9, [r7, #44]	@ 0x2c
 8001374:	f8c7 8030 	str.w	r8, [r7, #48]	@ 0x30
 8001378:	2208      	movs	r2, #8
 800137a:	60f3      	str	r3, [r6, #12]
 800137c:	e9c6 4400 	strd	r4, r4, [r6]
 8001380:	e9c6 4404 	strd	r4, r4, [r6, #16]
 8001384:	60b4      	str	r4, [r6, #8]
 8001386:	6674      	str	r4, [r6, #100]	@ 0x64
 8001388:	61b4      	str	r4, [r6, #24]
 800138a:	4621      	mov	r1, r4
 800138c:	f106 005c 	add.w	r0, r6, #92	@ 0x5c
 8001390:	f7ff f80a 	bl	80003a8 <memset>
 8001394:	e9c6 6b08 	strd	r6, fp, [r6, #32]
 8001398:	e9c6 a90a 	strd	sl, r9, [r6, #40]	@ 0x28
 800139c:	f8c6 8030 	str.w	r8, [r6, #48]	@ 0x30
 80013a0:	68ee      	ldr	r6, [r5, #12]
 80013a2:	4b13      	ldr	r3, [pc, #76]	@ (80013f0 <__sinit.part.0+0xf4>)
 80013a4:	60f3      	str	r3, [r6, #12]
 80013a6:	e9c6 4400 	strd	r4, r4, [r6]
 80013aa:	e9c6 4404 	strd	r4, r4, [r6, #16]
 80013ae:	60b4      	str	r4, [r6, #8]
 80013b0:	6674      	str	r4, [r6, #100]	@ 0x64
 80013b2:	61b4      	str	r4, [r6, #24]
 80013b4:	4621      	mov	r1, r4
 80013b6:	2208      	movs	r2, #8
 80013b8:	f106 005c 	add.w	r0, r6, #92	@ 0x5c
 80013bc:	f7fe fff4 	bl	80003a8 <memset>
 80013c0:	2301      	movs	r3, #1
 80013c2:	e9c6 6b08 	strd	r6, fp, [r6, #32]
 80013c6:	e9c6 980b 	strd	r9, r8, [r6, #44]	@ 0x2c
 80013ca:	f8c6 a028 	str.w	sl, [r6, #40]	@ 0x28
 80013ce:	61ab      	str	r3, [r5, #24]
 80013d0:	e8bd 8ff8 	ldmia.w	sp!, {r3, r4, r5, r6, r7, r8, r9, sl, fp, pc}
 80013d4:	08003c90 	.word	0x08003c90
 80013d8:	0800121d 	.word	0x0800121d
 80013dc:	08001d49 	.word	0x08001d49
 80013e0:	08001d71 	.word	0x08001d71
 80013e4:	08001db1 	.word	0x08001db1
 80013e8:	08001dd5 	.word	0x08001dd5
 80013ec:	00010009 	.word	0x00010009
 80013f0:	00020012 	.word	0x00020012

080013f4 <_cleanup>:
 80013f4:	4b02      	ldr	r3, [pc, #8]	@ (8001400 <_cleanup+0xc>)
 80013f6:	4903      	ldr	r1, [pc, #12]	@ (8001404 <_cleanup+0x10>)
 80013f8:	6818      	ldr	r0, [r3, #0]
 80013fa:	f000 b9af 	b.w	800175c <_fwalk_reent>
 80013fe:	bf00      	nop
 8001400:	08003c90 	.word	0x08003c90
 8001404:	08001145 	.word	0x08001145

08001408 <__sinit>:
 8001408:	6983      	ldr	r3, [r0, #24]
 800140a:	b903      	cbnz	r3, 800140e <__sinit+0x6>
 800140c:	e776      	b.n	80012fc <__sinit.part.0>
 800140e:	4770      	bx	lr

08001410 <__sfp_lock_acquire>:
 8001410:	4770      	bx	lr
 8001412:	bf00      	nop

08001414 <__sfp_lock_release>:
 8001414:	4770      	bx	lr
 8001416:	bf00      	nop

08001418 <__sinit_lock_acquire>:
 8001418:	4770      	bx	lr
 800141a:	bf00      	nop

0800141c <__sinit_lock_release>:
 800141c:	4770      	bx	lr
 800141e:	bf00      	nop

08001420 <__fp_lock_all>:
 8001420:	4b02      	ldr	r3, [pc, #8]	@ (800142c <__fp_lock_all+0xc>)
 8001422:	4903      	ldr	r1, [pc, #12]	@ (8001430 <__fp_lock_all+0x10>)
 8001424:	6818      	ldr	r0, [r3, #0]
 8001426:	f000 b979 	b.w	800171c <_fwalk>
 800142a:	bf00      	nop
 800142c:	20000000 	.word	0x20000000
 8001430:	08001219 	.word	0x08001219

08001434 <__fp_unlock_all>:
 8001434:	4b02      	ldr	r3, [pc, #8]	@ (8001440 <__fp_unlock_all+0xc>)
 8001436:	4903      	ldr	r1, [pc, #12]	@ (8001444 <__fp_unlock_all+0x10>)
 8001438:	6818      	ldr	r0, [r3, #0]
 800143a:	f000 b96f 	b.w	800171c <_fwalk>
 800143e:	bf00      	nop
 8001440:	20000000 	.word	0x20000000
 8001444:	08001229 	.word	0x08001229

08001448 <__sfvwrite_r>:
 8001448:	6893      	ldr	r3, [r2, #8]
 800144a:	2b00      	cmp	r3, #0
 800144c:	d07b      	beq.n	8001546 <__sfvwrite_r+0xfe>
 800144e:	e92d 4ff0 	stmdb	sp!, {r4, r5, r6, r7, r8, r9, sl, fp, lr}
 8001452:	4680      	mov	r8, r0
 8001454:	f9b1 000c 	ldrsh.w	r0, [r1, #12]
 8001458:	4617      	mov	r7, r2
 800145a:	0702      	lsls	r2, r0, #28
 800145c:	b083      	sub	sp, #12
 800145e:	460c      	mov	r4, r1
 8001460:	d523      	bpl.n	80014aa <__sfvwrite_r+0x62>
 8001462:	690b      	ldr	r3, [r1, #16]
 8001464:	b30b      	cbz	r3, 80014aa <__sfvwrite_r+0x62>
 8001466:	f010 0302 	ands.w	r3, r0, #2
 800146a:	683d      	ldr	r5, [r7, #0]
 800146c:	d029      	beq.n	80014c2 <__sfvwrite_r+0x7a>
 800146e:	f04f 0a00 	mov.w	sl, #0
 8001472:	f8df b2a4 	ldr.w	fp, [pc, #676]	@ 8001718 <__sfvwrite_r+0x2d0>
 8001476:	4656      	mov	r6, sl
 8001478:	455e      	cmp	r6, fp
 800147a:	4633      	mov	r3, r6
 800147c:	4652      	mov	r2, sl
 800147e:	bf28      	it	cs
 8001480:	465b      	movcs	r3, fp
 8001482:	4640      	mov	r0, r8
 8001484:	2e00      	cmp	r6, #0
 8001486:	d04b      	beq.n	8001520 <__sfvwrite_r+0xd8>
 8001488:	6a21      	ldr	r1, [r4, #32]
 800148a:	f8d4 c028 	ldr.w	ip, [r4, #40]	@ 0x28
 800148e:	47e0      	blx	ip
 8001490:	2800      	cmp	r0, #0
 8001492:	dd4e      	ble.n	8001532 <__sfvwrite_r+0xea>
 8001494:	68bb      	ldr	r3, [r7, #8]
 8001496:	1a1b      	subs	r3, r3, r0
 8001498:	4482      	add	sl, r0
 800149a:	1a36      	subs	r6, r6, r0
 800149c:	60bb      	str	r3, [r7, #8]
 800149e:	2b00      	cmp	r3, #0
 80014a0:	d1ea      	bne.n	8001478 <__sfvwrite_r+0x30>
 80014a2:	2000      	movs	r0, #0
 80014a4:	b003      	add	sp, #12
 80014a6:	e8bd 8ff0 	ldmia.w	sp!, {r4, r5, r6, r7, r8, r9, sl, fp, pc}
 80014aa:	4621      	mov	r1, r4
 80014ac:	4640      	mov	r0, r8
 80014ae:	f7ff fd45 	bl	8000f3c <__swsetup_r>
 80014b2:	2800      	cmp	r0, #0
 80014b4:	d142      	bne.n	800153c <__sfvwrite_r+0xf4>
 80014b6:	f9b4 000c 	ldrsh.w	r0, [r4, #12]
 80014ba:	683d      	ldr	r5, [r7, #0]
 80014bc:	f010 0302 	ands.w	r3, r0, #2
 80014c0:	d1d5      	bne.n	800146e <__sfvwrite_r+0x26>
 80014c2:	f010 0901 	ands.w	r9, r0, #1
 80014c6:	d140      	bne.n	800154a <__sfvwrite_r+0x102>
 80014c8:	464e      	mov	r6, r9
 80014ca:	b32e      	cbz	r6, 8001518 <__sfvwrite_r+0xd0>
 80014cc:	0583      	lsls	r3, r0, #22
 80014ce:	f8d4 b008 	ldr.w	fp, [r4, #8]
 80014d2:	d57f      	bpl.n	80015d4 <__sfvwrite_r+0x18c>
 80014d4:	45b3      	cmp	fp, r6
 80014d6:	465a      	mov	r2, fp
 80014d8:	f200 80b0 	bhi.w	800163c <__sfvwrite_r+0x1f4>
 80014dc:	f410 6f90 	tst.w	r0, #1152	@ 0x480
 80014e0:	f040 80bd 	bne.w	800165e <__sfvwrite_r+0x216>
 80014e4:	6820      	ldr	r0, [r4, #0]
 80014e6:	9201      	str	r2, [sp, #4]
 80014e8:	4649      	mov	r1, r9
 80014ea:	f000 fa39 	bl	8001960 <memmove>
 80014ee:	68a3      	ldr	r3, [r4, #8]
 80014f0:	9a01      	ldr	r2, [sp, #4]
 80014f2:	eba3 010b 	sub.w	r1, r3, fp
 80014f6:	6823      	ldr	r3, [r4, #0]
 80014f8:	60a1      	str	r1, [r4, #8]
 80014fa:	4413      	add	r3, r2
 80014fc:	46b2      	mov	sl, r6
 80014fe:	6023      	str	r3, [r4, #0]
 8001500:	2600      	movs	r6, #0
 8001502:	68bb      	ldr	r3, [r7, #8]
 8001504:	eba3 030a 	sub.w	r3, r3, sl
 8001508:	44d1      	add	r9, sl
 800150a:	60bb      	str	r3, [r7, #8]
 800150c:	2b00      	cmp	r3, #0
 800150e:	d0c8      	beq.n	80014a2 <__sfvwrite_r+0x5a>
 8001510:	f9b4 000c 	ldrsh.w	r0, [r4, #12]
 8001514:	2e00      	cmp	r6, #0
 8001516:	d1d9      	bne.n	80014cc <__sfvwrite_r+0x84>
 8001518:	e9d5 9600 	ldrd	r9, r6, [r5]
 800151c:	3508      	adds	r5, #8
 800151e:	e7d4      	b.n	80014ca <__sfvwrite_r+0x82>
 8001520:	e9d5 a600 	ldrd	sl, r6, [r5]
 8001524:	3508      	adds	r5, #8
 8001526:	e7a7      	b.n	8001478 <__sfvwrite_r+0x30>
 8001528:	4621      	mov	r1, r4
 800152a:	4640      	mov	r0, r8
 800152c:	f7ff fe0a 	bl	8001144 <_fflush_r>
 8001530:	b380      	cbz	r0, 8001594 <__sfvwrite_r+0x14c>
 8001532:	f9b4 300c 	ldrsh.w	r3, [r4, #12]
 8001536:	f043 0340 	orr.w	r3, r3, #64	@ 0x40
 800153a:	81a3      	strh	r3, [r4, #12]
 800153c:	f04f 30ff 	mov.w	r0, #4294967295	@ 0xffffffff
 8001540:	b003      	add	sp, #12
 8001542:	e8bd 8ff0 	ldmia.w	sp!, {r4, r5, r6, r7, r8, r9, sl, fp, pc}
 8001546:	2000      	movs	r0, #0
 8001548:	4770      	bx	lr
 800154a:	461e      	mov	r6, r3
 800154c:	46ba      	mov	sl, r7
 800154e:	4699      	mov	r9, r3
 8001550:	4618      	mov	r0, r3
 8001552:	461f      	mov	r7, r3
 8001554:	b366      	cbz	r6, 80015b0 <__sfvwrite_r+0x168>
 8001556:	b388      	cbz	r0, 80015bc <__sfvwrite_r+0x174>
 8001558:	464a      	mov	r2, r9
 800155a:	e9d4 c304 	ldrd	ip, r3, [r4, #16]
 800155e:	6820      	ldr	r0, [r4, #0]
 8001560:	68a1      	ldr	r1, [r4, #8]
 8001562:	42b2      	cmp	r2, r6
 8001564:	bf28      	it	cs
 8001566:	4632      	movcs	r2, r6
 8001568:	4560      	cmp	r0, ip
 800156a:	d904      	bls.n	8001576 <__sfvwrite_r+0x12e>
 800156c:	eb01 0b03 	add.w	fp, r1, r3
 8001570:	455a      	cmp	r2, fp
 8001572:	f300 80a6 	bgt.w	80016c2 <__sfvwrite_r+0x27a>
 8001576:	4293      	cmp	r3, r2
 8001578:	dc64      	bgt.n	8001644 <__sfvwrite_r+0x1fc>
 800157a:	6a21      	ldr	r1, [r4, #32]
 800157c:	f8d4 c028 	ldr.w	ip, [r4, #40]	@ 0x28
 8001580:	463a      	mov	r2, r7
 8001582:	4640      	mov	r0, r8
 8001584:	47e0      	blx	ip
 8001586:	f1b0 0b00 	subs.w	fp, r0, #0
 800158a:	ddd2      	ble.n	8001532 <__sfvwrite_r+0xea>
 800158c:	ebb9 090b 	subs.w	r9, r9, fp
 8001590:	d0ca      	beq.n	8001528 <__sfvwrite_r+0xe0>
 8001592:	2001      	movs	r0, #1
 8001594:	f8da 3008 	ldr.w	r3, [sl, #8]
 8001598:	eba3 030b 	sub.w	r3, r3, fp
 800159c:	445f      	add	r7, fp
 800159e:	eba6 060b 	sub.w	r6, r6, fp
 80015a2:	f8ca 3008 	str.w	r3, [sl, #8]
 80015a6:	2b00      	cmp	r3, #0
 80015a8:	f43f af7b 	beq.w	80014a2 <__sfvwrite_r+0x5a>
 80015ac:	2e00      	cmp	r6, #0
 80015ae:	d1d2      	bne.n	8001556 <__sfvwrite_r+0x10e>
 80015b0:	686e      	ldr	r6, [r5, #4]
 80015b2:	462b      	mov	r3, r5
 80015b4:	3508      	adds	r5, #8
 80015b6:	2e00      	cmp	r6, #0
 80015b8:	d0fa      	beq.n	80015b0 <__sfvwrite_r+0x168>
 80015ba:	681f      	ldr	r7, [r3, #0]
 80015bc:	4632      	mov	r2, r6
 80015be:	210a      	movs	r1, #10
 80015c0:	4638      	mov	r0, r7
 80015c2:	f000 f97d 	bl	80018c0 <memchr>
 80015c6:	2800      	cmp	r0, #0
 80015c8:	f000 809d 	beq.w	8001706 <__sfvwrite_r+0x2be>
 80015cc:	3001      	adds	r0, #1
 80015ce:	eba0 0907 	sub.w	r9, r0, r7
 80015d2:	e7c1      	b.n	8001558 <__sfvwrite_r+0x110>
 80015d4:	6820      	ldr	r0, [r4, #0]
 80015d6:	6923      	ldr	r3, [r4, #16]
 80015d8:	4298      	cmp	r0, r3
 80015da:	d817      	bhi.n	800160c <__sfvwrite_r+0x1c4>
 80015dc:	6962      	ldr	r2, [r4, #20]
 80015de:	42b2      	cmp	r2, r6
 80015e0:	d814      	bhi.n	800160c <__sfvwrite_r+0x1c4>
 80015e2:	f06f 4300 	mvn.w	r3, #2147483648	@ 0x80000000
 80015e6:	42b3      	cmp	r3, r6
 80015e8:	bf28      	it	cs
 80015ea:	4633      	movcs	r3, r6
 80015ec:	6a21      	ldr	r1, [r4, #32]
 80015ee:	fb93 f3f2 	sdiv	r3, r3, r2
 80015f2:	f8d4 c028 	ldr.w	ip, [r4, #40]	@ 0x28
 80015f6:	fb02 f303 	mul.w	r3, r2, r3
 80015fa:	4640      	mov	r0, r8
 80015fc:	464a      	mov	r2, r9
 80015fe:	47e0      	blx	ip
 8001600:	f1b0 0a00 	subs.w	sl, r0, #0
 8001604:	dd95      	ble.n	8001532 <__sfvwrite_r+0xea>
 8001606:	eba6 060a 	sub.w	r6, r6, sl
 800160a:	e77a      	b.n	8001502 <__sfvwrite_r+0xba>
 800160c:	45b3      	cmp	fp, r6
 800160e:	46da      	mov	sl, fp
 8001610:	bf28      	it	cs
 8001612:	46b2      	movcs	sl, r6
 8001614:	4652      	mov	r2, sl
 8001616:	4649      	mov	r1, r9
 8001618:	f000 f9a2 	bl	8001960 <memmove>
 800161c:	68a3      	ldr	r3, [r4, #8]
 800161e:	6822      	ldr	r2, [r4, #0]
 8001620:	eba3 030a 	sub.w	r3, r3, sl
 8001624:	4452      	add	r2, sl
 8001626:	60a3      	str	r3, [r4, #8]
 8001628:	6022      	str	r2, [r4, #0]
 800162a:	2b00      	cmp	r3, #0
 800162c:	d1eb      	bne.n	8001606 <__sfvwrite_r+0x1be>
 800162e:	4621      	mov	r1, r4
 8001630:	4640      	mov	r0, r8
 8001632:	f7ff fd87 	bl	8001144 <_fflush_r>
 8001636:	2800      	cmp	r0, #0
 8001638:	d0e5      	beq.n	8001606 <__sfvwrite_r+0x1be>
 800163a:	e77a      	b.n	8001532 <__sfvwrite_r+0xea>
 800163c:	6820      	ldr	r0, [r4, #0]
 800163e:	46b3      	mov	fp, r6
 8001640:	4632      	mov	r2, r6
 8001642:	e750      	b.n	80014e6 <__sfvwrite_r+0x9e>
 8001644:	4639      	mov	r1, r7
 8001646:	9201      	str	r2, [sp, #4]
 8001648:	f000 f98a 	bl	8001960 <memmove>
 800164c:	9a01      	ldr	r2, [sp, #4]
 800164e:	68a3      	ldr	r3, [r4, #8]
 8001650:	1a9b      	subs	r3, r3, r2
 8001652:	60a3      	str	r3, [r4, #8]
 8001654:	6823      	ldr	r3, [r4, #0]
 8001656:	4413      	add	r3, r2
 8001658:	6023      	str	r3, [r4, #0]
 800165a:	4693      	mov	fp, r2
 800165c:	e796      	b.n	800158c <__sfvwrite_r+0x144>
 800165e:	6822      	ldr	r2, [r4, #0]
 8001660:	6923      	ldr	r3, [r4, #16]
 8001662:	eba2 0a03 	sub.w	sl, r2, r3
 8001666:	6962      	ldr	r2, [r4, #20]
 8001668:	eb02 0242 	add.w	r2, r2, r2, lsl #1
 800166c:	eb02 72d2 	add.w	r2, r2, r2, lsr #31
 8001670:	f10a 0101 	add.w	r1, sl, #1
 8001674:	4431      	add	r1, r6
 8001676:	1052      	asrs	r2, r2, #1
 8001678:	4291      	cmp	r1, r2
 800167a:	bf92      	itee	ls
 800167c:	4693      	movls	fp, r2
 800167e:	468b      	movhi	fp, r1
 8001680:	460a      	movhi	r2, r1
 8001682:	0541      	lsls	r1, r0, #21
 8001684:	d52c      	bpl.n	80016e0 <__sfvwrite_r+0x298>
 8001686:	4611      	mov	r1, r2
 8001688:	4640      	mov	r0, r8
 800168a:	f7ff f80d 	bl	80006a8 <_malloc_r>
 800168e:	2800      	cmp	r0, #0
 8001690:	d03c      	beq.n	800170c <__sfvwrite_r+0x2c4>
 8001692:	4652      	mov	r2, sl
 8001694:	6921      	ldr	r1, [r4, #16]
 8001696:	9001      	str	r0, [sp, #4]
 8001698:	f7fe fdec 	bl	8000274 <memcpy>
 800169c:	89a2      	ldrh	r2, [r4, #12]
 800169e:	9b01      	ldr	r3, [sp, #4]
 80016a0:	f422 6290 	bic.w	r2, r2, #1152	@ 0x480
 80016a4:	f042 0280 	orr.w	r2, r2, #128	@ 0x80
 80016a8:	81a2      	strh	r2, [r4, #12]
 80016aa:	eb03 000a 	add.w	r0, r3, sl
 80016ae:	6123      	str	r3, [r4, #16]
 80016b0:	ebab 030a 	sub.w	r3, fp, sl
 80016b4:	f8c4 b014 	str.w	fp, [r4, #20]
 80016b8:	60a3      	str	r3, [r4, #8]
 80016ba:	6020      	str	r0, [r4, #0]
 80016bc:	46b3      	mov	fp, r6
 80016be:	4632      	mov	r2, r6
 80016c0:	e711      	b.n	80014e6 <__sfvwrite_r+0x9e>
 80016c2:	4639      	mov	r1, r7
 80016c4:	465a      	mov	r2, fp
 80016c6:	f000 f94b 	bl	8001960 <memmove>
 80016ca:	6823      	ldr	r3, [r4, #0]
 80016cc:	445b      	add	r3, fp
 80016ce:	6023      	str	r3, [r4, #0]
 80016d0:	4621      	mov	r1, r4
 80016d2:	4640      	mov	r0, r8
 80016d4:	f7ff fd36 	bl	8001144 <_fflush_r>
 80016d8:	2800      	cmp	r0, #0
 80016da:	f43f af57 	beq.w	800158c <__sfvwrite_r+0x144>
 80016de:	e728      	b.n	8001532 <__sfvwrite_r+0xea>
 80016e0:	4619      	mov	r1, r3
 80016e2:	4640      	mov	r0, r8
 80016e4:	f000 f9c0 	bl	8001a68 <_realloc_r>
 80016e8:	4603      	mov	r3, r0
 80016ea:	2800      	cmp	r0, #0
 80016ec:	d1dd      	bne.n	80016aa <__sfvwrite_r+0x262>
 80016ee:	6921      	ldr	r1, [r4, #16]
 80016f0:	4640      	mov	r0, r8
 80016f2:	f7fe ff7b 	bl	80005ec <_free_r>
 80016f6:	f9b4 300c 	ldrsh.w	r3, [r4, #12]
 80016fa:	220c      	movs	r2, #12
 80016fc:	f023 0380 	bic.w	r3, r3, #128	@ 0x80
 8001700:	f8c8 2000 	str.w	r2, [r8]
 8001704:	e717      	b.n	8001536 <__sfvwrite_r+0xee>
 8001706:	1c72      	adds	r2, r6, #1
 8001708:	4691      	mov	r9, r2
 800170a:	e726      	b.n	800155a <__sfvwrite_r+0x112>
 800170c:	220c      	movs	r2, #12
 800170e:	f9b4 300c 	ldrsh.w	r3, [r4, #12]
 8001712:	f8c8 2000 	str.w	r2, [r8]
 8001716:	e70e      	b.n	8001536 <__sfvwrite_r+0xee>
 8001718:	7ffffc00 	.word	0x7ffffc00

0800171c <_fwalk>:
 800171c:	e92d 41f0 	stmdb	sp!, {r4, r5, r6, r7, r8, lr}
 8001720:	4688      	mov	r8, r1
 8001722:	f100 0748 	add.w	r7, r0, #72	@ 0x48
 8001726:	2600      	movs	r6, #0
 8001728:	e9d7 5401 	ldrd	r5, r4, [r7, #4]
 800172c:	3d01      	subs	r5, #1
 800172e:	d40f      	bmi.n	8001750 <_fwalk+0x34>
 8001730:	89a3      	ldrh	r3, [r4, #12]
 8001732:	2b01      	cmp	r3, #1
 8001734:	f105 35ff 	add.w	r5, r5, #4294967295	@ 0xffffffff
 8001738:	d906      	bls.n	8001748 <_fwalk+0x2c>
 800173a:	f9b4 300e 	ldrsh.w	r3, [r4, #14]
 800173e:	3301      	adds	r3, #1
 8001740:	4620      	mov	r0, r4
 8001742:	d001      	beq.n	8001748 <_fwalk+0x2c>
 8001744:	47c0      	blx	r8
 8001746:	4306      	orrs	r6, r0
 8001748:	1c6b      	adds	r3, r5, #1
 800174a:	f104 0468 	add.w	r4, r4, #104	@ 0x68
 800174e:	d1ef      	bne.n	8001730 <_fwalk+0x14>
 8001750:	683f      	ldr	r7, [r7, #0]
 8001752:	2f00      	cmp	r7, #0
 8001754:	d1e8      	bne.n	8001728 <_fwalk+0xc>
 8001756:	4630      	mov	r0, r6
 8001758:	e8bd 81f0 	ldmia.w	sp!, {r4, r5, r6, r7, r8, pc}

0800175c <_fwalk_reent>:
 800175c:	e92d 43f8 	stmdb	sp!, {r3, r4, r5, r6, r7, r8, r9, lr}
 8001760:	4607      	mov	r7, r0
 8001762:	4688      	mov	r8, r1
 8001764:	f100 0648 	add.w	r6, r0, #72	@ 0x48
 8001768:	f04f 0900 	mov.w	r9, #0
 800176c:	e9d6 5401 	ldrd	r5, r4, [r6, #4]
 8001770:	3d01      	subs	r5, #1
 8001772:	d411      	bmi.n	8001798 <_fwalk_reent+0x3c>
 8001774:	89a3      	ldrh	r3, [r4, #12]
 8001776:	2b01      	cmp	r3, #1
 8001778:	f105 35ff 	add.w	r5, r5, #4294967295	@ 0xffffffff
 800177c:	d908      	bls.n	8001790 <_fwalk_reent+0x34>
 800177e:	f9b4 300e 	ldrsh.w	r3, [r4, #14]
 8001782:	3301      	adds	r3, #1
 8001784:	4621      	mov	r1, r4
 8001786:	d003      	beq.n	8001790 <_fwalk_reent+0x34>
 8001788:	4638      	mov	r0, r7
 800178a:	47c0      	blx	r8
 800178c:	ea49 0900 	orr.w	r9, r9, r0
 8001790:	1c6b      	adds	r3, r5, #1
 8001792:	f104 0468 	add.w	r4, r4, #104	@ 0x68
 8001796:	d1ed      	bne.n	8001774 <_fwalk_reent+0x18>
 8001798:	6836      	ldr	r6, [r6, #0]
 800179a:	2e00      	cmp	r6, #0
 800179c:	d1e6      	bne.n	800176c <_fwalk_reent+0x10>
 800179e:	4648      	mov	r0, r9
 80017a0:	e8bd 83f8 	ldmia.w	sp!, {r3, r4, r5, r6, r7, r8, r9, pc}

080017a4 <__smakebuf_r>:
 80017a4:	b5f0      	push	{r4, r5, r6, r7, lr}
 80017a6:	f9b1 300c 	ldrsh.w	r3, [r1, #12]
 80017aa:	460c      	mov	r4, r1
 80017ac:	0799      	lsls	r1, r3, #30
 80017ae:	b097      	sub	sp, #92	@ 0x5c
 80017b0:	d507      	bpl.n	80017c2 <__smakebuf_r+0x1e>
 80017b2:	f104 0347 	add.w	r3, r4, #71	@ 0x47
 80017b6:	2201      	movs	r2, #1
 80017b8:	e9c4 3204 	strd	r3, r2, [r4, #16]
 80017bc:	6023      	str	r3, [r4, #0]
 80017be:	b017      	add	sp, #92	@ 0x5c
 80017c0:	bdf0      	pop	{r4, r5, r6, r7, pc}
 80017c2:	f9b4 100e 	ldrsh.w	r1, [r4, #14]
 80017c6:	2900      	cmp	r1, #0
 80017c8:	4605      	mov	r5, r0
 80017ca:	db2e      	blt.n	800182a <__smakebuf_r+0x86>
 80017cc:	466a      	mov	r2, sp
 80017ce:	f000 fb2d 	bl	8001e2c <_fstat_r>
 80017d2:	2800      	cmp	r0, #0
 80017d4:	db27      	blt.n	8001826 <__smakebuf_r+0x82>
 80017d6:	9e01      	ldr	r6, [sp, #4]
 80017d8:	f406 4670 	and.w	r6, r6, #61440	@ 0xf000
 80017dc:	f44f 6780 	mov.w	r7, #1024	@ 0x400
 80017e0:	f5a6 5600 	sub.w	r6, r6, #8192	@ 0x2000
 80017e4:	fab6 f686 	clz	r6, r6
 80017e8:	4639      	mov	r1, r7
 80017ea:	4628      	mov	r0, r5
 80017ec:	0976      	lsrs	r6, r6, #5
 80017ee:	f7fe ff5b 	bl	80006a8 <_malloc_r>
 80017f2:	b338      	cbz	r0, 8001844 <__smakebuf_r+0xa0>
 80017f4:	89a3      	ldrh	r3, [r4, #12]
 80017f6:	4a1b      	ldr	r2, [pc, #108]	@ (8001864 <__smakebuf_r+0xc0>)
 80017f8:	62aa      	str	r2, [r5, #40]	@ 0x28
 80017fa:	f043 0380 	orr.w	r3, r3, #128	@ 0x80
 80017fe:	e9c4 0704 	strd	r0, r7, [r4, #16]
 8001802:	81a3      	strh	r3, [r4, #12]
 8001804:	6020      	str	r0, [r4, #0]
 8001806:	2e00      	cmp	r6, #0
 8001808:	d0d9      	beq.n	80017be <__smakebuf_r+0x1a>
 800180a:	f9b4 100e 	ldrsh.w	r1, [r4, #14]
 800180e:	4628      	mov	r0, r5
 8001810:	f000 fb22 	bl	8001e58 <_isatty_r>
 8001814:	2800      	cmp	r0, #0
 8001816:	d0d2      	beq.n	80017be <__smakebuf_r+0x1a>
 8001818:	89a3      	ldrh	r3, [r4, #12]
 800181a:	f023 0303 	bic.w	r3, r3, #3
 800181e:	f043 0301 	orr.w	r3, r3, #1
 8001822:	81a3      	strh	r3, [r4, #12]
 8001824:	e7cb      	b.n	80017be <__smakebuf_r+0x1a>
 8001826:	f9b4 300c 	ldrsh.w	r3, [r4, #12]
 800182a:	f013 0f80 	tst.w	r3, #128	@ 0x80
 800182e:	bf0c      	ite	eq
 8001830:	f44f 6780 	moveq.w	r7, #1024	@ 0x400
 8001834:	2740      	movne	r7, #64	@ 0x40
 8001836:	4639      	mov	r1, r7
 8001838:	4628      	mov	r0, r5
 800183a:	2600      	movs	r6, #0
 800183c:	f7fe ff34 	bl	80006a8 <_malloc_r>
 8001840:	2800      	cmp	r0, #0
 8001842:	d1d7      	bne.n	80017f4 <__smakebuf_r+0x50>
 8001844:	f9b4 300c 	ldrsh.w	r3, [r4, #12]
 8001848:	059a      	lsls	r2, r3, #22
 800184a:	d4b8      	bmi.n	80017be <__smakebuf_r+0x1a>
 800184c:	f023 0303 	bic.w	r3, r3, #3
 8001850:	f104 0247 	add.w	r2, r4, #71	@ 0x47
 8001854:	f043 0302 	orr.w	r3, r3, #2
 8001858:	2101      	movs	r1, #1
 800185a:	e9c4 2104 	strd	r2, r1, [r4, #16]
 800185e:	81a3      	strh	r3, [r4, #12]
 8001860:	6022      	str	r2, [r4, #0]
 8001862:	e7ac      	b.n	80017be <__smakebuf_r+0x1a>
 8001864:	0800121d 	.word	0x0800121d

08001868 <__swhatbuf_r>:
 8001868:	b570      	push	{r4, r5, r6, lr}
 800186a:	460c      	mov	r4, r1
 800186c:	f9b1 100e 	ldrsh.w	r1, [r1, #14]
 8001870:	2900      	cmp	r1, #0
 8001872:	b096      	sub	sp, #88	@ 0x58
 8001874:	4615      	mov	r5, r2
 8001876:	461e      	mov	r6, r3
 8001878:	db0f      	blt.n	800189a <__swhatbuf_r+0x32>
 800187a:	466a      	mov	r2, sp
 800187c:	f000 fad6 	bl	8001e2c <_fstat_r>
 8001880:	2800      	cmp	r0, #0
 8001882:	db0a      	blt.n	800189a <__swhatbuf_r+0x32>
 8001884:	9b01      	ldr	r3, [sp, #4]
 8001886:	f403 4370 	and.w	r3, r3, #61440	@ 0xf000
 800188a:	f5a3 5300 	sub.w	r3, r3, #8192	@ 0x2000
 800188e:	fab3 f383 	clz	r3, r3
 8001892:	f44f 6280 	mov.w	r2, #1024	@ 0x400
 8001896:	095b      	lsrs	r3, r3, #5
 8001898:	e008      	b.n	80018ac <__swhatbuf_r+0x44>
 800189a:	89a2      	ldrh	r2, [r4, #12]
 800189c:	f012 0f80 	tst.w	r2, #128	@ 0x80
 80018a0:	f04f 0300 	mov.w	r3, #0
 80018a4:	bf14      	ite	ne
 80018a6:	2240      	movne	r2, #64	@ 0x40
 80018a8:	f44f 6280 	moveq.w	r2, #1024	@ 0x400
 80018ac:	2000      	movs	r0, #0
 80018ae:	6033      	str	r3, [r6, #0]
 80018b0:	602a      	str	r2, [r5, #0]
 80018b2:	b016      	add	sp, #88	@ 0x58
 80018b4:	bd70      	pop	{r4, r5, r6, pc}
 80018b6:	bf00      	nop
 80018b8:	0000      	movs	r0, r0
 80018ba:	0000      	movs	r0, r0
 80018bc:	0000      	movs	r0, r0
 80018be:	0000      	movs	r0, r0

080018c0 <memchr>:
 80018c0:	f001 01ff 	and.w	r1, r1, #255	@ 0xff
 80018c4:	2a10      	cmp	r2, #16
 80018c6:	db2b      	blt.n	8001920 <memchr+0x60>
 80018c8:	f010 0f07 	tst.w	r0, #7
 80018cc:	d008      	beq.n	80018e0 <memchr+0x20>
 80018ce:	f810 3b01 	ldrb.w	r3, [r0], #1
 80018d2:	3a01      	subs	r2, #1
 80018d4:	428b      	cmp	r3, r1
 80018d6:	d02d      	beq.n	8001934 <memchr+0x74>
 80018d8:	f010 0f07 	tst.w	r0, #7
 80018dc:	b342      	cbz	r2, 8001930 <memchr+0x70>
 80018de:	d1f6      	bne.n	80018ce <memchr+0xe>
 80018e0:	b4f0      	push	{r4, r5, r6, r7}
 80018e2:	ea41 2101 	orr.w	r1, r1, r1, lsl #8
 80018e6:	ea41 4101 	orr.w	r1, r1, r1, lsl #16
 80018ea:	f022 0407 	bic.w	r4, r2, #7
 80018ee:	f07f 0700 	mvns.w	r7, #0
 80018f2:	2300      	movs	r3, #0
 80018f4:	e8f0 5602 	ldrd	r5, r6, [r0], #8
 80018f8:	3c08      	subs	r4, #8
 80018fa:	ea85 0501 	eor.w	r5, r5, r1
 80018fe:	ea86 0601 	eor.w	r6, r6, r1
 8001902:	fa85 f547 	uadd8	r5, r5, r7
 8001906:	faa3 f587 	sel	r5, r3, r7
 800190a:	fa86 f647 	uadd8	r6, r6, r7
 800190e:	faa5 f687 	sel	r6, r5, r7
 8001912:	b98e      	cbnz	r6, 8001938 <memchr+0x78>
 8001914:	d1ee      	bne.n	80018f4 <memchr+0x34>
 8001916:	bcf0      	pop	{r4, r5, r6, r7}
 8001918:	f001 01ff 	and.w	r1, r1, #255	@ 0xff
 800191c:	f002 0207 	and.w	r2, r2, #7
 8001920:	b132      	cbz	r2, 8001930 <memchr+0x70>
 8001922:	f810 3b01 	ldrb.w	r3, [r0], #1
 8001926:	3a01      	subs	r2, #1
 8001928:	ea83 0301 	eor.w	r3, r3, r1
 800192c:	b113      	cbz	r3, 8001934 <memchr+0x74>
 800192e:	d1f8      	bne.n	8001922 <memchr+0x62>
 8001930:	2000      	movs	r0, #0
 8001932:	4770      	bx	lr
 8001934:	3801      	subs	r0, #1
 8001936:	4770      	bx	lr
 8001938:	2d00      	cmp	r5, #0
 800193a:	bf06      	itte	eq
 800193c:	4635      	moveq	r5, r6
 800193e:	3803      	subeq	r0, #3
 8001940:	3807      	subne	r0, #7
 8001942:	f015 0f01 	tst.w	r5, #1
 8001946:	d107      	bne.n	8001958 <memchr+0x98>
 8001948:	3001      	adds	r0, #1
 800194a:	f415 7f80 	tst.w	r5, #256	@ 0x100
 800194e:	bf02      	ittt	eq
 8001950:	3001      	addeq	r0, #1
 8001952:	f415 3fc0 	tsteq.w	r5, #98304	@ 0x18000
 8001956:	3001      	addeq	r0, #1
 8001958:	bcf0      	pop	{r4, r5, r6, r7}
 800195a:	3801      	subs	r0, #1
 800195c:	4770      	bx	lr
 800195e:	bf00      	nop

08001960 <memmove>:
 8001960:	4288      	cmp	r0, r1
 8001962:	d90e      	bls.n	8001982 <memmove+0x22>
 8001964:	188b      	adds	r3, r1, r2
 8001966:	4283      	cmp	r3, r0
 8001968:	d90b      	bls.n	8001982 <memmove+0x22>
 800196a:	eb00 0c02 	add.w	ip, r0, r2
 800196e:	2a00      	cmp	r2, #0
 8001970:	d06e      	beq.n	8001a50 <memmove+0xf0>
 8001972:	4662      	mov	r2, ip
 8001974:	f813 cd01 	ldrb.w	ip, [r3, #-1]!
 8001978:	f802 cd01 	strb.w	ip, [r2, #-1]!
 800197c:	4299      	cmp	r1, r3
 800197e:	d1f9      	bne.n	8001974 <memmove+0x14>
 8001980:	4770      	bx	lr
 8001982:	2a0f      	cmp	r2, #15
 8001984:	d80f      	bhi.n	80019a6 <memmove+0x46>
 8001986:	4603      	mov	r3, r0
 8001988:	f102 3cff 	add.w	ip, r2, #4294967295	@ 0xffffffff
 800198c:	2a00      	cmp	r2, #0
 800198e:	d05f      	beq.n	8001a50 <memmove+0xf0>
 8001990:	f10c 0c01 	add.w	ip, ip, #1
 8001994:	3b01      	subs	r3, #1
 8001996:	448c      	add	ip, r1
 8001998:	f811 2b01 	ldrb.w	r2, [r1], #1
 800199c:	f803 2f01 	strb.w	r2, [r3, #1]!
 80019a0:	4561      	cmp	r1, ip
 80019a2:	d1f9      	bne.n	8001998 <memmove+0x38>
 80019a4:	4770      	bx	lr
 80019a6:	ea40 0301 	orr.w	r3, r0, r1
 80019aa:	079b      	lsls	r3, r3, #30
 80019ac:	d151      	bne.n	8001a52 <memmove+0xf2>
 80019ae:	f1a2 0310 	sub.w	r3, r2, #16
 80019b2:	b570      	push	{r4, r5, r6, lr}
 80019b4:	f101 0c20 	add.w	ip, r1, #32
 80019b8:	f023 050f 	bic.w	r5, r3, #15
 80019bc:	f101 0e10 	add.w	lr, r1, #16
 80019c0:	f100 0410 	add.w	r4, r0, #16
 80019c4:	44ac      	add	ip, r5
 80019c6:	091b      	lsrs	r3, r3, #4
 80019c8:	f85e 5c10 	ldr.w	r5, [lr, #-16]
 80019cc:	f844 5c10 	str.w	r5, [r4, #-16]
 80019d0:	f85e 5c0c 	ldr.w	r5, [lr, #-12]
 80019d4:	f844 5c0c 	str.w	r5, [r4, #-12]
 80019d8:	f85e 5c08 	ldr.w	r5, [lr, #-8]
 80019dc:	f844 5c08 	str.w	r5, [r4, #-8]
 80019e0:	f85e 5c04 	ldr.w	r5, [lr, #-4]
 80019e4:	f844 5c04 	str.w	r5, [r4, #-4]
 80019e8:	f10e 0e10 	add.w	lr, lr, #16
 80019ec:	45e6      	cmp	lr, ip
 80019ee:	f104 0410 	add.w	r4, r4, #16
 80019f2:	d1e9      	bne.n	80019c8 <memmove+0x68>
 80019f4:	3301      	adds	r3, #1
 80019f6:	f012 0f0c 	tst.w	r2, #12
 80019fa:	eb01 1103 	add.w	r1, r1, r3, lsl #4
 80019fe:	f002 040f 	and.w	r4, r2, #15
 8001a02:	eb00 1303 	add.w	r3, r0, r3, lsl #4
 8001a06:	d028      	beq.n	8001a5a <memmove+0xfa>
 8001a08:	3c04      	subs	r4, #4
 8001a0a:	f024 0603 	bic.w	r6, r4, #3
 8001a0e:	ea4f 0c94 	mov.w	ip, r4, lsr #2
 8001a12:	441e      	add	r6, r3
 8001a14:	1f1c      	subs	r4, r3, #4
 8001a16:	468e      	mov	lr, r1
 8001a18:	f85e 5b04 	ldr.w	r5, [lr], #4
 8001a1c:	f844 5f04 	str.w	r5, [r4, #4]!
 8001a20:	42b4      	cmp	r4, r6
 8001a22:	d1f9      	bne.n	8001a18 <memmove+0xb8>
 8001a24:	f10c 0401 	add.w	r4, ip, #1
 8001a28:	f002 0203 	and.w	r2, r2, #3
 8001a2c:	eb03 0384 	add.w	r3, r3, r4, lsl #2
 8001a30:	eb01 0184 	add.w	r1, r1, r4, lsl #2
 8001a34:	f102 3cff 	add.w	ip, r2, #4294967295	@ 0xffffffff
 8001a38:	b14a      	cbz	r2, 8001a4e <memmove+0xee>
 8001a3a:	f10c 0c01 	add.w	ip, ip, #1
 8001a3e:	3b01      	subs	r3, #1
 8001a40:	448c      	add	ip, r1
 8001a42:	f811 2b01 	ldrb.w	r2, [r1], #1
 8001a46:	f803 2f01 	strb.w	r2, [r3, #1]!
 8001a4a:	4561      	cmp	r1, ip
 8001a4c:	d1f9      	bne.n	8001a42 <memmove+0xe2>
 8001a4e:	bd70      	pop	{r4, r5, r6, pc}
 8001a50:	4770      	bx	lr
 8001a52:	f102 3cff 	add.w	ip, r2, #4294967295	@ 0xffffffff
 8001a56:	4603      	mov	r3, r0
 8001a58:	e79a      	b.n	8001990 <memmove+0x30>
 8001a5a:	4622      	mov	r2, r4
 8001a5c:	e7ea      	b.n	8001a34 <memmove+0xd4>
 8001a5e:	bf00      	nop

08001a60 <__malloc_lock>:
 8001a60:	4770      	bx	lr
 8001a62:	bf00      	nop

08001a64 <__malloc_unlock>:
 8001a64:	4770      	bx	lr
 8001a66:	bf00      	nop

08001a68 <_realloc_r>:
 8001a68:	b5f8      	push	{r3, r4, r5, r6, r7, lr}
 8001a6a:	4614      	mov	r4, r2
 8001a6c:	b1f1      	cbz	r1, 8001aac <_realloc_r+0x44>
 8001a6e:	b1c2      	cbz	r2, 8001aa2 <_realloc_r+0x3a>
 8001a70:	4606      	mov	r6, r0
 8001a72:	460d      	mov	r5, r1
 8001a74:	f000 fa18 	bl	8001ea8 <_malloc_usable_size_r>
 8001a78:	42a0      	cmp	r0, r4
 8001a7a:	d302      	bcc.n	8001a82 <_realloc_r+0x1a>
 8001a7c:	462f      	mov	r7, r5
 8001a7e:	4638      	mov	r0, r7
 8001a80:	bdf8      	pop	{r3, r4, r5, r6, r7, pc}
 8001a82:	4621      	mov	r1, r4
 8001a84:	4630      	mov	r0, r6
 8001a86:	f7fe fe0f 	bl	80006a8 <_malloc_r>
 8001a8a:	4607      	mov	r7, r0
 8001a8c:	b158      	cbz	r0, 8001aa6 <_realloc_r+0x3e>
 8001a8e:	4622      	mov	r2, r4
 8001a90:	4629      	mov	r1, r5
 8001a92:	f7fe fbef 	bl	8000274 <memcpy>
 8001a96:	4630      	mov	r0, r6
 8001a98:	4629      	mov	r1, r5
 8001a9a:	f7fe fda7 	bl	80005ec <_free_r>
 8001a9e:	4638      	mov	r0, r7
 8001aa0:	bdf8      	pop	{r3, r4, r5, r6, r7, pc}
 8001aa2:	f7fe fda3 	bl	80005ec <_free_r>
 8001aa6:	2700      	movs	r7, #0
 8001aa8:	4638      	mov	r0, r7
 8001aaa:	bdf8      	pop	{r3, r4, r5, r6, r7, pc}
 8001aac:	e8bd 40f8 	ldmia.w	sp!, {r3, r4, r5, r6, r7, lr}
 8001ab0:	4611      	mov	r1, r2
 8001ab2:	f7fe bdf9 	b.w	80006a8 <_malloc_r>
 8001ab6:	bf00      	nop

08001ab8 <_init_signal_r>:
 8001ab8:	b538      	push	{r3, r4, r5, lr}
 8001aba:	6c44      	ldr	r4, [r0, #68]	@ 0x44
 8001abc:	b10c      	cbz	r4, 8001ac2 <_init_signal_r+0xa>
 8001abe:	2000      	movs	r0, #0
 8001ac0:	bd38      	pop	{r3, r4, r5, pc}
 8001ac2:	2180      	movs	r1, #128	@ 0x80
 8001ac4:	4605      	mov	r5, r0
 8001ac6:	f7fe fdef 	bl	80006a8 <_malloc_r>
 8001aca:	4602      	mov	r2, r0
 8001acc:	6468      	str	r0, [r5, #68]	@ 0x44
 8001ace:	b130      	cbz	r0, 8001ade <_init_signal_r+0x26>
 8001ad0:	1f03      	subs	r3, r0, #4
 8001ad2:	327c      	adds	r2, #124	@ 0x7c
 8001ad4:	f843 4f04 	str.w	r4, [r3, #4]!
 8001ad8:	4293      	cmp	r3, r2
 8001ada:	d1fb      	bne.n	8001ad4 <_init_signal_r+0x1c>
 8001adc:	e7ef      	b.n	8001abe <_init_signal_r+0x6>
 8001ade:	f04f 30ff 	mov.w	r0, #4294967295	@ 0xffffffff
 8001ae2:	bd38      	pop	{r3, r4, r5, pc}

08001ae4 <_signal_r>:
 8001ae4:	b530      	push	{r4, r5, lr}
 8001ae6:	291f      	cmp	r1, #31
 8001ae8:	b083      	sub	sp, #12
 8001aea:	4605      	mov	r5, r0
 8001aec:	d808      	bhi.n	8001b00 <_signal_r+0x1c>
 8001aee:	6c43      	ldr	r3, [r0, #68]	@ 0x44
 8001af0:	460c      	mov	r4, r1
 8001af2:	b153      	cbz	r3, 8001b0a <_signal_r+0x26>
 8001af4:	f853 0024 	ldr.w	r0, [r3, r4, lsl #2]
 8001af8:	f843 2024 	str.w	r2, [r3, r4, lsl #2]
 8001afc:	b003      	add	sp, #12
 8001afe:	bd30      	pop	{r4, r5, pc}
 8001b00:	2316      	movs	r3, #22
 8001b02:	6003      	str	r3, [r0, #0]
 8001b04:	f04f 30ff 	mov.w	r0, #4294967295	@ 0xffffffff
 8001b08:	e7f8      	b.n	8001afc <_signal_r+0x18>
 8001b0a:	2180      	movs	r1, #128	@ 0x80
 8001b0c:	9201      	str	r2, [sp, #4]
 8001b0e:	f7fe fdcb 	bl	80006a8 <_malloc_r>
 8001b12:	9a01      	ldr	r2, [sp, #4]
 8001b14:	6468      	str	r0, [r5, #68]	@ 0x44
 8001b16:	4603      	mov	r3, r0
 8001b18:	2800      	cmp	r0, #0
 8001b1a:	d0f3      	beq.n	8001b04 <_signal_r+0x20>
 8001b1c:	1f01      	subs	r1, r0, #4
 8001b1e:	f100 057c 	add.w	r5, r0, #124	@ 0x7c
 8001b22:	2000      	movs	r0, #0
 8001b24:	f841 0f04 	str.w	r0, [r1, #4]!
 8001b28:	42a9      	cmp	r1, r5
 8001b2a:	d1fb      	bne.n	8001b24 <_signal_r+0x40>
 8001b2c:	e7e2      	b.n	8001af4 <_signal_r+0x10>
 8001b2e:	bf00      	nop

08001b30 <_raise_r>:
 8001b30:	291f      	cmp	r1, #31
 8001b32:	b538      	push	{r3, r4, r5, lr}
 8001b34:	4605      	mov	r5, r0
 8001b36:	d81e      	bhi.n	8001b76 <_raise_r+0x46>
 8001b38:	6c42      	ldr	r2, [r0, #68]	@ 0x44
 8001b3a:	460c      	mov	r4, r1
 8001b3c:	b16a      	cbz	r2, 8001b5a <_raise_r+0x2a>
 8001b3e:	f852 3021 	ldr.w	r3, [r2, r1, lsl #2]
 8001b42:	b153      	cbz	r3, 8001b5a <_raise_r+0x2a>
 8001b44:	2b01      	cmp	r3, #1
 8001b46:	d006      	beq.n	8001b56 <_raise_r+0x26>
 8001b48:	1c59      	adds	r1, r3, #1
 8001b4a:	d010      	beq.n	8001b6e <_raise_r+0x3e>
 8001b4c:	2100      	movs	r1, #0
 8001b4e:	f842 1024 	str.w	r1, [r2, r4, lsl #2]
 8001b52:	4620      	mov	r0, r4
 8001b54:	4798      	blx	r3
 8001b56:	2000      	movs	r0, #0
 8001b58:	bd38      	pop	{r3, r4, r5, pc}
 8001b5a:	4628      	mov	r0, r5
 8001b5c:	f000 f8f2 	bl	8001d44 <_getpid_r>
 8001b60:	4622      	mov	r2, r4
 8001b62:	4601      	mov	r1, r0
 8001b64:	4628      	mov	r0, r5
 8001b66:	e8bd 4038 	ldmia.w	sp!, {r3, r4, r5, lr}
 8001b6a:	f000 b8d5 	b.w	8001d18 <_kill_r>
 8001b6e:	2316      	movs	r3, #22
 8001b70:	6003      	str	r3, [r0, #0]
 8001b72:	2001      	movs	r0, #1
 8001b74:	bd38      	pop	{r3, r4, r5, pc}
 8001b76:	2316      	movs	r3, #22
 8001b78:	6003      	str	r3, [r0, #0]
 8001b7a:	f04f 30ff 	mov.w	r0, #4294967295	@ 0xffffffff
 8001b7e:	bd38      	pop	{r3, r4, r5, pc}

08001b80 <__sigtramp_r>:
 8001b80:	291f      	cmp	r1, #31
 8001b82:	d82a      	bhi.n	8001bda <__sigtramp_r+0x5a>
 8001b84:	b538      	push	{r3, r4, r5, lr}
 8001b86:	6c43      	ldr	r3, [r0, #68]	@ 0x44
 8001b88:	460c      	mov	r4, r1
 8001b8a:	4605      	mov	r5, r0
 8001b8c:	b1a3      	cbz	r3, 8001bb8 <__sigtramp_r+0x38>
 8001b8e:	f853 2024 	ldr.w	r2, [r3, r4, lsl #2]
 8001b92:	eb03 0384 	add.w	r3, r3, r4, lsl #2
 8001b96:	b14a      	cbz	r2, 8001bac <__sigtramp_r+0x2c>
 8001b98:	1c51      	adds	r1, r2, #1
 8001b9a:	d00b      	beq.n	8001bb4 <__sigtramp_r+0x34>
 8001b9c:	2a01      	cmp	r2, #1
 8001b9e:	d007      	beq.n	8001bb0 <__sigtramp_r+0x30>
 8001ba0:	2500      	movs	r5, #0
 8001ba2:	4620      	mov	r0, r4
 8001ba4:	601d      	str	r5, [r3, #0]
 8001ba6:	4790      	blx	r2
 8001ba8:	4628      	mov	r0, r5
 8001baa:	bd38      	pop	{r3, r4, r5, pc}
 8001bac:	2001      	movs	r0, #1
 8001bae:	bd38      	pop	{r3, r4, r5, pc}
 8001bb0:	2003      	movs	r0, #3
 8001bb2:	bd38      	pop	{r3, r4, r5, pc}
 8001bb4:	2002      	movs	r0, #2
 8001bb6:	bd38      	pop	{r3, r4, r5, pc}
 8001bb8:	2180      	movs	r1, #128	@ 0x80
 8001bba:	f7fe fd75 	bl	80006a8 <_malloc_r>
 8001bbe:	4603      	mov	r3, r0
 8001bc0:	6468      	str	r0, [r5, #68]	@ 0x44
 8001bc2:	b138      	cbz	r0, 8001bd4 <__sigtramp_r+0x54>
 8001bc4:	1f02      	subs	r2, r0, #4
 8001bc6:	2100      	movs	r1, #0
 8001bc8:	307c      	adds	r0, #124	@ 0x7c
 8001bca:	f842 1f04 	str.w	r1, [r2, #4]!
 8001bce:	4290      	cmp	r0, r2
 8001bd0:	d1fb      	bne.n	8001bca <__sigtramp_r+0x4a>
 8001bd2:	e7dc      	b.n	8001b8e <__sigtramp_r+0xe>
 8001bd4:	f04f 30ff 	mov.w	r0, #4294967295	@ 0xffffffff
 8001bd8:	bd38      	pop	{r3, r4, r5, pc}
 8001bda:	f04f 30ff 	mov.w	r0, #4294967295	@ 0xffffffff
 8001bde:	4770      	bx	lr

08001be0 <raise>:
 8001be0:	b538      	push	{r3, r4, r5, lr}
 8001be2:	4b13      	ldr	r3, [pc, #76]	@ (8001c30 <raise+0x50>)
 8001be4:	281f      	cmp	r0, #31
 8001be6:	681d      	ldr	r5, [r3, #0]
 8001be8:	d81d      	bhi.n	8001c26 <raise+0x46>
 8001bea:	6c6a      	ldr	r2, [r5, #68]	@ 0x44
 8001bec:	4604      	mov	r4, r0
 8001bee:	b162      	cbz	r2, 8001c0a <raise+0x2a>
 8001bf0:	f852 3020 	ldr.w	r3, [r2, r0, lsl #2]
 8001bf4:	b14b      	cbz	r3, 8001c0a <raise+0x2a>
 8001bf6:	2b01      	cmp	r3, #1
 8001bf8:	d005      	beq.n	8001c06 <raise+0x26>
 8001bfa:	1c59      	adds	r1, r3, #1
 8001bfc:	d00f      	beq.n	8001c1e <raise+0x3e>
 8001bfe:	2100      	movs	r1, #0
 8001c00:	f842 1020 	str.w	r1, [r2, r0, lsl #2]
 8001c04:	4798      	blx	r3
 8001c06:	2000      	movs	r0, #0
 8001c08:	bd38      	pop	{r3, r4, r5, pc}
 8001c0a:	4628      	mov	r0, r5
 8001c0c:	f000 f89a 	bl	8001d44 <_getpid_r>
 8001c10:	4622      	mov	r2, r4
 8001c12:	4601      	mov	r1, r0
 8001c14:	4628      	mov	r0, r5
 8001c16:	e8bd 4038 	ldmia.w	sp!, {r3, r4, r5, lr}
 8001c1a:	f000 b87d 	b.w	8001d18 <_kill_r>
 8001c1e:	2316      	movs	r3, #22
 8001c20:	602b      	str	r3, [r5, #0]
 8001c22:	2001      	movs	r0, #1
 8001c24:	bd38      	pop	{r3, r4, r5, pc}
 8001c26:	2316      	movs	r3, #22
 8001c28:	602b      	str	r3, [r5, #0]
 8001c2a:	f04f 30ff 	mov.w	r0, #4294967295	@ 0xffffffff
 8001c2e:	bd38      	pop	{r3, r4, r5, pc}
 8001c30:	20000000 	.word	0x20000000

08001c34 <signal>:
 8001c34:	4b11      	ldr	r3, [pc, #68]	@ (8001c7c <signal+0x48>)
 8001c36:	281f      	cmp	r0, #31
 8001c38:	b570      	push	{r4, r5, r6, lr}
 8001c3a:	681e      	ldr	r6, [r3, #0]
 8001c3c:	d808      	bhi.n	8001c50 <signal+0x1c>
 8001c3e:	6c73      	ldr	r3, [r6, #68]	@ 0x44
 8001c40:	4604      	mov	r4, r0
 8001c42:	460d      	mov	r5, r1
 8001c44:	b14b      	cbz	r3, 8001c5a <signal+0x26>
 8001c46:	f853 0024 	ldr.w	r0, [r3, r4, lsl #2]
 8001c4a:	f843 5024 	str.w	r5, [r3, r4, lsl #2]
 8001c4e:	bd70      	pop	{r4, r5, r6, pc}
 8001c50:	2316      	movs	r3, #22
 8001c52:	6033      	str	r3, [r6, #0]
 8001c54:	f04f 30ff 	mov.w	r0, #4294967295	@ 0xffffffff
 8001c58:	bd70      	pop	{r4, r5, r6, pc}
 8001c5a:	2180      	movs	r1, #128	@ 0x80
 8001c5c:	4630      	mov	r0, r6
 8001c5e:	f7fe fd23 	bl	80006a8 <_malloc_r>
 8001c62:	4603      	mov	r3, r0
 8001c64:	6470      	str	r0, [r6, #68]	@ 0x44
 8001c66:	2800      	cmp	r0, #0
 8001c68:	d0f4      	beq.n	8001c54 <signal+0x20>
 8001c6a:	1f02      	subs	r2, r0, #4
 8001c6c:	2100      	movs	r1, #0
 8001c6e:	307c      	adds	r0, #124	@ 0x7c
 8001c70:	f842 1f04 	str.w	r1, [r2, #4]!
 8001c74:	4290      	cmp	r0, r2
 8001c76:	d1fb      	bne.n	8001c70 <signal+0x3c>
 8001c78:	e7e5      	b.n	8001c46 <signal+0x12>
 8001c7a:	bf00      	nop
 8001c7c:	20000000 	.word	0x20000000

08001c80 <_init_signal>:
 8001c80:	b538      	push	{r3, r4, r5, lr}
 8001c82:	4b0b      	ldr	r3, [pc, #44]	@ (8001cb0 <_init_signal+0x30>)
 8001c84:	681d      	ldr	r5, [r3, #0]
 8001c86:	6c6c      	ldr	r4, [r5, #68]	@ 0x44
 8001c88:	b10c      	cbz	r4, 8001c8e <_init_signal+0xe>
 8001c8a:	2000      	movs	r0, #0
 8001c8c:	bd38      	pop	{r3, r4, r5, pc}
 8001c8e:	2180      	movs	r1, #128	@ 0x80
 8001c90:	4628      	mov	r0, r5
 8001c92:	f7fe fd09 	bl	80006a8 <_malloc_r>
 8001c96:	6468      	str	r0, [r5, #68]	@ 0x44
 8001c98:	b138      	cbz	r0, 8001caa <_init_signal+0x2a>
 8001c9a:	1f03      	subs	r3, r0, #4
 8001c9c:	f100 027c 	add.w	r2, r0, #124	@ 0x7c
 8001ca0:	f843 4f04 	str.w	r4, [r3, #4]!
 8001ca4:	4293      	cmp	r3, r2
 8001ca6:	d1fb      	bne.n	8001ca0 <_init_signal+0x20>
 8001ca8:	e7ef      	b.n	8001c8a <_init_signal+0xa>
 8001caa:	f04f 30ff 	mov.w	r0, #4294967295	@ 0xffffffff
 8001cae:	bd38      	pop	{r3, r4, r5, pc}
 8001cb0:	20000000 	.word	0x20000000

08001cb4 <__sigtramp>:
 8001cb4:	b538      	push	{r3, r4, r5, lr}
 8001cb6:	4b17      	ldr	r3, [pc, #92]	@ (8001d14 <__sigtramp+0x60>)
 8001cb8:	281f      	cmp	r0, #31
 8001cba:	681d      	ldr	r5, [r3, #0]
 8001cbc:	d826      	bhi.n	8001d0c <__sigtramp+0x58>
 8001cbe:	4604      	mov	r4, r0
 8001cc0:	6c68      	ldr	r0, [r5, #68]	@ 0x44
 8001cc2:	b1a0      	cbz	r0, 8001cee <__sigtramp+0x3a>
 8001cc4:	f850 3024 	ldr.w	r3, [r0, r4, lsl #2]
 8001cc8:	eb00 0084 	add.w	r0, r0, r4, lsl #2
 8001ccc:	b14b      	cbz	r3, 8001ce2 <__sigtramp+0x2e>
 8001cce:	1c5a      	adds	r2, r3, #1
 8001cd0:	d00b      	beq.n	8001cea <__sigtramp+0x36>
 8001cd2:	2b01      	cmp	r3, #1
 8001cd4:	d007      	beq.n	8001ce6 <__sigtramp+0x32>
 8001cd6:	2500      	movs	r5, #0
 8001cd8:	6005      	str	r5, [r0, #0]
 8001cda:	4620      	mov	r0, r4
 8001cdc:	4798      	blx	r3
 8001cde:	4628      	mov	r0, r5
 8001ce0:	bd38      	pop	{r3, r4, r5, pc}
 8001ce2:	2001      	movs	r0, #1
 8001ce4:	bd38      	pop	{r3, r4, r5, pc}
 8001ce6:	2003      	movs	r0, #3
 8001ce8:	bd38      	pop	{r3, r4, r5, pc}
 8001cea:	2002      	movs	r0, #2
 8001cec:	bd38      	pop	{r3, r4, r5, pc}
 8001cee:	2180      	movs	r1, #128	@ 0x80
 8001cf0:	4628      	mov	r0, r5
 8001cf2:	f7fe fcd9 	bl	80006a8 <_malloc_r>
 8001cf6:	6468      	str	r0, [r5, #68]	@ 0x44
 8001cf8:	b140      	cbz	r0, 8001d0c <__sigtramp+0x58>
 8001cfa:	1f03      	subs	r3, r0, #4
 8001cfc:	f100 017c 	add.w	r1, r0, #124	@ 0x7c
 8001d00:	2200      	movs	r2, #0
 8001d02:	f843 2f04 	str.w	r2, [r3, #4]!
 8001d06:	4299      	cmp	r1, r3
 8001d08:	d1fb      	bne.n	8001d02 <__sigtramp+0x4e>
 8001d0a:	e7db      	b.n	8001cc4 <__sigtramp+0x10>
 8001d0c:	f04f 30ff 	mov.w	r0, #4294967295	@ 0xffffffff
 8001d10:	bd38      	pop	{r3, r4, r5, pc}
 8001d12:	bf00      	nop
 8001d14:	20000000 	.word	0x20000000

08001d18 <_kill_r>:
 8001d18:	b570      	push	{r4, r5, r6, lr}
 8001d1a:	460c      	mov	r4, r1
 8001d1c:	4d08      	ldr	r5, [pc, #32]	@ (8001d40 <_kill_r+0x28>)
 8001d1e:	4603      	mov	r3, r0
 8001d20:	2600      	movs	r6, #0
 8001d22:	4620      	mov	r0, r4
 8001d24:	4611      	mov	r1, r2
 8001d26:	461c      	mov	r4, r3
 8001d28:	602e      	str	r6, [r5, #0]
 8001d2a:	f000 fc9f 	bl	800266c <_kill>
 8001d2e:	1c43      	adds	r3, r0, #1
 8001d30:	d000      	beq.n	8001d34 <_kill_r+0x1c>
 8001d32:	bd70      	pop	{r4, r5, r6, pc}
 8001d34:	682b      	ldr	r3, [r5, #0]
 8001d36:	2b00      	cmp	r3, #0
 8001d38:	d0fb      	beq.n	8001d32 <_kill_r+0x1a>
 8001d3a:	6023      	str	r3, [r4, #0]
 8001d3c:	bd70      	pop	{r4, r5, r6, pc}
 8001d3e:	bf00      	nop
 8001d40:	2000077c 	.word	0x2000077c

08001d44 <_getpid_r>:
 8001d44:	f000 bc90 	b.w	8002668 <_getpid>

08001d48 <__sread>:
 8001d48:	b510      	push	{r4, lr}
 8001d4a:	460c      	mov	r4, r1
 8001d4c:	f9b1 100e 	ldrsh.w	r1, [r1, #14]
 8001d50:	f000 f8b4 	bl	8001ebc <_read_r>
 8001d54:	2800      	cmp	r0, #0
 8001d56:	db03      	blt.n	8001d60 <__sread+0x18>
 8001d58:	6d63      	ldr	r3, [r4, #84]	@ 0x54
 8001d5a:	4403      	add	r3, r0
 8001d5c:	6563      	str	r3, [r4, #84]	@ 0x54
 8001d5e:	bd10      	pop	{r4, pc}
 8001d60:	89a3      	ldrh	r3, [r4, #12]
 8001d62:	f423 5380 	bic.w	r3, r3, #4096	@ 0x1000
 8001d66:	81a3      	strh	r3, [r4, #12]
 8001d68:	bd10      	pop	{r4, pc}
 8001d6a:	bf00      	nop

08001d6c <__seofread>:
 8001d6c:	2000      	movs	r0, #0
 8001d6e:	4770      	bx	lr

08001d70 <__swrite>:
 8001d70:	e92d 41f0 	stmdb	sp!, {r4, r5, r6, r7, r8, lr}
 8001d74:	460c      	mov	r4, r1
 8001d76:	f9b1 100c 	ldrsh.w	r1, [r1, #12]
 8001d7a:	461f      	mov	r7, r3
 8001d7c:	05cb      	lsls	r3, r1, #23
 8001d7e:	4605      	mov	r5, r0
 8001d80:	4616      	mov	r6, r2
 8001d82:	d40b      	bmi.n	8001d9c <__swrite+0x2c>
 8001d84:	f421 5180 	bic.w	r1, r1, #4096	@ 0x1000
 8001d88:	81a1      	strh	r1, [r4, #12]
 8001d8a:	463b      	mov	r3, r7
 8001d8c:	f9b4 100e 	ldrsh.w	r1, [r4, #14]
 8001d90:	4632      	mov	r2, r6
 8001d92:	4628      	mov	r0, r5
 8001d94:	e8bd 41f0 	ldmia.w	sp!, {r4, r5, r6, r7, r8, lr}
 8001d98:	f000 b820 	b.w	8001ddc <_write_r>
 8001d9c:	f9b4 100e 	ldrsh.w	r1, [r4, #14]
 8001da0:	2302      	movs	r3, #2
 8001da2:	2200      	movs	r2, #0
 8001da4:	f000 f86a 	bl	8001e7c <_lseek_r>
 8001da8:	f9b4 100c 	ldrsh.w	r1, [r4, #12]
 8001dac:	e7ea      	b.n	8001d84 <__swrite+0x14>
 8001dae:	bf00      	nop

08001db0 <__sseek>:
 8001db0:	b510      	push	{r4, lr}
 8001db2:	460c      	mov	r4, r1
 8001db4:	f9b1 100e 	ldrsh.w	r1, [r1, #14]
 8001db8:	f000 f860 	bl	8001e7c <_lseek_r>
 8001dbc:	f9b4 300c 	ldrsh.w	r3, [r4, #12]
 8001dc0:	1c42      	adds	r2, r0, #1
 8001dc2:	bf0e      	itee	eq
 8001dc4:	f423 5380 	biceq.w	r3, r3, #4096	@ 0x1000
 8001dc8:	f443 5380 	orrne.w	r3, r3, #4096	@ 0x1000
 8001dcc:	6560      	strne	r0, [r4, #84]	@ 0x54
 8001dce:	81a3      	strh	r3, [r4, #12]
 8001dd0:	bd10      	pop	{r4, pc}
 8001dd2:	bf00      	nop

08001dd4 <__sclose>:
 8001dd4:	f9b1 100e 	ldrsh.w	r1, [r1, #14]
 8001dd8:	f000 b816 	b.w	8001e08 <_close_r>

08001ddc <_write_r>:
 8001ddc:	b538      	push	{r3, r4, r5, lr}
 8001dde:	460c      	mov	r4, r1
 8001de0:	4d08      	ldr	r5, [pc, #32]	@ (8001e04 <_write_r+0x28>)
 8001de2:	4684      	mov	ip, r0
 8001de4:	4611      	mov	r1, r2
 8001de6:	4620      	mov	r0, r4
 8001de8:	461a      	mov	r2, r3
 8001dea:	2300      	movs	r3, #0
 8001dec:	602b      	str	r3, [r5, #0]
 8001dee:	4664      	mov	r4, ip
 8001df0:	f000 fc3f 	bl	8002672 <_write>
 8001df4:	1c43      	adds	r3, r0, #1
 8001df6:	d000      	beq.n	8001dfa <_write_r+0x1e>
 8001df8:	bd38      	pop	{r3, r4, r5, pc}
 8001dfa:	682b      	ldr	r3, [r5, #0]
 8001dfc:	2b00      	cmp	r3, #0
 8001dfe:	d0fb      	beq.n	8001df8 <_write_r+0x1c>
 8001e00:	6023      	str	r3, [r4, #0]
 8001e02:	bd38      	pop	{r3, r4, r5, pc}
 8001e04:	2000077c 	.word	0x2000077c

08001e08 <_close_r>:
 8001e08:	b538      	push	{r3, r4, r5, lr}
 8001e0a:	4d07      	ldr	r5, [pc, #28]	@ (8001e28 <_close_r+0x20>)
 8001e0c:	2200      	movs	r2, #0
 8001e0e:	4604      	mov	r4, r0
 8001e10:	4608      	mov	r0, r1
 8001e12:	602a      	str	r2, [r5, #0]
 8001e14:	f000 fc26 	bl	8002664 <_close>
 8001e18:	1c43      	adds	r3, r0, #1
 8001e1a:	d000      	beq.n	8001e1e <_close_r+0x16>
 8001e1c:	bd38      	pop	{r3, r4, r5, pc}
 8001e1e:	682b      	ldr	r3, [r5, #0]
 8001e20:	2b00      	cmp	r3, #0
 8001e22:	d0fb      	beq.n	8001e1c <_close_r+0x14>
 8001e24:	6023      	str	r3, [r4, #0]
 8001e26:	bd38      	pop	{r3, r4, r5, pc}
 8001e28:	2000077c 	.word	0x2000077c

08001e2c <_fstat_r>:
 8001e2c:	b570      	push	{r4, r5, r6, lr}
 8001e2e:	460c      	mov	r4, r1
 8001e30:	4d08      	ldr	r5, [pc, #32]	@ (8001e54 <_fstat_r+0x28>)
 8001e32:	4603      	mov	r3, r0
 8001e34:	2600      	movs	r6, #0
 8001e36:	4620      	mov	r0, r4
 8001e38:	4611      	mov	r1, r2
 8001e3a:	461c      	mov	r4, r3
 8001e3c:	602e      	str	r6, [r5, #0]
 8001e3e:	f000 fc12 	bl	8002666 <_fstat>
 8001e42:	1c43      	adds	r3, r0, #1
 8001e44:	d000      	beq.n	8001e48 <_fstat_r+0x1c>
 8001e46:	bd70      	pop	{r4, r5, r6, pc}
 8001e48:	682b      	ldr	r3, [r5, #0]
 8001e4a:	2b00      	cmp	r3, #0
 8001e4c:	d0fb      	beq.n	8001e46 <_fstat_r+0x1a>
 8001e4e:	6023      	str	r3, [r4, #0]
 8001e50:	bd70      	pop	{r4, r5, r6, pc}
 8001e52:	bf00      	nop
 8001e54:	2000077c 	.word	0x2000077c

08001e58 <_isatty_r>:
 8001e58:	b538      	push	{r3, r4, r5, lr}
 8001e5a:	4d07      	ldr	r5, [pc, #28]	@ (8001e78 <_isatty_r+0x20>)
 8001e5c:	2200      	movs	r2, #0
 8001e5e:	4604      	mov	r4, r0
 8001e60:	4608      	mov	r0, r1
 8001e62:	602a      	str	r2, [r5, #0]
 8001e64:	f000 fc01 	bl	800266a <_isatty>
 8001e68:	1c43      	adds	r3, r0, #1
 8001e6a:	d000      	beq.n	8001e6e <_isatty_r+0x16>
 8001e6c:	bd38      	pop	{r3, r4, r5, pc}
 8001e6e:	682b      	ldr	r3, [r5, #0]
 8001e70:	2b00      	cmp	r3, #0
 8001e72:	d0fb      	beq.n	8001e6c <_isatty_r+0x14>
 8001e74:	6023      	str	r3, [r4, #0]
 8001e76:	bd38      	pop	{r3, r4, r5, pc}
 8001e78:	2000077c 	.word	0x2000077c

08001e7c <_lseek_r>:
 8001e7c:	b538      	push	{r3, r4, r5, lr}
 8001e7e:	460c      	mov	r4, r1
 8001e80:	4d08      	ldr	r5, [pc, #32]	@ (8001ea4 <_lseek_r+0x28>)
 8001e82:	4684      	mov	ip, r0
 8001e84:	4611      	mov	r1, r2
 8001e86:	4620      	mov	r0, r4
 8001e88:	461a      	mov	r2, r3
 8001e8a:	2300      	movs	r3, #0
 8001e8c:	602b      	str	r3, [r5, #0]
 8001e8e:	4664      	mov	r4, ip
 8001e90:	f000 fbed 	bl	800266e <_lseek>
 8001e94:	1c43      	adds	r3, r0, #1
 8001e96:	d000      	beq.n	8001e9a <_lseek_r+0x1e>
 8001e98:	bd38      	pop	{r3, r4, r5, pc}
 8001e9a:	682b      	ldr	r3, [r5, #0]
 8001e9c:	2b00      	cmp	r3, #0
 8001e9e:	d0fb      	beq.n	8001e98 <_lseek_r+0x1c>
 8001ea0:	6023      	str	r3, [r4, #0]
 8001ea2:	bd38      	pop	{r3, r4, r5, pc}
 8001ea4:	2000077c 	.word	0x2000077c

08001ea8 <_malloc_usable_size_r>:
 8001ea8:	f851 0c04 	ldr.w	r0, [r1, #-4]
 8001eac:	2800      	cmp	r0, #0
 8001eae:	f1a0 0004 	sub.w	r0, r0, #4
 8001eb2:	bfbc      	itt	lt
 8001eb4:	580b      	ldrlt	r3, [r1, r0]
 8001eb6:	18c0      	addlt	r0, r0, r3
 8001eb8:	4770      	bx	lr
 8001eba:	bf00      	nop

08001ebc <_read_r>:
 8001ebc:	b538      	push	{r3, r4, r5, lr}
 8001ebe:	460c      	mov	r4, r1
 8001ec0:	4d08      	ldr	r5, [pc, #32]	@ (8001ee4 <_read_r+0x28>)
 8001ec2:	4684      	mov	ip, r0
 8001ec4:	4611      	mov	r1, r2
 8001ec6:	4620      	mov	r0, r4
 8001ec8:	461a      	mov	r2, r3
 8001eca:	2300      	movs	r3, #0
 8001ecc:	602b      	str	r3, [r5, #0]
 8001ece:	4664      	mov	r4, ip
 8001ed0:	f000 fbce 	bl	8002670 <_read>
 8001ed4:	1c43      	adds	r3, r0, #1
 8001ed6:	d000      	beq.n	8001eda <_read_r+0x1e>
 8001ed8:	bd38      	pop	{r3, r4, r5, pc}
 8001eda:	682b      	ldr	r3, [r5, #0]
 8001edc:	2b00      	cmp	r3, #0
 8001ede:	d0fb      	beq.n	8001ed8 <_read_r+0x1c>
 8001ee0:	6023      	str	r3, [r4, #0]
 8001ee2:	bd38      	pop	{r3, r4, r5, pc}
 8001ee4:	2000077c 	.word	0x2000077c

08001ee8 <_exit>:
 8001ee8:	e7fe      	b.n	8001ee8 <_exit>
 8001eea:	bf00      	nop

08001eec <MY_AES_ECB>:
#include <string.h>

#include "aes.h"

int MY_AES_ECB(uint8_t *output, uint8_t *input_k, uint8_t *input_p, uint8_t len)
{
 8001eec:	b530      	push	{r4, r5, lr}
	struct AES_ctx ctx;

	/* AES-128 ECB: 한 블록(16바이트)만 지원한다. MASKED=1 이면 CipherMasked. */
	if (len != AES_BLOCKLEN) {
 8001eee:	2b10      	cmp	r3, #16
{
 8001ef0:	b0ad      	sub	sp, #180	@ 0xb4
 8001ef2:	4605      	mov	r5, r0
 8001ef4:	4614      	mov	r4, r2
	if (len != AES_BLOCKLEN) {
 8001ef6:	d116      	bne.n	8001f26 <MY_AES_ECB+0x3a>
		return -1;
	}
	if (output == 0 || input_k == 0 || input_p == 0) {
 8001ef8:	b1ad      	cbz	r5, 8001f26 <MY_AES_ECB+0x3a>
 8001efa:	b1a1      	cbz	r1, 8001f26 <MY_AES_ECB+0x3a>
 8001efc:	b19a      	cbz	r2, 8001f26 <MY_AES_ECB+0x3a>
		return -1;
	}

	AES_init_ctx(&ctx, input_k);
 8001efe:	4668      	mov	r0, sp
 8001f00:	f000 f910 	bl	8002124 <AES_init_ctx>
	memcpy(output, input_p, AES_BLOCKLEN);
 8001f04:	4622      	mov	r2, r4
 8001f06:	462b      	mov	r3, r5
 8001f08:	f104 0110 	add.w	r1, r4, #16
 8001f0c:	f852 0b04 	ldr.w	r0, [r2], #4
 8001f10:	f843 0b04 	str.w	r0, [r3], #4
 8001f14:	428a      	cmp	r2, r1
 8001f16:	d1f9      	bne.n	8001f0c <MY_AES_ECB+0x20>
	AES_ECB_encrypt(&ctx, output);
 8001f18:	4668      	mov	r0, sp
 8001f1a:	4629      	mov	r1, r5
 8001f1c:	f000 f938 	bl	8002190 <AES_ECB_encrypt>

	return 0;
 8001f20:	2000      	movs	r0, #0
}
 8001f22:	b02d      	add	sp, #180	@ 0xb4
 8001f24:	bd30      	pop	{r4, r5, pc}
		return -1;
 8001f26:	f04f 30ff 	mov.w	r0, #4294967295	@ 0xffffffff
 8001f2a:	e7fa      	b.n	8001f22 <MY_AES_ECB+0x36>

08001f2c <MY_AES_get_last_masks>:

void MY_AES_get_last_masks(uint8_t out[10])
{
	AES_get_last_masks(out);
 8001f2c:	f000 b8f0 	b.w	8002110 <AES_get_last_masks>

08001f30 <my_init>:

#if SS_VER == SS_VER_2_1
//SS_VER_2_1 사용이 기본
uint8_t my_init(uint8_t cmd, uint8_t scmd, uint8_t len, uint8_t *buf)
{
 	if (scmd == (uint8_t)'k') {
 8001f30:	296b      	cmp	r1, #107	@ 0x6b
{
 8001f32:	b570      	push	{r4, r5, r6, lr}
 8001f34:	460d      	mov	r5, r1
 8001f36:	4614      	mov	r4, r2
 8001f38:	461e      	mov	r6, r3
 	if (scmd == (uint8_t)'k') {
 8001f3a:	d10f      	bne.n	8001f5c <my_init+0x2c>
 8001f3c:	4a24      	ldr	r2, [pc, #144]	@ (8001fd0 <my_init+0xa0>)
		/**********************************
		* Start user-specific code here. */
	
		for(int i = 0; i<len; i++)
 8001f3e:	2300      	movs	r3, #0
 8001f40:	429c      	cmp	r4, r3
 8001f42:	dc06      	bgt.n	8001f52 <my_init+0x22>
			global_k[i] = buf[i];

		/* End user-specific code here. *
		********************************/
		
		simpleserial_put(scmd, len, global_k);
 8001f44:	4a22      	ldr	r2, [pc, #136]	@ (8001fd0 <my_init+0xa0>)
 8001f46:	4621      	mov	r1, r4
 8001f48:	206b      	movs	r0, #107	@ 0x6b
		global_len = buf[0];

		/* End user-specific code here. *
		********************************/
		
		simpleserial_put((char)scmd, 1, &global_len);
 8001f4a:	f000 fab1 	bl	80024b0 <simpleserial_put>
		
	}

	return 0x00;

}
 8001f4e:	2000      	movs	r0, #0
 8001f50:	bd70      	pop	{r4, r5, r6, pc}
			global_k[i] = buf[i];
 8001f52:	5cf1      	ldrb	r1, [r6, r3]
 8001f54:	f802 1b01 	strb.w	r1, [r2], #1
		for(int i = 0; i<len; i++)
 8001f58:	3301      	adds	r3, #1
 8001f5a:	e7f1      	b.n	8001f40 <my_init+0x10>
	if (scmd == (uint8_t)'p') {
 8001f5c:	2970      	cmp	r1, #112	@ 0x70
 8001f5e:	d10c      	bne.n	8001f7a <my_init+0x4a>
 8001f60:	4a1c      	ldr	r2, [pc, #112]	@ (8001fd4 <my_init+0xa4>)
		for(int i = 0; i<len; i++)
 8001f62:	2300      	movs	r3, #0
 8001f64:	429c      	cmp	r4, r3
 8001f66:	dc03      	bgt.n	8001f70 <my_init+0x40>
		simpleserial_put((char)scmd, len, global_p);
 8001f68:	4a1a      	ldr	r2, [pc, #104]	@ (8001fd4 <my_init+0xa4>)
 8001f6a:	4621      	mov	r1, r4
 8001f6c:	2070      	movs	r0, #112	@ 0x70
 8001f6e:	e7ec      	b.n	8001f4a <my_init+0x1a>
			global_p[i] = buf[i];
 8001f70:	5cf1      	ldrb	r1, [r6, r3]
 8001f72:	f802 1b01 	strb.w	r1, [r2], #1
		for(int i = 0; i<len; i++)
 8001f76:	3301      	adds	r3, #1
 8001f78:	e7f4      	b.n	8001f64 <my_init+0x34>
	if (scmd == (uint8_t)'s') {
 8001f7a:	2973      	cmp	r1, #115	@ 0x73
 8001f7c:	d117      	bne.n	8001fae <my_init+0x7e>
		for (int i = 0; i < 4 && i < len; i++)
 8001f7e:	b1a2      	cbz	r2, 8001faa <my_init+0x7a>
 8001f80:	2300      	movs	r3, #0
		unsigned seed = 0;
 8001f82:	4618      	mov	r0, r3
			seed |= ((unsigned)buf[i]) << (8 * i);
 8001f84:	5cf2      	ldrb	r2, [r6, r3]
 8001f86:	00d9      	lsls	r1, r3, #3
		for (int i = 0; i < 4 && i < len; i++)
 8001f88:	3301      	adds	r3, #1
			seed |= ((unsigned)buf[i]) << (8 * i);
 8001f8a:	408a      	lsls	r2, r1
		for (int i = 0; i < 4 && i < len; i++)
 8001f8c:	2b04      	cmp	r3, #4
			seed |= ((unsigned)buf[i]) << (8 * i);
 8001f8e:	ea40 0002 	orr.w	r0, r0, r2
		for (int i = 0; i < 4 && i < len; i++)
 8001f92:	d001      	beq.n	8001f98 <my_init+0x68>
 8001f94:	429c      	cmp	r4, r3
 8001f96:	dcf5      	bgt.n	8001f84 <my_init+0x54>
		srand(seed);
 8001f98:	f7fe fa58 	bl	800044c <srand>
		simpleserial_put((char)scmd, len < 4 ? len : 4, buf);
 8001f9c:	2c04      	cmp	r4, #4
 8001f9e:	4621      	mov	r1, r4
 8001fa0:	4632      	mov	r2, r6
 8001fa2:	bf28      	it	cs
 8001fa4:	2104      	movcs	r1, #4
 8001fa6:	2073      	movs	r0, #115	@ 0x73
 8001fa8:	e7cf      	b.n	8001f4a <my_init+0x1a>
		unsigned seed = 0;
 8001faa:	4610      	mov	r0, r2
 8001fac:	e7f4      	b.n	8001f98 <my_init+0x68>
	if (scmd == (uint8_t)'l') {
 8001fae:	296c      	cmp	r1, #108	@ 0x6c
 8001fb0:	d1cd      	bne.n	8001f4e <my_init+0x1e>
			global_ret[i] = 0;
 8001fb2:	4c07      	ldr	r4, [pc, #28]	@ (8001fd0 <my_init+0xa0>)
 8001fb4:	22f5      	movs	r2, #245	@ 0xf5
 8001fb6:	2100      	movs	r1, #0
 8001fb8:	f504 70f5 	add.w	r0, r4, #490	@ 0x1ea
 8001fbc:	f7fe f9f4 	bl	80003a8 <memset>
		global_len = buf[0];
 8001fc0:	7833      	ldrb	r3, [r6, #0]
 8001fc2:	f884 32df 	strb.w	r3, [r4, #735]	@ 0x2df
		simpleserial_put((char)scmd, 1, &global_len);
 8001fc6:	f204 22df 	addw	r2, r4, #735	@ 0x2df
 8001fca:	2101      	movs	r1, #1
 8001fcc:	4628      	mov	r0, r5
 8001fce:	e7bc      	b.n	8001f4a <my_init+0x1a>
 8001fd0:	20000080 	.word	0x20000080
 8001fd4:	20000175 	.word	0x20000175

08001fd8 <my_update>:
uint8_t my_update(uint8_t cmd, uint8_t scmd, uint8_t len, uint8_t *buf)
{

	if (scmd == (uint8_t)'c') {
 8001fd8:	2963      	cmp	r1, #99	@ 0x63
{
 8001fda:	b537      	push	{r0, r1, r2, r4, r5, lr}
 8001fdc:	460d      	mov	r5, r1
	if (scmd == (uint8_t)'c') {
 8001fde:	d111      	bne.n	8002004 <my_update+0x2c>
		/**********************************
		* Start user-specific code here. */
		/* 트리거 구간 = AES 연산만. 마스크 회수 UART 는 트리거 밖에서. */
		trigger_high();
		
		MY_AES_ECB(global_ret, global_k, global_p, global_len);
 8001fe0:	4c0e      	ldr	r4, [pc, #56]	@ (800201c <my_update+0x44>)
		trigger_high();
 8001fe2:	f000 fbe9 	bl	80027b8 <trigger_high>
		MY_AES_ECB(global_ret, global_k, global_p, global_len);
 8001fe6:	f894 32df 	ldrb.w	r3, [r4, #735]	@ 0x2df
 8001fea:	f104 02f5 	add.w	r2, r4, #245	@ 0xf5
 8001fee:	4621      	mov	r1, r4
 8001ff0:	f504 70f5 	add.w	r0, r4, #490	@ 0x1ea
 8001ff4:	f7ff ff7a 	bl	8001eec <MY_AES_ECB>

		trigger_low();
 8001ff8:	f000 fbe5 	bl	80027c6 <trigger_low>

		/* 연구용: 방금 연산의 mask[10] 보관. 호스트는 0x83 'm' 으로 읽는다. */
		MY_AES_get_last_masks(global_masks);
 8001ffc:	f504 7038 	add.w	r0, r4, #736	@ 0x2e0
 8002000:	f7ff ff94 	bl	8001f2c <MY_AES_get_last_masks>

		/* End user-specific code here. *
		********************************/
				
	}
	simpleserial_put((char)scmd, 1, (uint8_t[]){0x82});	
 8002004:	2382      	movs	r3, #130	@ 0x82
 8002006:	4628      	mov	r0, r5
 8002008:	aa01      	add	r2, sp, #4
 800200a:	2101      	movs	r1, #1
 800200c:	f88d 3004 	strb.w	r3, [sp, #4]
 8002010:	f000 fa4e 	bl	80024b0 <simpleserial_put>

	return 0x00;

}
 8002014:	2000      	movs	r0, #0
 8002016:	b003      	add	sp, #12
 8002018:	bd30      	pop	{r4, r5, pc}
 800201a:	bf00      	nop
 800201c:	20000080 	.word	0x20000080

08002020 <my_final>:
uint8_t my_final(uint8_t cmd, uint8_t scmd, uint8_t len, uint8_t *buf)
{

	if (scmd == (uint8_t)'r') {
 8002020:	2972      	cmp	r1, #114	@ 0x72
{
 8002022:	b508      	push	{r3, lr}
 8002024:	4608      	mov	r0, r1
	if (scmd == (uint8_t)'r') {
 8002026:	d108      	bne.n	800203a <my_final+0x1a>
		* Start user-specific code here. */

		/* End user-specific code here. *
		********************************/
		
		simpleserial_put((char)scmd, global_len, global_ret);
 8002028:	4b06      	ldr	r3, [pc, #24]	@ (8002044 <my_final+0x24>)
 800202a:	f893 12df 	ldrb.w	r1, [r3, #735]	@ 0x2df
 800202e:	f503 72f5 	add.w	r2, r3, #490	@ 0x1ea
	}

	if (scmd == (uint8_t)'m') {
		/* 마지막 암호화에 쓰인 마스크 10바이트.
		 * 공격자가 모르는 값이지만 실험실 h5 수집(i_m)용. */
		simpleserial_put((char)scmd, MASK_LEN, global_masks);
 8002032:	f000 fa3d 	bl	80024b0 <simpleserial_put>
	}
	

	return 0x00;

}
 8002036:	2000      	movs	r0, #0
 8002038:	bd08      	pop	{r3, pc}
	if (scmd == (uint8_t)'m') {
 800203a:	296d      	cmp	r1, #109	@ 0x6d
 800203c:	d1fb      	bne.n	8002036 <my_final+0x16>
		simpleserial_put((char)scmd, MASK_LEN, global_masks);
 800203e:	4a02      	ldr	r2, [pc, #8]	@ (8002048 <my_final+0x28>)
 8002040:	210a      	movs	r1, #10
 8002042:	e7f6      	b.n	8002032 <my_final+0x12>
 8002044:	20000080 	.word	0x20000080
 8002048:	20000360 	.word	0x20000360

0800204c <main>:
#endif


int main(void)
{
 800204c:	b508      	push	{r3, lr}
    platform_init();
 800204e:	f000 fb11 	bl	8002674 <platform_init>
	init_uart();
 8002052:	f000 fb4f 	bl	80026f4 <init_uart>
	trigger_setup();
 8002056:	f000 fb8b 	bl	8002770 <trigger_setup>
	 * 여기서 부팅 기본 시드를 넣지만 이 값은 매 부팅 동일하다 — 즉 호스트가 's' 를
	 * 보내지 않으면 리셋할 때마다 완전히 같은 마스크 수열이 재생된다. 그래도 되는
	 * 값이 아니라 "안 주면 이렇게 된다"는 사실을 드러내려고 상수를 쓴다.
	 * 예전 구현은 스택 주소를 섞어 시드를 만들며 "리셋마다 달라진다"고 주석을 달았지만,
	 * 이 MCU 에서 그 주소들은 매 부팅 같은 값이라 사실이 아니었다. */
	srand(1u);
 800205a:	2001      	movs	r0, #1
 800205c:	f7fe f9f6 	bl	800044c <srand>
	putch('l');
	putch('o');
	putch('\n');
	*/

	simpleserial_init();
 8002060:	f000 fa14 	bl	800248c <simpleserial_init>
#if SS_VER != SS_VER_2_1
	simpleserial_addcmd('p', MAX_DATA_LEN, get_pt);
	simpleserial_addcmd('k', MAX_DATA_LEN, get_key);
	simpleserial_addcmd('x', 0, reset);
#else
	simpleserial_addcmd(0x81, MAX_DATA_LEN, my_init);
 8002064:	4a08      	ldr	r2, [pc, #32]	@ (8002088 <main+0x3c>)
 8002066:	21f5      	movs	r1, #245	@ 0xf5
 8002068:	2081      	movs	r0, #129	@ 0x81
 800206a:	f000 f9f5 	bl	8002458 <simpleserial_addcmd>
    simpleserial_addcmd(0x82, MAX_DATA_LEN, my_update);
 800206e:	4a07      	ldr	r2, [pc, #28]	@ (800208c <main+0x40>)
 8002070:	21f5      	movs	r1, #245	@ 0xf5
 8002072:	2082      	movs	r0, #130	@ 0x82
 8002074:	f000 f9f0 	bl	8002458 <simpleserial_addcmd>
	simpleserial_addcmd(0x83, MAX_DATA_LEN, my_final);
 8002078:	4a05      	ldr	r2, [pc, #20]	@ (8002090 <main+0x44>)
 800207a:	21f5      	movs	r1, #245	@ 0xf5
 800207c:	2083      	movs	r0, #131	@ 0x83
 800207e:	f000 f9eb 	bl	8002458 <simpleserial_addcmd>
#endif
	while(1)
		simpleserial_get();
 8002082:	f000 fa73 	bl	800256c <simpleserial_get>
	while(1)
 8002086:	e7fc      	b.n	8002082 <main+0x36>
 8002088:	08001f31 	.word	0x08001f31
 800208c:	08001fd9 	.word	0x08001fd9
 8002090:	08002021 	.word	0x08002021

08002094 <remask>:
//	[....]				  [m1^m5|m1^m5|m1^m5|m1^m5]
//	[....]	EXOR		[m2^m6|m2^m6|m2^m6|m2^m6]
//	[....]				  [m3^m7|m3^m7|m3^m7|m3^m7]
//	[....]				  [m4^m8|m4^m8|m5^m8|m4^m8]
static void remask(state_t * s, uint8_t m1, uint8_t m2, uint8_t m3, uint8_t m4, uint8_t m5, uint8_t m6, uint8_t m7, uint8_t m8)
{
 8002094:	b570      	push	{r4, r5, r6, lr}
  for (int i = 0; i < 4; i++)
  {
    (*s)[i][0] = (*s)[i][0] ^ (m1 ^ m5);
 8002096:	f89d 4014 	ldrb.w	r4, [sp, #20]
    (*s)[i][1] = (*s)[i][1] ^ (m2 ^ m6);
    (*s)[i][2] = (*s)[i][2] ^ (m3 ^ m7);
    (*s)[i][3] = (*s)[i][3] ^ (m4 ^ m8);
 800209a:	f89d 5010 	ldrb.w	r5, [sp, #16]
    (*s)[i][0] = (*s)[i][0] ^ (m1 ^ m5);
 800209e:	4061      	eors	r1, r4
    (*s)[i][1] = (*s)[i][1] ^ (m2 ^ m6);
 80020a0:	f89d 4018 	ldrb.w	r4, [sp, #24]
 80020a4:	4062      	eors	r2, r4
    (*s)[i][2] = (*s)[i][2] ^ (m3 ^ m7);
 80020a6:	f89d 401c 	ldrb.w	r4, [sp, #28]
 80020aa:	4063      	eors	r3, r4
    (*s)[i][3] = (*s)[i][3] ^ (m4 ^ m8);
 80020ac:	f89d 4020 	ldrb.w	r4, [sp, #32]
 80020b0:	f100 0610 	add.w	r6, r0, #16
 80020b4:	4065      	eors	r5, r4
    (*s)[i][0] = (*s)[i][0] ^ (m1 ^ m5);
 80020b6:	7804      	ldrb	r4, [r0, #0]
 80020b8:	404c      	eors	r4, r1
 80020ba:	7004      	strb	r4, [r0, #0]
    (*s)[i][1] = (*s)[i][1] ^ (m2 ^ m6);
 80020bc:	7844      	ldrb	r4, [r0, #1]
 80020be:	4054      	eors	r4, r2
 80020c0:	7044      	strb	r4, [r0, #1]
    (*s)[i][2] = (*s)[i][2] ^ (m3 ^ m7);
 80020c2:	7884      	ldrb	r4, [r0, #2]
 80020c4:	405c      	eors	r4, r3
 80020c6:	7084      	strb	r4, [r0, #2]
    (*s)[i][3] = (*s)[i][3] ^ (m4 ^ m8);
 80020c8:	78c4      	ldrb	r4, [r0, #3]
 80020ca:	406c      	eors	r4, r5
 80020cc:	70c4      	strb	r4, [r0, #3]
  for (int i = 0; i < 4; i++)
 80020ce:	3004      	adds	r0, #4
 80020d0:	42b0      	cmp	r0, r6
 80020d2:	d1f0      	bne.n	80020b6 <remask+0x22>
  }
}
 80020d4:	bd70      	pop	{r4, r5, r6, pc}

080020d6 <AddRoundKeyMasked>:
}

// This function adds the masked round key to state.
// The round key is added to the state by an XOR function.
static void AddRoundKeyMasked(uint8_t round, state_t *state, const uint8_t * RoundKeyMasked) //, const uint8_t* RoundKey)
{
 80020d6:	b5f0      	push	{r4, r5, r6, r7, lr}
 80020d8:	0100      	lsls	r0, r0, #4
 80020da:	1d0c      	adds	r4, r1, #4
 80020dc:	3114      	adds	r1, #20
  uint8_t i, j;
  for(i = 0; i < 4; i++){
    for (j = 0; j < 4; ++j)
 80020de:	1f23      	subs	r3, r4, #4
 80020e0:	1816      	adds	r6, r2, r0
    {
      (*state)[i][j] ^= RoundKeyMasked[(round * Nb * 4) + (i * Nb) + j];
 80020e2:	781d      	ldrb	r5, [r3, #0]
 80020e4:	f816 7b01 	ldrb.w	r7, [r6], #1
 80020e8:	407d      	eors	r5, r7
 80020ea:	f803 5b01 	strb.w	r5, [r3], #1
    for (j = 0; j < 4; ++j)
 80020ee:	42a3      	cmp	r3, r4
 80020f0:	d1f7      	bne.n	80020e2 <AddRoundKeyMasked+0xc>
  for(i = 0; i < 4; i++){
 80020f2:	1d1c      	adds	r4, r3, #4
 80020f4:	428c      	cmp	r4, r1
 80020f6:	f100 0004 	add.w	r0, r0, #4
 80020fa:	d1f0      	bne.n	80020de <AddRoundKeyMasked+0x8>
    }
  }
}
 80020fc:	bdf0      	pop	{r4, r5, r6, r7, pc}

080020fe <xtime>:
  (*state)[1][3] = temp;
}

static uint8_t xtime(uint8_t x)
{
  return ((x << 1) ^ (((x >> 7) & 1) * 0x1b));
 80020fe:	09c3      	lsrs	r3, r0, #7
 8002100:	eb03 0343 	add.w	r3, r3, r3, lsl #1
 8002104:	eb03 03c3 	add.w	r3, r3, r3, lsl #3
 8002108:	ea83 0040 	eor.w	r0, r3, r0, lsl #1
}
 800210c:	b2c0      	uxtb	r0, r0
 800210e:	4770      	bx	lr

08002110 <AES_get_last_masks>:
  memcpy(out, last_masks, 10);
 8002110:	4b03      	ldr	r3, [pc, #12]	@ (8002120 <AES_get_last_masks+0x10>)
 8002112:	681a      	ldr	r2, [r3, #0]
 8002114:	6002      	str	r2, [r0, #0]
 8002116:	685a      	ldr	r2, [r3, #4]
 8002118:	891b      	ldrh	r3, [r3, #8]
 800211a:	6042      	str	r2, [r0, #4]
 800211c:	8103      	strh	r3, [r0, #8]
}
 800211e:	4770      	bx	lr
 8002120:	2000036a 	.word	0x2000036a

08002124 <AES_init_ctx>:
{
 8002124:	b5f0      	push	{r4, r5, r6, r7, lr}
 8002126:	f101 0210 	add.w	r2, r1, #16
 800212a:	4603      	mov	r3, r0
    RoundKey[(i * 4) + 0] = Key[(i * 4) + 0];
 800212c:	780c      	ldrb	r4, [r1, #0]
 800212e:	701c      	strb	r4, [r3, #0]
    RoundKey[(i * 4) + 1] = Key[(i * 4) + 1];
 8002130:	784c      	ldrb	r4, [r1, #1]
 8002132:	705c      	strb	r4, [r3, #1]
    RoundKey[(i * 4) + 2] = Key[(i * 4) + 2];
 8002134:	788c      	ldrb	r4, [r1, #2]
 8002136:	709c      	strb	r4, [r3, #2]
    RoundKey[(i * 4) + 3] = Key[(i * 4) + 3];
 8002138:	78cc      	ldrb	r4, [r1, #3]
 800213a:	70dc      	strb	r4, [r3, #3]
  for (i = 0; i < Nk; ++i)
 800213c:	3104      	adds	r1, #4
 800213e:	4291      	cmp	r1, r2
 8002140:	f103 0304 	add.w	r3, r3, #4
 8002144:	d1f2      	bne.n	800212c <AES_init_ctx+0x8>
        tempa[0] = getSBoxValue(tempa[0]);
 8002146:	4e11      	ldr	r6, [pc, #68]	@ (800218c <AES_init_ctx+0x68>)
  for (i = Nk; i < Nb * (Nr + 1); ++i)
 8002148:	2204      	movs	r2, #4
    if (i % Nk == 0)
 800214a:	0797      	lsls	r7, r2, #30
      tempa[0] = RoundKey[k + 0];
 800214c:	7b03      	ldrb	r3, [r0, #12]
      tempa[1] = RoundKey[k + 1];
 800214e:	7b45      	ldrb	r5, [r0, #13]
      tempa[2] = RoundKey[k + 2];
 8002150:	7b84      	ldrb	r4, [r0, #14]
      tempa[3] = RoundKey[k + 3];
 8002152:	7bc1      	ldrb	r1, [r0, #15]
    if (i % Nk == 0)
 8002154:	d108      	bne.n	8002168 <AES_init_ctx+0x44>
        tempa[0] = getSBoxValue(tempa[0]);
 8002156:	5d77      	ldrb	r7, [r6, r5]
        tempa[1] = getSBoxValue(tempa[1]);
 8002158:	5d35      	ldrb	r5, [r6, r4]
        tempa[2] = getSBoxValue(tempa[2]);
 800215a:	5c74      	ldrb	r4, [r6, r1]
        tempa[3] = getSBoxValue(tempa[3]);
 800215c:	5cf1      	ldrb	r1, [r6, r3]
      tempa[0] = tempa[0] ^ Rcon[i / Nk];
 800215e:	eb06 0392 	add.w	r3, r6, r2, lsr #2
 8002162:	f893 3100 	ldrb.w	r3, [r3, #256]	@ 0x100
 8002166:	407b      	eors	r3, r7
    RoundKey[j + 0] = RoundKey[k + 0] ^ tempa[0];
 8002168:	7807      	ldrb	r7, [r0, #0]
 800216a:	407b      	eors	r3, r7
 800216c:	7403      	strb	r3, [r0, #16]
    RoundKey[j + 1] = RoundKey[k + 1] ^ tempa[1];
 800216e:	7843      	ldrb	r3, [r0, #1]
 8002170:	405d      	eors	r5, r3
    RoundKey[j + 2] = RoundKey[k + 2] ^ tempa[2];
 8002172:	7883      	ldrb	r3, [r0, #2]
    RoundKey[j + 1] = RoundKey[k + 1] ^ tempa[1];
 8002174:	7445      	strb	r5, [r0, #17]
    RoundKey[j + 2] = RoundKey[k + 2] ^ tempa[2];
 8002176:	405c      	eors	r4, r3
    RoundKey[j + 3] = RoundKey[k + 3] ^ tempa[3];
 8002178:	78c3      	ldrb	r3, [r0, #3]
    RoundKey[j + 2] = RoundKey[k + 2] ^ tempa[2];
 800217a:	7484      	strb	r4, [r0, #18]
  for (i = Nk; i < Nb * (Nr + 1); ++i)
 800217c:	3201      	adds	r2, #1
    RoundKey[j + 3] = RoundKey[k + 3] ^ tempa[3];
 800217e:	4059      	eors	r1, r3
  for (i = Nk; i < Nb * (Nr + 1); ++i)
 8002180:	2a2c      	cmp	r2, #44	@ 0x2c
    RoundKey[j + 3] = RoundKey[k + 3] ^ tempa[3];
 8002182:	74c1      	strb	r1, [r0, #19]
  for (i = Nk; i < Nb * (Nr + 1); ++i)
 8002184:	f100 0004 	add.w	r0, r0, #4
 8002188:	d1df      	bne.n	800214a <AES_init_ctx+0x26>
}
 800218a:	bdf0      	pop	{r4, r5, r6, r7, pc}
 800218c:	08003484 	.word	0x08003484

08002190 <AES_ECB_encrypt>:
/* Public functions:                                                         */
/*****************************************************************************/
#if defined(ECB) && (ECB == 1)

void AES_ECB_encrypt(const struct AES_ctx *ctx, uint8_t *buf)
{
 8002190:	e92d 4ff0 	stmdb	sp!, {r4, r5, r6, r7, r8, r9, sl, fp, lr}
 8002194:	b0bf      	sub	sp, #252	@ 0xfc
  uint8_t mask[10] = {0};
 8002196:	2500      	movs	r5, #0
{
 8002198:	460c      	mov	r4, r1
  memcpy(RoundKeyMasked, RoundKey, AES_keyExpSize);
 800219a:	22b0      	movs	r2, #176	@ 0xb0
 800219c:	4601      	mov	r1, r0
 800219e:	a812      	add	r0, sp, #72	@ 0x48
  uint8_t mask[10] = {0};
 80021a0:	e9cd 550f 	strd	r5, r5, [sp, #60]	@ 0x3c
 80021a4:	f8ad 5044 	strh.w	r5, [sp, #68]	@ 0x44
  memcpy(RoundKeyMasked, RoundKey, AES_keyExpSize);
 80021a8:	f7fe f864 	bl	8000274 <memcpy>
  for (uint8_t i = 0; i < 6; i++){
 80021ac:	ae0f      	add	r6, sp, #60	@ 0x3c
    mask[i] = rand() & 0xFF;
 80021ae:	f7fe f97f 	bl	80004b0 <rand>
  for (uint8_t i = 0; i < 6; i++){
 80021b2:	3501      	adds	r5, #1
 80021b4:	b2ed      	uxtb	r5, r5
 80021b6:	2d06      	cmp	r5, #6
    mask[i] = rand() & 0xFF;
 80021b8:	f806 0b01 	strb.w	r0, [r6], #1
  for (uint8_t i = 0; i < 6; i++){
 80021bc:	d1f7      	bne.n	80021ae <AES_ECB_encrypt+0x1e>
  mask[6] = mul_02[mask[0]] ^ mul_03[mask[1]] ^ mask[2]         ^ mask[3];
 80021be:	f89d 303c 	ldrb.w	r3, [sp, #60]	@ 0x3c
 80021c2:	9307      	str	r3, [sp, #28]
 80021c4:	f89d 303d 	ldrb.w	r3, [sp, #61]	@ 0x3d
 80021c8:	9308      	str	r3, [sp, #32]
 80021ca:	f89d 303e 	ldrb.w	r3, [sp, #62]	@ 0x3e
 80021ce:	9309      	str	r3, [sp, #36]	@ 0x24
 80021d0:	f89d 303f 	ldrb.w	r3, [sp, #63]	@ 0x3f
 80021d4:	930a      	str	r3, [sp, #40]	@ 0x28
 80021d6:	e9dd 3209 	ldrd	r3, r2, [sp, #36]	@ 0x24
 80021da:	ea83 0702 	eor.w	r7, r3, r2
 80021de:	4b81      	ldr	r3, [pc, #516]	@ (80023e4 <AES_ECB_encrypt+0x254>)
 80021e0:	9a07      	ldr	r2, [sp, #28]
  mask[7] = mask[0]         ^ mul_02[mask[1]] ^ mul_03[mask[2]] ^ mask[3];
 80021e2:	9d0a      	ldr	r5, [sp, #40]	@ 0x28
    SboxMasked[i ^ mask[4]] = sbox[i] ^ mask[5];
 80021e4:	f89d 6041 	ldrb.w	r6, [sp, #65]	@ 0x41
  mask[6] = mul_02[mask[0]] ^ mul_03[mask[1]] ^ mask[2]         ^ mask[3];
 80021e8:	189a      	adds	r2, r3, r2
 80021ea:	f892 110b 	ldrb.w	r1, [r2, #267]	@ 0x10b
  mask[9] = mul_03[mask[0]] ^ mask[1]         ^ mask[2]         ^ mul_02[mask[3]];
 80021ee:	f892 b20b 	ldrb.w	fp, [r2, #523]	@ 0x20b
  mask[6] = mul_02[mask[0]] ^ mul_03[mask[1]] ^ mask[2]         ^ mask[3];
 80021f2:	404f      	eors	r7, r1
 80021f4:	9908      	ldr	r1, [sp, #32]
 80021f6:	1859      	adds	r1, r3, r1
 80021f8:	f891 020b 	ldrb.w	r0, [r1, #523]	@ 0x20b
  mask[7] = mask[0]         ^ mul_02[mask[1]] ^ mul_03[mask[2]] ^ mask[3];
 80021fc:	f891 910b 	ldrb.w	r9, [r1, #267]	@ 0x10b
 8002200:	9909      	ldr	r1, [sp, #36]	@ 0x24
  mask[6] = mul_02[mask[0]] ^ mul_03[mask[1]] ^ mask[2]         ^ mask[3];
 8002202:	4047      	eors	r7, r0
  mask[7] = mask[0]         ^ mul_02[mask[1]] ^ mul_03[mask[2]] ^ mask[3];
 8002204:	9807      	ldr	r0, [sp, #28]
  mask[6] = mul_02[mask[0]] ^ mul_03[mask[1]] ^ mask[2]         ^ mask[3];
 8002206:	f88d 7042 	strb.w	r7, [sp, #66]	@ 0x42
  mask[7] = mask[0]         ^ mul_02[mask[1]] ^ mul_03[mask[2]] ^ mask[3];
 800220a:	1859      	adds	r1, r3, r1
 800220c:	4068      	eors	r0, r5
 800220e:	ea89 0900 	eor.w	r9, r9, r0
 8002212:	f891 020b 	ldrb.w	r0, [r1, #523]	@ 0x20b
  mask[8] = mask[0]         ^ mask[1]         ^ mul_02[mask[2]] ^ mul_03[mask[3]];
 8002216:	f891 110b 	ldrb.w	r1, [r1, #267]	@ 0x10b
  mask[7] = mask[0]         ^ mul_02[mask[1]] ^ mul_03[mask[2]] ^ mask[3];
 800221a:	ea89 0900 	eor.w	r9, r9, r0
  mask[8] = mask[0]         ^ mask[1]         ^ mul_02[mask[2]] ^ mul_03[mask[3]];
 800221e:	e9dd 0507 	ldrd	r0, r5, [sp, #28]
 8002222:	ea80 0a05 	eor.w	sl, r0, r5
 8002226:	ea8a 0a01 	eor.w	sl, sl, r1
 800222a:	990a      	ldr	r1, [sp, #40]	@ 0x28
  mask[7] = mask[0]         ^ mul_02[mask[1]] ^ mul_03[mask[2]] ^ mask[3];
 800222c:	f88d 9043 	strb.w	r9, [sp, #67]	@ 0x43
  mask[8] = mask[0]         ^ mask[1]         ^ mul_02[mask[2]] ^ mul_03[mask[3]];
 8002230:	1859      	adds	r1, r3, r1
 8002232:	f891 020b 	ldrb.w	r0, [r1, #523]	@ 0x20b
  mask[9] = mul_03[mask[0]] ^ mask[1]         ^ mask[2]         ^ mul_02[mask[3]];
 8002236:	f891 210b 	ldrb.w	r2, [r1, #267]	@ 0x10b
  mask[8] = mask[0]         ^ mask[1]         ^ mul_02[mask[2]] ^ mul_03[mask[3]];
 800223a:	ea8a 0a00 	eor.w	sl, sl, r0
  mask[9] = mul_03[mask[0]] ^ mask[1]         ^ mask[2]         ^ mul_02[mask[3]];
 800223e:	4628      	mov	r0, r5
 8002240:	9d09      	ldr	r5, [sp, #36]	@ 0x24
  mask[8] = mask[0]         ^ mask[1]         ^ mul_02[mask[2]] ^ mul_03[mask[3]];
 8002242:	f88d a044 	strb.w	sl, [sp, #68]	@ 0x44
  mask[9] = mul_03[mask[0]] ^ mask[1]         ^ mask[2]         ^ mul_02[mask[3]];
 8002246:	4068      	eors	r0, r5
 8002248:	ea8b 0b00 	eor.w	fp, fp, r0
 800224c:	ea8b 0b02 	eor.w	fp, fp, r2
 8002250:	f88d b045 	strb.w	fp, [sp, #69]	@ 0x45
    SboxMasked[i ^ mask[4]] = sbox[i] ^ mask[5];
 8002254:	4d64      	ldr	r5, [pc, #400]	@ (80023e8 <AES_ECB_encrypt+0x258>)
 8002256:	f89d 8040 	ldrb.w	r8, [sp, #64]	@ 0x40
  for (int i = 0; i < 256; i++){
 800225a:	2200      	movs	r2, #0
    SboxMasked[i ^ mask[4]] = sbox[i] ^ mask[5];
 800225c:	ea82 0108 	eor.w	r1, r2, r8
 8002260:	f813 0b01 	ldrb.w	r0, [r3], #1
 8002264:	4429      	add	r1, r5
  for (int i = 0; i < 256; i++){
 8002266:	3201      	adds	r2, #1
    SboxMasked[i ^ mask[4]] = sbox[i] ^ mask[5];
 8002268:	4070      	eors	r0, r6
  for (int i = 0; i < 256; i++){
 800226a:	f5b2 7f80 	cmp.w	r2, #256	@ 0x100
    SboxMasked[i ^ mask[4]] = sbox[i] ^ mask[5];
 800226e:	7288      	strb	r0, [r1, #10]
  for (int i = 0; i < 256; i++){
 8002270:	d1f4      	bne.n	800225c <AES_ECB_encrypt+0xcc>
  remask((state_t *) &RoundKeyMasked[(Nr * Nb * 4)], 0, 0, 0, 0, mask[5], mask[5], mask[5], mask[5]);
 8002272:	2500      	movs	r5, #0
 8002274:	e9cd 6603 	strd	r6, r6, [sp, #12]
 8002278:	e9cd 6601 	strd	r6, r6, [sp, #4]
 800227c:	9500      	str	r5, [sp, #0]
 800227e:	462b      	mov	r3, r5
 8002280:	462a      	mov	r2, r5
 8002282:	4629      	mov	r1, r5
 8002284:	a83a      	add	r0, sp, #232	@ 0xe8
 8002286:	f7ff ff05 	bl	8002094 <remask>
    remask((state_t *) &RoundKeyMasked[(i * Nb * 4)], mask[6], mask[7], mask[8], mask[9], mask[4], mask[4], mask[4], mask[4]);
 800228a:	a812      	add	r0, sp, #72	@ 0x48
 800228c:	eb00 1005 	add.w	r0, r0, r5, lsl #4
 8002290:	e9cd 8803 	strd	r8, r8, [sp, #12]
 8002294:	e9cd 8801 	strd	r8, r8, [sp, #4]
 8002298:	f8cd b000 	str.w	fp, [sp]
 800229c:	4653      	mov	r3, sl
 800229e:	464a      	mov	r2, r9
 80022a0:	4639      	mov	r1, r7
  for (int i = 0; i < Nr; i++)
 80022a2:	3501      	adds	r5, #1
    remask((state_t *) &RoundKeyMasked[(i * Nb * 4)], mask[6], mask[7], mask[8], mask[9], mask[4], mask[4], mask[4], mask[4]);
 80022a4:	f7ff fef6 	bl	8002094 <remask>
  for (int i = 0; i < Nr; i++)
 80022a8:	2d0a      	cmp	r5, #10
 80022aa:	d1ee      	bne.n	800228a <AES_ECB_encrypt+0xfa>
  memcpy(last_masks, mask, 10);
 80022ac:	ab0f      	add	r3, sp, #60	@ 0x3c
 80022ae:	cb03      	ldmia	r3!, {r0, r1}
 80022b0:	f8df 8134 	ldr.w	r8, [pc, #308]	@ 80023e8 <AES_ECB_encrypt+0x258>
 80022b4:	881b      	ldrh	r3, [r3, #0]
 80022b6:	f8c8 0000 	str.w	r0, [r8]
  remask(state, mask[6], mask[7], mask[8], mask[9], 0, 0, 0, 0);
 80022ba:	2500      	movs	r5, #0
  memcpy(last_masks, mask, 10);
 80022bc:	f8c8 1004 	str.w	r1, [r8, #4]
 80022c0:	f8a8 3008 	strh.w	r3, [r8, #8]
  remask(state, mask[6], mask[7], mask[8], mask[9], 0, 0, 0, 0);
 80022c4:	4639      	mov	r1, r7
 80022c6:	4653      	mov	r3, sl
 80022c8:	464a      	mov	r2, r9
 80022ca:	4620      	mov	r0, r4
 80022cc:	e9cd 5503 	strd	r5, r5, [sp, #12]
 80022d0:	e9cd 5501 	strd	r5, r5, [sp, #4]
 80022d4:	f8cd b000 	str.w	fp, [sp]
 80022d8:	f7ff fedc 	bl	8002094 <remask>
  AddRoundKeyMasked(0, state, RoundKeyMasked);
 80022dc:	aa12      	add	r2, sp, #72	@ 0x48
 80022de:	4621      	mov	r1, r4
 80022e0:	4628      	mov	r0, r5
 80022e2:	f7ff fef8 	bl	80020d6 <AddRoundKeyMasked>
  for (round = 1;; round++)
 80022e6:	1d23      	adds	r3, r4, #4
 80022e8:	930b      	str	r3, [sp, #44]	@ 0x2c
 80022ea:	f104 0310 	add.w	r3, r4, #16
 80022ee:	2701      	movs	r7, #1
 80022f0:	930c      	str	r3, [sp, #48]	@ 0x30
  for (i = 0; i < 4; ++i)
 80022f2:	4625      	mov	r5, r4
  for (round = 1;; round++)
 80022f4:	4622      	mov	r2, r4
 80022f6:	2300      	movs	r3, #0
      (*state)[j][i] = SboxMasked[(*state)[j][i]];
 80022f8:	f812 1023 	ldrb.w	r1, [r2, r3, lsl #2]
 80022fc:	4441      	add	r1, r8
 80022fe:	7a89      	ldrb	r1, [r1, #10]
 8002300:	f802 1023 	strb.w	r1, [r2, r3, lsl #2]
    for (j = 0; j < 4; ++j)
 8002304:	3301      	adds	r3, #1
 8002306:	2b04      	cmp	r3, #4
 8002308:	d1f6      	bne.n	80022f8 <AES_ECB_encrypt+0x168>
  for (i = 0; i < 4; ++i)
 800230a:	9b0b      	ldr	r3, [sp, #44]	@ 0x2c
 800230c:	3201      	adds	r2, #1
 800230e:	4293      	cmp	r3, r2
 8002310:	d1f1      	bne.n	80022f6 <AES_ECB_encrypt+0x166>
  (*state)[0][1] = (*state)[1][1];
 8002312:	7962      	ldrb	r2, [r4, #5]
  temp = (*state)[0][1];
 8002314:	7863      	ldrb	r3, [r4, #1]
  (*state)[0][1] = (*state)[1][1];
 8002316:	7062      	strb	r2, [r4, #1]
  (*state)[1][1] = (*state)[2][1];
 8002318:	7a62      	ldrb	r2, [r4, #9]
 800231a:	7162      	strb	r2, [r4, #5]
  (*state)[2][1] = (*state)[3][1];
 800231c:	7b62      	ldrb	r2, [r4, #13]
 800231e:	7262      	strb	r2, [r4, #9]
  (*state)[0][2] = (*state)[2][2];
 8002320:	7aa2      	ldrb	r2, [r4, #10]
  (*state)[3][1] = temp;
 8002322:	7363      	strb	r3, [r4, #13]
  temp = (*state)[0][2];
 8002324:	78a3      	ldrb	r3, [r4, #2]
  (*state)[0][2] = (*state)[2][2];
 8002326:	70a2      	strb	r2, [r4, #2]
  (*state)[1][2] = (*state)[3][2];
 8002328:	7ba2      	ldrb	r2, [r4, #14]
  (*state)[2][2] = temp;
 800232a:	72a3      	strb	r3, [r4, #10]
  temp = (*state)[1][2];
 800232c:	79a3      	ldrb	r3, [r4, #6]
  (*state)[1][2] = (*state)[3][2];
 800232e:	71a2      	strb	r2, [r4, #6]
  (*state)[0][3] = (*state)[3][3];
 8002330:	7be2      	ldrb	r2, [r4, #15]
  (*state)[3][2] = temp;
 8002332:	73a3      	strb	r3, [r4, #14]
  temp = (*state)[0][3];
 8002334:	78e3      	ldrb	r3, [r4, #3]
  (*state)[0][3] = (*state)[3][3];
 8002336:	70e2      	strb	r2, [r4, #3]
  (*state)[3][3] = (*state)[2][3];
 8002338:	7ae2      	ldrb	r2, [r4, #11]
 800233a:	73e2      	strb	r2, [r4, #15]
    if (round == Nr)
 800233c:	2f0a      	cmp	r7, #10
  (*state)[2][3] = (*state)[1][3];
 800233e:	79e2      	ldrb	r2, [r4, #7]
 8002340:	72e2      	strb	r2, [r4, #11]
  (*state)[1][3] = temp;
 8002342:	71e3      	strb	r3, [r4, #7]
    if (round == Nr)
 8002344:	d045      	beq.n	80023d2 <AES_ECB_encrypt+0x242>
    remask(state, mask[0], mask[1], mask[2], mask[3], mask[5], mask[5], mask[5], mask[5]);
 8002346:	9b0a      	ldr	r3, [sp, #40]	@ 0x28
 8002348:	9300      	str	r3, [sp, #0]
 800234a:	e9cd 6603 	strd	r6, r6, [sp, #12]
 800234e:	e9cd 6601 	strd	r6, r6, [sp, #4]
 8002352:	e9dd 2308 	ldrd	r2, r3, [sp, #32]
 8002356:	9907      	ldr	r1, [sp, #28]
 8002358:	4620      	mov	r0, r4
 800235a:	f7ff fe9b 	bl	8002094 <remask>
    t = (*state)[i][0];
 800235e:	f895 b000 	ldrb.w	fp, [r5]
    Tmp = (*state)[i][0] ^ (*state)[i][1] ^ (*state)[i][2] ^ (*state)[i][3];
 8002362:	7869      	ldrb	r1, [r5, #1]
 8002364:	78aa      	ldrb	r2, [r5, #2]
 8002366:	f895 a003 	ldrb.w	sl, [r5, #3]
 800236a:	ea8b 0001 	eor.w	r0, fp, r1
 800236e:	ea82 030a 	eor.w	r3, r2, sl
 8002372:	ea80 0903 	eor.w	r9, r0, r3
 8002376:	930d      	str	r3, [sp, #52]	@ 0x34
    Tm = xtime(Tm);
 8002378:	f7ff fec1 	bl	80020fe <xtime>
    (*state)[i][0] ^= Tm ^ Tmp;
 800237c:	ea8b 0000 	eor.w	r0, fp, r0
 8002380:	ea89 0000 	eor.w	r0, r9, r0
 8002384:	7028      	strb	r0, [r5, #0]
    Tm = xtime(Tm);
 8002386:	ea81 0002 	eor.w	r0, r1, r2
 800238a:	f7ff feb8 	bl	80020fe <xtime>
    Tm = xtime(Tm);
 800238e:	9b0d      	ldr	r3, [sp, #52]	@ 0x34
    (*state)[i][1] ^= Tm ^ Tmp;
 8002390:	4041      	eors	r1, r0
 8002392:	ea89 0101 	eor.w	r1, r9, r1
 8002396:	7069      	strb	r1, [r5, #1]
    Tm = xtime(Tm);
 8002398:	4618      	mov	r0, r3
 800239a:	f7ff feb0 	bl	80020fe <xtime>
    (*state)[i][2] ^= Tm ^ Tmp;
 800239e:	4042      	eors	r2, r0
 80023a0:	ea89 0202 	eor.w	r2, r9, r2
 80023a4:	70aa      	strb	r2, [r5, #2]
    Tm = xtime(Tm);
 80023a6:	ea8b 000a 	eor.w	r0, fp, sl
 80023aa:	f7ff fea8 	bl	80020fe <xtime>
    (*state)[i][3] ^= Tm ^ Tmp;
 80023ae:	ea8a 0a00 	eor.w	sl, sl, r0
  for (i = 0; i < 4; ++i)
 80023b2:	9b0c      	ldr	r3, [sp, #48]	@ 0x30
    (*state)[i][3] ^= Tm ^ Tmp;
 80023b4:	ea89 090a 	eor.w	r9, r9, sl
 80023b8:	f885 9003 	strb.w	r9, [r5, #3]
  for (i = 0; i < 4; ++i)
 80023bc:	3504      	adds	r5, #4
 80023be:	42ab      	cmp	r3, r5
 80023c0:	d1cd      	bne.n	800235e <AES_ECB_encrypt+0x1ce>
    AddRoundKeyMasked(round, state, RoundKeyMasked);
 80023c2:	4638      	mov	r0, r7
 80023c4:	aa12      	add	r2, sp, #72	@ 0x48
 80023c6:	4621      	mov	r1, r4
  for (round = 1;; round++)
 80023c8:	3701      	adds	r7, #1
    AddRoundKeyMasked(round, state, RoundKeyMasked);
 80023ca:	f7ff fe84 	bl	80020d6 <AddRoundKeyMasked>
  for (round = 1;; round++)
 80023ce:	b2ff      	uxtb	r7, r7
    SubBytesMasked(state);
 80023d0:	e78f      	b.n	80022f2 <AES_ECB_encrypt+0x162>
  AddRoundKeyMasked(Nr, state, RoundKeyMasked);
 80023d2:	aa12      	add	r2, sp, #72	@ 0x48
 80023d4:	4621      	mov	r1, r4
 80023d6:	4638      	mov	r0, r7
 80023d8:	f7ff fe7d 	bl	80020d6 <AddRoundKeyMasked>
  #if defined(MASKED) && (MASKED == 1)
    CipherMasked((state_t *)buf, ctx->RoundKey);
  #else
    Cipher((state_t *)buf, ctx->RoundKey);
  #endif
}
 80023dc:	b03f      	add	sp, #252	@ 0xfc
 80023de:	e8bd 8ff0 	ldmia.w	sp!, {r4, r5, r6, r7, r8, r9, sl, fp, pc}
 80023e2:	bf00      	nop
 80023e4:	08003484 	.word	0x08003484
 80023e8:	2000036a 	.word	0x2000036a

080023ec <ss_crc>:


// 0xA6 formerly 
#define CW_CRC 0x4D 
uint8_t ss_crc(uint8_t *buf, uint8_t len)
{
 80023ec:	b510      	push	{r4, lr}
 80023ee:	4602      	mov	r2, r0
	unsigned int k = 0;
	uint8_t crc = 0x00;
	while (len--) {
 80023f0:	4401      	add	r1, r0
	uint8_t crc = 0x00;
 80023f2:	2000      	movs	r0, #0
	while (len--) {
 80023f4:	428a      	cmp	r2, r1
 80023f6:	d100      	bne.n	80023fa <ss_crc+0xe>
			crc = crc & 0x80 ? (crc << 1) ^ CW_CRC: crc << 1;
		}
	}
	return crc;

}
 80023f8:	bd10      	pop	{r4, pc}
		crc ^= *buf++;
 80023fa:	f812 3b01 	ldrb.w	r3, [r2], #1
 80023fe:	2408      	movs	r4, #8
 8002400:	4058      	eors	r0, r3
			crc = crc & 0x80 ? (crc << 1) ^ CW_CRC: crc << 1;
 8002402:	f010 0f80 	tst.w	r0, #128	@ 0x80
 8002406:	ea4f 0340 	mov.w	r3, r0, lsl #1
 800240a:	bf18      	it	ne
 800240c:	f083 034d 	eorne.w	r3, r3, #77	@ 0x4d
		for (k = 0; k < 8; k++) {
 8002410:	3c01      	subs	r4, #1
			crc = crc & 0x80 ? (crc << 1) ^ CW_CRC: crc << 1;
 8002412:	b2d8      	uxtb	r0, r3
		for (k = 0; k < 8; k++) {
 8002414:	d1f5      	bne.n	8002402 <ss_crc+0x16>
 8002416:	e7ed      	b.n	80023f4 <ss_crc+0x8>

08002418 <stuff_data>:
    return 0x00;

}

uint8_t stuff_data(uint8_t *buf, uint8_t len)
{
 8002418:	b530      	push	{r4, r5, lr}
	uint8_t i = 1;
	uint8_t last = 0;
 800241a:	2200      	movs	r2, #0
 800241c:	4604      	mov	r4, r0
	uint8_t i = 1;
 800241e:	2301      	movs	r3, #1
	for (; i < len; i++) {
 8002420:	428b      	cmp	r3, r1
 8002422:	d301      	bcc.n	8002428 <stuff_data+0x10>
			buf[last] = i - last;
			last = i;
		}
	}
	return 0x00;
}
 8002424:	2000      	movs	r0, #0
 8002426:	bd30      	pop	{r4, r5, pc}
		if (buf[i] == FRAME_BYTE) {
 8002428:	f814 5f01 	ldrb.w	r5, [r4, #1]!
 800242c:	b915      	cbnz	r5, 8002434 <stuff_data+0x1c>
			buf[last] = i - last;
 800242e:	1a9d      	subs	r5, r3, r2
 8002430:	5485      	strb	r5, [r0, r2]
 8002432:	461a      	mov	r2, r3
	for (; i < len; i++) {
 8002434:	3301      	adds	r3, #1
 8002436:	b2db      	uxtb	r3, r3
 8002438:	e7f2      	b.n	8002420 <stuff_data+0x8>

0800243a <unstuff_data>:

uint8_t unstuff_data(uint8_t *buf, uint8_t len)
{
 800243a:	b530      	push	{r4, r5, lr}
	uint8_t next = buf[0];
 800243c:	7804      	ldrb	r4, [r0, #0]
	buf[0] = 0x00;
 800243e:	2500      	movs	r5, #0
{
 8002440:	4602      	mov	r2, r0
	buf[0] = 0x00;
 8002442:	7005      	strb	r5, [r0, #0]
	uint8_t next = buf[0];
 8002444:	4620      	mov	r0, r4
	//len -= 1;
	uint8_t tmp = next;
	while ((next < len) && tmp != 0) {
 8002446:	4288      	cmp	r0, r1
 8002448:	d200      	bcs.n	800244c <unstuff_data+0x12>
 800244a:	b904      	cbnz	r4, 800244e <unstuff_data+0x14>
		tmp = buf[next];
		buf[next] = FRAME_BYTE;
		next += tmp;
	}
	return next;
}
 800244c:	bd30      	pop	{r4, r5, pc}
		tmp = buf[next];
 800244e:	5c14      	ldrb	r4, [r2, r0]
		buf[next] = FRAME_BYTE;
 8002450:	5415      	strb	r5, [r2, r0]
		next += tmp;
 8002452:	1903      	adds	r3, r0, r4
 8002454:	b2d8      	uxtb	r0, r3
 8002456:	e7f6      	b.n	8002446 <unstuff_data+0xc>

08002458 <simpleserial_addcmd>:
	simpleserial_addcmd('v', 0, check_version);
    simpleserial_addcmd('w', 0, ss_get_commands);
}

int simpleserial_addcmd(char c, unsigned int len, uint8_t (*fp)(uint8_t, uint8_t, uint8_t, uint8_t*))
{
 8002458:	b538      	push	{r3, r4, r5, lr}
	if(num_commands >= MAX_SS_CMDS) {
 800245a:	4d0b      	ldr	r5, [pc, #44]	@ (8002488 <simpleserial_addcmd+0x30>)
 800245c:	682b      	ldr	r3, [r5, #0]
 800245e:	2b1f      	cmp	r3, #31
 8002460:	dd04      	ble.n	800246c <simpleserial_addcmd+0x14>
		putch('a');
 8002462:	2061      	movs	r0, #97	@ 0x61
		return 1;
	}

	if(len >= MAX_SS_LEN) {
		putch('b');
 8002464:	f000 f9d0 	bl	8002808 <putch>
		return 1;
 8002468:	2001      	movs	r0, #1
	commands[num_commands].len = len;
	commands[num_commands].fp  = fp;
	num_commands++;

	return 0;
}
 800246a:	bd38      	pop	{r3, r4, r5, pc}
	if(len >= MAX_SS_LEN) {
 800246c:	29f8      	cmp	r1, #248	@ 0xf8
 800246e:	d901      	bls.n	8002474 <simpleserial_addcmd+0x1c>
		putch('b');
 8002470:	2062      	movs	r0, #98	@ 0x62
 8002472:	e7f7      	b.n	8002464 <simpleserial_addcmd+0xc>
	commands[num_commands].c   = c;
 8002474:	240c      	movs	r4, #12
 8002476:	fb04 5403 	mla	r4, r4, r3, r5
	num_commands++;
 800247a:	3301      	adds	r3, #1
	commands[num_commands].c   = c;
 800247c:	7120      	strb	r0, [r4, #4]
	commands[num_commands].fp  = fp;
 800247e:	e9c4 1202 	strd	r1, r2, [r4, #8]
	num_commands++;
 8002482:	602b      	str	r3, [r5, #0]
	return 0;
 8002484:	2000      	movs	r0, #0
 8002486:	e7f0      	b.n	800246a <simpleserial_addcmd+0x12>
 8002488:	20000574 	.word	0x20000574

0800248c <simpleserial_init>:
{
 800248c:	b508      	push	{r3, lr}
	simpleserial_addcmd('v', 0, check_version);
 800248e:	4a06      	ldr	r2, [pc, #24]	@ (80024a8 <simpleserial_init+0x1c>)
 8002490:	2100      	movs	r1, #0
 8002492:	2076      	movs	r0, #118	@ 0x76
 8002494:	f7ff ffe0 	bl	8002458 <simpleserial_addcmd>
}
 8002498:	e8bd 4008 	ldmia.w	sp!, {r3, lr}
    simpleserial_addcmd('w', 0, ss_get_commands);
 800249c:	4a03      	ldr	r2, [pc, #12]	@ (80024ac <simpleserial_init+0x20>)
 800249e:	2100      	movs	r1, #0
 80024a0:	2077      	movs	r0, #119	@ 0x77
 80024a2:	f7ff bfd9 	b.w	8002458 <simpleserial_addcmd>
 80024a6:	bf00      	nop
 80024a8:	08002513 	.word	0x08002513
 80024ac:	08002531 	.word	0x08002531

080024b0 <simpleserial_put>:
	simpleserial_put('e', 0x01, &err);
	return;
}

void simpleserial_put(char c, uint8_t size, uint8_t* output)
{
 80024b0:	b570      	push	{r4, r5, r6, lr}
 80024b2:	460c      	mov	r4, r1
 80024b4:	b0c0      	sub	sp, #256	@ 0x100
    if (!output) return;
 80024b6:	4611      	mov	r1, r2
 80024b8:	b34a      	cbz	r2, 800250e <simpleserial_put+0x5e>
	data_buf[0] = 0x00;
	data_buf[1] = c;
	data_buf[2] = size;
	int i = 0;
	for (; i < size; i++) {
		data_buf[i + 3] = output[i];
 80024ba:	4622      	mov	r2, r4
	data_buf[0] = 0x00;
 80024bc:	2500      	movs	r5, #0
	data_buf[1] = c;
 80024be:	f88d 0005 	strb.w	r0, [sp, #5]
		data_buf[i + 3] = output[i];
 80024c2:	f10d 0007 	add.w	r0, sp, #7
	data_buf[2] = size;
 80024c6:	f88d 4006 	strb.w	r4, [sp, #6]
	data_buf[0] = 0x00;
 80024ca:	f88d 5004 	strb.w	r5, [sp, #4]
		data_buf[i + 3] = output[i];
 80024ce:	f7fd fed1 	bl	8000274 <memcpy>
	}
	data_buf[i + 3] = ss_crc(data_buf+1, size+2);
 80024d2:	1ca1      	adds	r1, r4, #2
 80024d4:	b2c9      	uxtb	r1, r1
 80024d6:	f10d 0005 	add.w	r0, sp, #5
 80024da:	f7ff ff87 	bl	80023ec <ss_crc>
 80024de:	f504 7380 	add.w	r3, r4, #256	@ 0x100
 80024e2:	446b      	add	r3, sp
	data_buf[i + 4] = 0x00;
 80024e4:	1d26      	adds	r6, r4, #4
	data_buf[i + 3] = ss_crc(data_buf+1, size+2);
 80024e6:	f803 0cf9 	strb.w	r0, [r3, #-249]
	data_buf[i + 4] = 0x00;
 80024ea:	f506 7380 	add.w	r3, r6, #256	@ 0x100
 80024ee:	446b      	add	r3, sp
	stuff_data(data_buf, i + 5);
 80024f0:	1d61      	adds	r1, r4, #5
 80024f2:	b2c9      	uxtb	r1, r1
 80024f4:	a801      	add	r0, sp, #4
	data_buf[i + 4] = 0x00;
 80024f6:	f803 5cfc 	strb.w	r5, [r3, #-252]
	stuff_data(data_buf, i + 5);
 80024fa:	f7ff ff8d 	bl	8002418 <stuff_data>
	for (int i = 0; i < size + 5; i++) {
 80024fe:	ac01      	add	r4, sp, #4
		putch(data_buf[i]);
 8002500:	f814 0b01 	ldrb.w	r0, [r4], #1
	for (int i = 0; i < size + 5; i++) {
 8002504:	3501      	adds	r5, #1
		putch(data_buf[i]);
 8002506:	f000 f97f 	bl	8002808 <putch>
	for (int i = 0; i < size + 5; i++) {
 800250a:	42ae      	cmp	r6, r5
 800250c:	daf8      	bge.n	8002500 <simpleserial_put+0x50>
	}
}
 800250e:	b040      	add	sp, #256	@ 0x100
 8002510:	bd70      	pop	{r4, r5, r6, pc}

08002512 <check_version>:
{
 8002512:	b507      	push	{r0, r1, r2, lr}
	uint8_t ver = SS_VER;
 8002514:	2303      	movs	r3, #3
	simpleserial_put('r', 1, &ver);
 8002516:	f10d 0207 	add.w	r2, sp, #7
 800251a:	2101      	movs	r1, #1
 800251c:	2072      	movs	r0, #114	@ 0x72
	uint8_t ver = SS_VER;
 800251e:	f88d 3007 	strb.w	r3, [sp, #7]
	simpleserial_put('r', 1, &ver);
 8002522:	f7ff ffc5 	bl	80024b0 <simpleserial_put>
}
 8002526:	2000      	movs	r0, #0
 8002528:	b003      	add	sp, #12
 800252a:	f85d fb04 	ldr.w	pc, [sp], #4
 800252e:	0000      	movs	r0, r0

08002530 <ss_get_commands>:
{
 8002530:	b530      	push	{r4, r5, lr}
    for (uint8_t i = 0; i < (num_commands & 0xFF); i++) {
 8002532:	480d      	ldr	r0, [pc, #52]	@ (8002568 <ss_get_commands+0x38>)
 8002534:	7801      	ldrb	r1, [r0, #0]
{
 8002536:	b089      	sub	sp, #36	@ 0x24
    for (uint8_t i = 0; i < (num_commands & 0xFF); i++) {
 8002538:	2200      	movs	r2, #0
        cmd_chars[i] = commands[i].c;
 800253a:	240c      	movs	r4, #12
    for (uint8_t i = 0; i < (num_commands & 0xFF); i++) {
 800253c:	b2d3      	uxtb	r3, r2
 800253e:	428b      	cmp	r3, r1
 8002540:	f102 0201 	add.w	r2, r2, #1
 8002544:	db06      	blt.n	8002554 <ss_get_commands+0x24>
    simpleserial_put('r', num_commands & 0xFF, (void *)cmd_chars);
 8002546:	466a      	mov	r2, sp
 8002548:	2072      	movs	r0, #114	@ 0x72
 800254a:	f7ff ffb1 	bl	80024b0 <simpleserial_put>
}
 800254e:	2000      	movs	r0, #0
 8002550:	b009      	add	sp, #36	@ 0x24
 8002552:	bd30      	pop	{r4, r5, pc}
        cmd_chars[i] = commands[i].c;
 8002554:	f103 0520 	add.w	r5, r3, #32
 8002558:	fb04 0303 	mla	r3, r4, r3, r0
 800255c:	446d      	add	r5, sp
 800255e:	791b      	ldrb	r3, [r3, #4]
 8002560:	f805 3c20 	strb.w	r3, [r5, #-32]
    for (uint8_t i = 0; i < (num_commands & 0xFF); i++) {
 8002564:	e7ea      	b.n	800253c <ss_get_commands+0xc>
 8002566:	bf00      	nop
 8002568:	20000574 	.word	0x20000574

0800256c <simpleserial_get>:
{
 800256c:	e92d 47f0 	stmdb	sp!, {r4, r5, r6, r7, r8, r9, sl, lr}
 8002570:	b0c0      	sub	sp, #256	@ 0x100
	uint8_t err = 0;
 8002572:	2400      	movs	r4, #0
 8002574:	ad01      	add	r5, sp, #4
 8002576:	f88d 4003 	strb.w	r4, [sp, #3]
	for (int i = 0; i < 4; i++) {
 800257a:	46a9      	mov	r9, r5
		data_buf[i] = getch(); //PTR, cmd, scmd, len
 800257c:	f000 f92a 	bl	80027d4 <getch>
 8002580:	f805 0b01 	strb.w	r0, [r5], #1
		if (data_buf[i] == FRAME_BYTE) {
 8002584:	b958      	cbnz	r0, 800259e <simpleserial_get+0x32>
			goto ERROR;
 8002586:	2005      	movs	r0, #5
			err = SS_ERR_FRAME_BYTE;
 8002588:	f88d 0003 	strb.w	r0, [sp, #3]
	simpleserial_put('e', 0x01, &err);
 800258c:	f10d 0203 	add.w	r2, sp, #3
 8002590:	2101      	movs	r1, #1
 8002592:	2065      	movs	r0, #101	@ 0x65
 8002594:	f7ff ff8c 	bl	80024b0 <simpleserial_put>
}
 8002598:	b040      	add	sp, #256	@ 0x100
 800259a:	e8bd 87f0 	ldmia.w	sp!, {r4, r5, r6, r7, r8, r9, sl, pc}
	for (int i = 0; i < 4; i++) {
 800259e:	3401      	adds	r4, #1
 80025a0:	2c04      	cmp	r4, #4
 80025a2:	d1eb      	bne.n	800257c <simpleserial_get+0x10>
	uint8_t next_frame = unstuff_data(data_buf, 4);
 80025a4:	4621      	mov	r1, r4
 80025a6:	4648      	mov	r0, r9
 80025a8:	f7ff ff47 	bl	800243a <unstuff_data>
	for(c = 0; c < num_commands; c++)
 80025ac:	4e2c      	ldr	r6, [pc, #176]	@ (8002660 <simpleserial_get+0xf4>)
		if(commands[c].c == data_buf[1])
 80025ae:	f89d 1005 	ldrb.w	r1, [sp, #5]
	for(c = 0; c < num_commands; c++)
 80025b2:	6832      	ldr	r2, [r6, #0]
	uint8_t next_frame = unstuff_data(data_buf, 4);
 80025b4:	4607      	mov	r7, r0
	for(c = 0; c < num_commands; c++)
 80025b6:	2300      	movs	r3, #0
		if(commands[c].c == data_buf[1])
 80025b8:	200c      	movs	r0, #12
	for(c = 0; c < num_commands; c++)
 80025ba:	fa5f f883 	uxtb.w	r8, r3
 80025be:	4590      	cmp	r8, r2
 80025c0:	db02      	blt.n	80025c8 <simpleserial_get+0x5c>
	if (c == num_commands) {
 80025c2:	d107      	bne.n	80025d4 <simpleserial_get+0x68>
 80025c4:	2001      	movs	r0, #1
 80025c6:	e7df      	b.n	8002588 <simpleserial_get+0x1c>
		if(commands[c].c == data_buf[1])
 80025c8:	fb00 6508 	mla	r5, r0, r8, r6
 80025cc:	3301      	adds	r3, #1
 80025ce:	792d      	ldrb	r5, [r5, #4]
 80025d0:	428d      	cmp	r5, r1
 80025d2:	d1f2      	bne.n	80025ba <simpleserial_get+0x4e>
	if ((data_buf[3] + 5) < next_frame) {
 80025d4:	f89d 3007 	ldrb.w	r3, [sp, #7]
 80025d8:	3305      	adds	r3, #5
 80025da:	42bb      	cmp	r3, r7
 80025dc:	da02      	bge.n	80025e4 <simpleserial_get+0x78>
		goto ERROR;
 80025de:	2004      	movs	r0, #4
 80025e0:	e7d2      	b.n	8002588 <simpleserial_get+0x1c>
	for (; i < data_buf[3] + 5; i++) {
 80025e2:	462c      	mov	r4, r5
		data_buf[i] = getch();
 80025e4:	f000 f8f6 	bl	80027d4 <getch>
 80025e8:	f809 0004 	strb.w	r0, [r9, r4]
		if (data_buf[i] == FRAME_BYTE) {
 80025ec:	2800      	cmp	r0, #0
 80025ee:	d0ca      	beq.n	8002586 <simpleserial_get+0x1a>
	for (; i < data_buf[3] + 5; i++) {
 80025f0:	f89d 3007 	ldrb.w	r3, [sp, #7]
 80025f4:	1c65      	adds	r5, r4, #1
 80025f6:	3304      	adds	r3, #4
 80025f8:	42ab      	cmp	r3, r5
 80025fa:	daf2      	bge.n	80025e2 <simpleserial_get+0x76>
	data_buf[i] = getch();
 80025fc:	f000 f8ea 	bl	80027d4 <getch>
 8002600:	f505 7380 	add.w	r3, r5, #256	@ 0x100
 8002604:	446b      	add	r3, sp
 8002606:	f803 0cfc 	strb.w	r0, [r3, #-252]
	if (data_buf[i] != FRAME_BYTE) {
 800260a:	2800      	cmp	r0, #0
 800260c:	d1e7      	bne.n	80025de <simpleserial_get+0x72>
	unstuff_data(data_buf + next_frame, i - next_frame + 1);
 800260e:	f1c7 0301 	rsb	r3, r7, #1
 8002612:	fa53 f185 	uxtab	r1, r3, r5
 8002616:	b2c9      	uxtb	r1, r1
 8002618:	fa5f fa85 	uxtb.w	sl, r5
 800261c:	eb09 0007 	add.w	r0, r9, r7
 8002620:	f7ff ff0b 	bl	800243a <unstuff_data>
	uint8_t crc = ss_crc(data_buf+1, i-2);
 8002624:	f1aa 0102 	sub.w	r1, sl, #2
 8002628:	b2c9      	uxtb	r1, r1
 800262a:	f10d 0005 	add.w	r0, sp, #5
 800262e:	f7ff fedd 	bl	80023ec <ss_crc>
	if (crc != data_buf[i-1]) {
 8002632:	f504 7380 	add.w	r3, r4, #256	@ 0x100
 8002636:	eb0d 0403 	add.w	r4, sp, r3
 800263a:	f814 3cfc 	ldrb.w	r3, [r4, #-252]
 800263e:	4283      	cmp	r3, r0
 8002640:	d10c      	bne.n	800265c <simpleserial_get+0xf0>
	err = commands[c].fp(data_buf[1], data_buf[2], data_buf[3], data_buf+4);
 8002642:	230c      	movs	r3, #12
 8002644:	fb03 6608 	mla	r6, r3, r8, r6
 8002648:	f89d 2007 	ldrb.w	r2, [sp, #7]
 800264c:	68f4      	ldr	r4, [r6, #12]
 800264e:	f89d 1006 	ldrb.w	r1, [sp, #6]
 8002652:	f89d 0005 	ldrb.w	r0, [sp, #5]
 8002656:	ab02      	add	r3, sp, #8
 8002658:	47a0      	blx	r4
 800265a:	e795      	b.n	8002588 <simpleserial_get+0x1c>
 800265c:	2002      	movs	r0, #2
 800265e:	e793      	b.n	8002588 <simpleserial_get+0x1c>
 8002660:	20000574 	.word	0x20000574

08002664 <_close>:
}

#ifdef __GNUC__
#if ((__GNUC__ > 11) || \
     ((__GNUC__ == 11) && (__GNUC_MINOR__ >= 3)))
__attribute__((weak)) void _close() {}
 8002664:	4770      	bx	lr

08002666 <_fstat>:
__attribute__((weak)) void _fstat() {}
 8002666:	4770      	bx	lr

08002668 <_getpid>:
__attribute__((weak)) void _getpid() {}
 8002668:	4770      	bx	lr

0800266a <_isatty>:
__attribute__((weak)) void _isatty() {}
 800266a:	4770      	bx	lr

0800266c <_kill>:
__attribute__((weak)) void _kill() {}
 800266c:	4770      	bx	lr

0800266e <_lseek>:
__attribute__((weak)) void _lseek() {}
 800266e:	4770      	bx	lr

08002670 <_read>:
__attribute__((weak)) void _read() {}
 8002670:	4770      	bx	lr

08002672 <_write>:
__attribute__((weak)) void _write() {}
 8002672:	4770      	bx	lr

08002674 <platform_init>:

UART_HandleTypeDef UartHandle;


void platform_init(void)
{
 8002674:	b570      	push	{r4, r5, r6, lr}
 8002676:	b096      	sub	sp, #88	@ 0x58
     HAL_RCC_ClockConfig(&RCC_ClkInitStruct, flash_latency);
  #else
     RCC_OscInitTypeDef RCC_OscInitStruct;
     RCC_OscInitStruct.OscillatorType = RCC_OSCILLATORTYPE_HSE | RCC_OSCILLATORTYPE_HSI;
     RCC_OscInitStruct.HSEState       = RCC_HSE_BYPASS;
     RCC_OscInitStruct.HSIState       = RCC_HSI_OFF;
 8002678:	2400      	movs	r4, #0
     RCC_OscInitStruct.HSEState       = RCC_HSE_BYPASS;
 800267a:	2603      	movs	r6, #3
 800267c:	f44f 23a0 	mov.w	r3, #327680	@ 0x50000
     RCC_OscInitStruct.PLL.PLLSource  = RCC_PLL_NONE;
     HAL_RCC_OscConfig(&RCC_OscInitStruct);
 8002680:	a80c      	add	r0, sp, #48	@ 0x30

     RCC_ClkInitTypeDef RCC_ClkInitStruct;
     RCC_ClkInitStruct.ClockType      = (RCC_CLOCKTYPE_SYSCLK | RCC_CLOCKTYPE_HCLK | RCC_CLOCKTYPE_PCLK1 | RCC_CLOCKTYPE_PCLK2);
     RCC_ClkInitStruct.SYSCLKSource   = RCC_SYSCLKSOURCE_HSE;
 8002682:	2501      	movs	r5, #1
     RCC_OscInitStruct.HSEState       = RCC_HSE_BYPASS;
 8002684:	e9cd 630c 	strd	r6, r3, [sp, #48]	@ 0x30
     RCC_OscInitStruct.HSIState       = RCC_HSI_OFF;
 8002688:	9410      	str	r4, [sp, #64]	@ 0x40
     RCC_OscInitStruct.PLL.PLLSource  = RCC_PLL_NONE;
 800268a:	9414      	str	r4, [sp, #80]	@ 0x50
     HAL_RCC_OscConfig(&RCC_OscInitStruct);
 800268c:	f000 f8d4 	bl	8002838 <HAL_RCC_OscConfig>
     RCC_ClkInitStruct.SYSCLKSource   = RCC_SYSCLKSOURCE_HSE;
 8002690:	230f      	movs	r3, #15
     RCC_ClkInitStruct.AHBCLKDivider  = RCC_SYSCLK_DIV1;
     RCC_ClkInitStruct.APB1CLKDivider = RCC_HCLK_DIV1;
     RCC_ClkInitStruct.APB2CLKDivider = RCC_HCLK_DIV1;
     uint32_t flash_latency = 0;
     HAL_RCC_ClockConfig(&RCC_ClkInitStruct, flash_latency);
 8002692:	4621      	mov	r1, r4
 8002694:	a802      	add	r0, sp, #8
     RCC_ClkInitStruct.SYSCLKSource   = RCC_SYSCLKSOURCE_HSE;
 8002696:	e9cd 3502 	strd	r3, r5, [sp, #8]
     RCC_ClkInitStruct.APB1CLKDivider = RCC_HCLK_DIV1;
 800269a:	e9cd 4404 	strd	r4, r4, [sp, #16]
     RCC_ClkInitStruct.APB2CLKDivider = RCC_HCLK_DIV1;
 800269e:	9406      	str	r4, [sp, #24]
     HAL_RCC_ClockConfig(&RCC_ClkInitStruct, flash_latency);
 80026a0:	f000 fb1c 	bl	8002cdc <HAL_RCC_ClockConfig>




#if (PLATFORM==CWLITEARM)
  __HAL_RCC_GPIOC_CLK_ENABLE();
 80026a4:	4b11      	ldr	r3, [pc, #68]	@ (80026ec <platform_init+0x78>)
 80026a6:	695a      	ldr	r2, [r3, #20]
 80026a8:	f442 2200 	orr.w	r2, r2, #524288	@ 0x80000
 80026ac:	615a      	str	r2, [r3, #20]
 80026ae:	695b      	ldr	r3, [r3, #20]
  GPIO_InitTypeDef GpioInit;
  GpioInit.Pin       = GPIO_PIN_13 | GPIO_PIN_14;
  GpioInit.Mode      = GPIO_MODE_OUTPUT_PP;
  GpioInit.Pull      = GPIO_NOPULL;
  GpioInit.Speed     = GPIO_SPEED_FREQ_HIGH;
 80026b0:	e9cd 4609 	strd	r4, r6, [sp, #36]	@ 0x24
  __HAL_RCC_GPIOC_CLK_ENABLE();
 80026b4:	f403 2300 	and.w	r3, r3, #524288	@ 0x80000
  HAL_GPIO_Init(GPIOC, &GpioInit);
 80026b8:	4c0d      	ldr	r4, [pc, #52]	@ (80026f0 <platform_init+0x7c>)
  __HAL_RCC_GPIOC_CLK_ENABLE();
 80026ba:	9301      	str	r3, [sp, #4]
 80026bc:	9b01      	ldr	r3, [sp, #4]
  HAL_GPIO_Init(GPIOC, &GpioInit);
 80026be:	a907      	add	r1, sp, #28
  GpioInit.Pin       = GPIO_PIN_13 | GPIO_PIN_14;
 80026c0:	f44f 43c0 	mov.w	r3, #24576	@ 0x6000
  HAL_GPIO_Init(GPIOC, &GpioInit);
 80026c4:	4620      	mov	r0, r4
  GpioInit.Mode      = GPIO_MODE_OUTPUT_PP;
 80026c6:	e9cd 3507 	strd	r3, r5, [sp, #28]
  HAL_GPIO_Init(GPIOC, &GpioInit);
 80026ca:	f000 fba7 	bl	8002e1c <HAL_GPIO_Init>

  HAL_GPIO_WritePin(GPIOC, GPIO_PIN_13, SET);
 80026ce:	462a      	mov	r2, r5
 80026d0:	4620      	mov	r0, r4
 80026d2:	f44f 5100 	mov.w	r1, #8192	@ 0x2000
 80026d6:	f000 fc61 	bl	8002f9c <HAL_GPIO_WritePin>
  HAL_GPIO_WritePin(GPIOC, GPIO_PIN_14, SET);
 80026da:	462a      	mov	r2, r5
 80026dc:	f44f 4180 	mov.w	r1, #16384	@ 0x4000
 80026e0:	4620      	mov	r0, r4
 80026e2:	f000 fc5b 	bl	8002f9c <HAL_GPIO_WritePin>
#endif
}
 80026e6:	b016      	add	sp, #88	@ 0x58
 80026e8:	bd70      	pop	{r4, r5, r6, pc}
 80026ea:	bf00      	nop
 80026ec:	40021000 	.word	0x40021000
 80026f0:	48000800 	.word	0x48000800

080026f4 <init_uart>:

void init_uart(void)
{
 80026f4:	b510      	push	{r4, lr}
  GPIO_InitTypeDef GpioInit;
  GpioInit.Pin       = GPIO_PIN_9 | GPIO_PIN_10;
  GpioInit.Mode      = GPIO_MODE_AF_PP;
 80026f6:	f44f 62c0 	mov.w	r2, #1536	@ 0x600
{
 80026fa:	b088      	sub	sp, #32
  GpioInit.Mode      = GPIO_MODE_AF_PP;
 80026fc:	2302      	movs	r3, #2
 80026fe:	e9cd 2303 	strd	r2, r3, [sp, #12]
  GpioInit.Pull      = GPIO_PULLUP;
  GpioInit.Speed     = GPIO_SPEED_FREQ_HIGH;
 8002702:	2101      	movs	r1, #1
 8002704:	2303      	movs	r3, #3
 8002706:	e9cd 1305 	strd	r1, r3, [sp, #20]
  GpioInit.Alternate = GPIO_AF7_USART1;
  __GPIOA_CLK_ENABLE();
 800270a:	4c16      	ldr	r4, [pc, #88]	@ (8002764 <init_uart+0x70>)
  GpioInit.Alternate = GPIO_AF7_USART1;
 800270c:	2307      	movs	r3, #7
 800270e:	9307      	str	r3, [sp, #28]
  __GPIOA_CLK_ENABLE();
 8002710:	6963      	ldr	r3, [r4, #20]
 8002712:	f443 3300 	orr.w	r3, r3, #131072	@ 0x20000
 8002716:	6163      	str	r3, [r4, #20]
 8002718:	6963      	ldr	r3, [r4, #20]
 800271a:	f403 3300 	and.w	r3, r3, #131072	@ 0x20000
 800271e:	9301      	str	r3, [sp, #4]
  HAL_GPIO_Init(GPIOA, &GpioInit);
 8002720:	a903      	add	r1, sp, #12
 8002722:	f04f 4090 	mov.w	r0, #1207959552	@ 0x48000000
  __GPIOA_CLK_ENABLE();
 8002726:	9b01      	ldr	r3, [sp, #4]
  HAL_GPIO_Init(GPIOA, &GpioInit);
 8002728:	f000 fb78 	bl	8002e1c <HAL_GPIO_Init>

  UartHandle.Instance        = USART1;
 800272c:	480e      	ldr	r0, [pc, #56]	@ (8002768 <init_uart+0x74>)
  #if SS_VER==SS_VER_2_1
  UartHandle.Init.BaudRate   = 230400;
 800272e:	f8df c03c 	ldr.w	ip, [pc, #60]	@ 800276c <init_uart+0x78>
 8002732:	f44f 3361 	mov.w	r3, #230400	@ 0x38400
 8002736:	e9c0 c300 	strd	ip, r3, [r0]
  #else
  UartHandle.Init.BaudRate   = 38400;
  #endif
  UartHandle.Init.WordLength = UART_WORDLENGTH_8B;
 800273a:	2300      	movs	r3, #0
  UartHandle.Init.StopBits   = UART_STOPBITS_1;
 800273c:	e9c0 3302 	strd	r3, r3, [r0, #8]
  UartHandle.Init.Parity     = UART_PARITY_NONE;
 8002740:	6103      	str	r3, [r0, #16]
  UartHandle.Init.HwFlowCtl  = UART_HWCONTROL_NONE;
 8002742:	6183      	str	r3, [r0, #24]
  UartHandle.Init.Mode       = UART_MODE_TX_RX;
 8002744:	230c      	movs	r3, #12
 8002746:	6143      	str	r3, [r0, #20]
  __USART1_CLK_ENABLE();
 8002748:	69a3      	ldr	r3, [r4, #24]
 800274a:	f443 4380 	orr.w	r3, r3, #16384	@ 0x4000
 800274e:	61a3      	str	r3, [r4, #24]
 8002750:	69a3      	ldr	r3, [r4, #24]
 8002752:	f403 4380 	and.w	r3, r3, #16384	@ 0x4000
 8002756:	9302      	str	r3, [sp, #8]
 8002758:	9b02      	ldr	r3, [sp, #8]
  HAL_UART_Init(&UartHandle);
 800275a:	f000 fd5b 	bl	8003214 <HAL_UART_Init>
}
 800275e:	b008      	add	sp, #32
 8002760:	bd10      	pop	{r4, pc}
 8002762:	bf00      	nop
 8002764:	40021000 	.word	0x40021000
 8002768:	200006f8 	.word	0x200006f8
 800276c:	40013800 	.word	0x40013800

08002770 <trigger_setup>:

void trigger_setup(void)
{
  __HAL_RCC_GPIOA_CLK_ENABLE();
 8002770:	4b10      	ldr	r3, [pc, #64]	@ (80027b4 <trigger_setup+0x44>)
{
 8002772:	b530      	push	{r4, r5, lr}
  __HAL_RCC_GPIOA_CLK_ENABLE();
 8002774:	695a      	ldr	r2, [r3, #20]
 8002776:	f442 3200 	orr.w	r2, r2, #131072	@ 0x20000
 800277a:	615a      	str	r2, [r3, #20]
 800277c:	695b      	ldr	r3, [r3, #20]
{
 800277e:	b087      	sub	sp, #28
  __HAL_RCC_GPIOA_CLK_ENABLE();
 8002780:	f403 3300 	and.w	r3, r3, #131072	@ 0x20000
 8002784:	9300      	str	r3, [sp, #0]
 8002786:	9b00      	ldr	r3, [sp, #0]

  GPIO_InitTypeDef GpioInit;
  GpioInit.Pin       = GPIO_PIN_12;
  GpioInit.Mode      = GPIO_MODE_OUTPUT_PP;
 8002788:	f44f 5480 	mov.w	r4, #4096	@ 0x1000
 800278c:	2301      	movs	r3, #1
 800278e:	e9cd 4301 	strd	r4, r3, [sp, #4]
  GpioInit.Pull      = GPIO_NOPULL;
  GpioInit.Speed     = GPIO_SPEED_FREQ_HIGH;
 8002792:	2500      	movs	r5, #0
 8002794:	2303      	movs	r3, #3
  HAL_GPIO_Init(GPIOA, &GpioInit);
 8002796:	a901      	add	r1, sp, #4
 8002798:	f04f 4090 	mov.w	r0, #1207959552	@ 0x48000000
  GpioInit.Speed     = GPIO_SPEED_FREQ_HIGH;
 800279c:	e9cd 5303 	strd	r5, r3, [sp, #12]
  HAL_GPIO_Init(GPIOA, &GpioInit);
 80027a0:	f000 fb3c 	bl	8002e1c <HAL_GPIO_Init>

  HAL_GPIO_WritePin(GPIOA, GPIO_PIN_12, RESET);
 80027a4:	462a      	mov	r2, r5
 80027a6:	4621      	mov	r1, r4
 80027a8:	f04f 4090 	mov.w	r0, #1207959552	@ 0x48000000
 80027ac:	f000 fbf6 	bl	8002f9c <HAL_GPIO_WritePin>
}
 80027b0:	b007      	add	sp, #28
 80027b2:	bd30      	pop	{r4, r5, pc}
 80027b4:	40021000 	.word	0x40021000

080027b8 <trigger_high>:

void trigger_high(void)
{
  HAL_GPIO_WritePin(GPIOA, GPIO_PIN_12, SET);
 80027b8:	2201      	movs	r2, #1
 80027ba:	f44f 5180 	mov.w	r1, #4096	@ 0x1000
 80027be:	f04f 4090 	mov.w	r0, #1207959552	@ 0x48000000
 80027c2:	f000 bbeb 	b.w	8002f9c <HAL_GPIO_WritePin>

080027c6 <trigger_low>:
}

void trigger_low(void)
{
  HAL_GPIO_WritePin(GPIOA, GPIO_PIN_12, RESET);
 80027c6:	2200      	movs	r2, #0
 80027c8:	f44f 5180 	mov.w	r1, #4096	@ 0x1000
 80027cc:	f04f 4090 	mov.w	r0, #1207959552	@ 0x48000000
 80027d0:	f000 bbe4 	b.w	8002f9c <HAL_GPIO_WritePin>

080027d4 <getch>:
}

char getch(void)
{
 80027d4:	b537      	push	{r0, r1, r2, r4, r5, lr}
  uint8_t d;
  while (HAL_UART_Receive(&UartHandle, &d, 1, 5000) != HAL_OK)
 80027d6:	4d0a      	ldr	r5, [pc, #40]	@ (8002800 <getch+0x2c>)
    USART1->ICR |= (1 << 3);
 80027d8:	4c0a      	ldr	r4, [pc, #40]	@ (8002804 <getch+0x30>)
  while (HAL_UART_Receive(&UartHandle, &d, 1, 5000) != HAL_OK)
 80027da:	f241 3388 	movw	r3, #5000	@ 0x1388
 80027de:	2201      	movs	r2, #1
 80027e0:	f10d 0107 	add.w	r1, sp, #7
 80027e4:	4628      	mov	r0, r5
 80027e6:	f000 fd95 	bl	8003314 <HAL_UART_Receive>
 80027ea:	b918      	cbnz	r0, 80027f4 <getch+0x20>
  //putch(d);
  return d;
}
 80027ec:	f89d 0007 	ldrb.w	r0, [sp, #7]
 80027f0:	b003      	add	sp, #12
 80027f2:	bd30      	pop	{r4, r5, pc}
    USART1->ICR |= (1 << 3);
 80027f4:	6a23      	ldr	r3, [r4, #32]
 80027f6:	f043 0308 	orr.w	r3, r3, #8
 80027fa:	6223      	str	r3, [r4, #32]
 80027fc:	e7ed      	b.n	80027da <getch+0x6>
 80027fe:	bf00      	nop
 8002800:	200006f8 	.word	0x200006f8
 8002804:	40013800 	.word	0x40013800

08002808 <putch>:

void putch(char c)
{
 8002808:	b507      	push	{r0, r1, r2, lr}
  uint8_t d  = c;
  HAL_UART_Transmit(&UartHandle,  &d, 1, 5000);
 800280a:	f241 3388 	movw	r3, #5000	@ 0x1388
  uint8_t d  = c;
 800280e:	f88d 0007 	strb.w	r0, [sp, #7]
  HAL_UART_Transmit(&UartHandle,  &d, 1, 5000);
 8002812:	2201      	movs	r2, #1
 8002814:	f10d 0107 	add.w	r1, sp, #7
 8002818:	4802      	ldr	r0, [pc, #8]	@ (8002824 <putch+0x1c>)
 800281a:	f000 fd25 	bl	8003268 <HAL_UART_Transmit>
}
 800281e:	b003      	add	sp, #12
 8002820:	f85d fb04 	ldr.w	pc, [sp], #4
 8002824:	200006f8 	.word	0x200006f8

08002828 <HAL_GetTick>:
	hal_sys_tick = 0;
	return HAL_OK;
}
uint32_t HAL_GetTick(void)
{
	return hal_sys_tick++;
 8002828:	4b02      	ldr	r3, [pc, #8]	@ (8002834 <HAL_GetTick+0xc>)
 800282a:	6818      	ldr	r0, [r3, #0]
 800282c:	1c42      	adds	r2, r0, #1
 800282e:	601a      	str	r2, [r3, #0]
}
 8002830:	4770      	bx	lr
 8002832:	bf00      	nop
 8002834:	20000768 	.word	0x20000768

08002838 <HAL_RCC_OscConfig>:
  /* Check the parameters */
  assert_param(RCC_OscInitStruct != NULL);
  assert_param(IS_RCC_OSCILLATORTYPE(RCC_OscInitStruct->OscillatorType));

  /*------------------------------- HSE Configuration ------------------------*/ 
  if(((RCC_OscInitStruct->OscillatorType) & RCC_OSCILLATORTYPE_HSE) == RCC_OSCILLATORTYPE_HSE)
 8002838:	6803      	ldr	r3, [r0, #0]
{
 800283a:	e92d 43f7 	stmdb	sp!, {r0, r1, r2, r4, r5, r6, r7, r8, r9, lr}
  if(((RCC_OscInitStruct->OscillatorType) & RCC_OSCILLATORTYPE_HSE) == RCC_OSCILLATORTYPE_HSE)
 800283e:	07d9      	lsls	r1, r3, #31
{
 8002840:	4604      	mov	r4, r0
  if(((RCC_OscInitStruct->OscillatorType) & RCC_OSCILLATORTYPE_HSE) == RCC_OSCILLATORTYPE_HSE)
 8002842:	d411      	bmi.n	8002868 <HAL_RCC_OscConfig+0x30>
        }
      }
    }
  }
  /*----------------------------- HSI Configuration --------------------------*/ 
  if(((RCC_OscInitStruct->OscillatorType) & RCC_OSCILLATORTYPE_HSI) == RCC_OSCILLATORTYPE_HSI)
 8002844:	6823      	ldr	r3, [r4, #0]
 8002846:	079a      	lsls	r2, r3, #30
 8002848:	f100 808b 	bmi.w	8002962 <HAL_RCC_OscConfig+0x12a>
        }
      }
    }
  }
  /*------------------------------ LSI Configuration -------------------------*/ 
  if(((RCC_OscInitStruct->OscillatorType) & RCC_OSCILLATORTYPE_LSI) == RCC_OSCILLATORTYPE_LSI)
 800284c:	6823      	ldr	r3, [r4, #0]
 800284e:	071e      	lsls	r6, r3, #28
 8002850:	f100 80f3 	bmi.w	8002a3a <HAL_RCC_OscConfig+0x202>
        }
      }
    }
  }
  /*------------------------------ LSE Configuration -------------------------*/ 
  if(((RCC_OscInitStruct->OscillatorType) & RCC_OSCILLATORTYPE_LSE) == RCC_OSCILLATORTYPE_LSE)
 8002854:	6823      	ldr	r3, [r4, #0]
 8002856:	075d      	lsls	r5, r3, #29
 8002858:	f100 8136 	bmi.w	8002ac8 <HAL_RCC_OscConfig+0x290>
  }

  /*-------------------------------- PLL Configuration -----------------------*/
  /* Check the parameters */
  assert_param(IS_RCC_PLL(RCC_OscInitStruct->PLL.PLLState));
  if ((RCC_OscInitStruct->PLL.PLLState) != RCC_PLL_NONE)
 800285c:	69e2      	ldr	r2, [r4, #28]
 800285e:	2a00      	cmp	r2, #0
 8002860:	f040 81b8 	bne.w	8002bd4 <HAL_RCC_OscConfig+0x39c>
    {
      return HAL_ERROR;
    }
  }
  
  return HAL_OK;
 8002864:	2000      	movs	r0, #0
 8002866:	e01f      	b.n	80028a8 <HAL_RCC_OscConfig+0x70>
    if((__HAL_RCC_GET_SYSCLK_SOURCE() == RCC_SYSCLKSOURCE_STATUS_HSE) 
 8002868:	49b3      	ldr	r1, [pc, #716]	@ (8002b38 <HAL_RCC_OscConfig+0x300>)
 800286a:	684b      	ldr	r3, [r1, #4]
 800286c:	f003 030c 	and.w	r3, r3, #12
 8002870:	2b04      	cmp	r3, #4
 8002872:	d007      	beq.n	8002884 <HAL_RCC_OscConfig+0x4c>
       || ((__HAL_RCC_GET_SYSCLK_SOURCE() == RCC_SYSCLKSOURCE_STATUS_PLLCLK) && (__HAL_RCC_GET_PLL_OSCSOURCE() == RCC_PLLSOURCE_HSE)))
 8002874:	684b      	ldr	r3, [r1, #4]
 8002876:	f003 030c 	and.w	r3, r3, #12
 800287a:	2b08      	cmp	r3, #8
 800287c:	d117      	bne.n	80028ae <HAL_RCC_OscConfig+0x76>
 800287e:	684b      	ldr	r3, [r1, #4]
 8002880:	03db      	lsls	r3, r3, #15
 8002882:	d514      	bpl.n	80028ae <HAL_RCC_OscConfig+0x76>
__attribute__((always_inline)) __STATIC_INLINE uint32_t __RBIT(uint32_t value)
{
  uint32_t result;

#if       (__CORTEX_M >= 0x03U) || (__CORTEX_SC >= 300U)
   __ASM volatile ("rbit %0, %1" : "=r" (result) : "r" (value) );
 8002884:	f44f 3300 	mov.w	r3, #131072	@ 0x20000
 8002888:	fa93 f2a3 	rbit	r2, r3
      if((__HAL_RCC_GET_FLAG(RCC_FLAG_HSERDY) != RESET) && (RCC_OscInitStruct->HSEState == RCC_HSE_OFF))
 800288c:	6809      	ldr	r1, [r1, #0]
 800288e:	fa93 f3a3 	rbit	r3, r3
 8002892:	2201      	movs	r2, #1
 8002894:	fab3 f383 	clz	r3, r3
 8002898:	fa02 f303 	lsl.w	r3, r2, r3
 800289c:	420b      	tst	r3, r1
 800289e:	d0d1      	beq.n	8002844 <HAL_RCC_OscConfig+0xc>
 80028a0:	6863      	ldr	r3, [r4, #4]
 80028a2:	2b00      	cmp	r3, #0
 80028a4:	d1ce      	bne.n	8002844 <HAL_RCC_OscConfig+0xc>
        return HAL_ERROR;
 80028a6:	2001      	movs	r0, #1
}
 80028a8:	b003      	add	sp, #12
 80028aa:	e8bd 83f0 	ldmia.w	sp!, {r4, r5, r6, r7, r8, r9, pc}
      __HAL_RCC_HSE_PREDIV_CONFIG(RCC_OscInitStruct->HSEPredivValue);
 80028ae:	e9d4 3201 	ldrd	r3, r2, [r4, #4]
      __HAL_RCC_HSE_CONFIG(RCC_OscInitStruct->HSEState);
 80028b2:	f5b3 3f80 	cmp.w	r3, #65536	@ 0x10000
 80028b6:	d120      	bne.n	80028fa <HAL_RCC_OscConfig+0xc2>
 80028b8:	680b      	ldr	r3, [r1, #0]
 80028ba:	f443 3380 	orr.w	r3, r3, #65536	@ 0x10000
 80028be:	600b      	str	r3, [r1, #0]
      __HAL_RCC_HSE_PREDIV_CONFIG(RCC_OscInitStruct->HSEPredivValue);
 80028c0:	6acb      	ldr	r3, [r1, #44]	@ 0x2c
 80028c2:	f023 030f 	bic.w	r3, r3, #15
 80028c6:	4313      	orrs	r3, r2
 80028c8:	62cb      	str	r3, [r1, #44]	@ 0x2c
        tickstart = HAL_GetTick();
 80028ca:	f7ff ffad 	bl	8002828 <HAL_GetTick>
 80028ce:	f44f 3600 	mov.w	r6, #131072	@ 0x20000
 80028d2:	4605      	mov	r5, r0
        while(__HAL_RCC_GET_FLAG(RCC_FLAG_HSERDY) == RESET)
 80028d4:	2701      	movs	r7, #1
 80028d6:	fa96 f3a6 	rbit	r3, r6
 80028da:	680a      	ldr	r2, [r1, #0]
 80028dc:	fa96 f3a6 	rbit	r3, r6
 80028e0:	fab3 f383 	clz	r3, r3
 80028e4:	fa07 f303 	lsl.w	r3, r7, r3
 80028e8:	4213      	tst	r3, r2
 80028ea:	d1ab      	bne.n	8002844 <HAL_RCC_OscConfig+0xc>
          if((HAL_GetTick() - tickstart ) > HSE_TIMEOUT_VALUE)
 80028ec:	f7ff ff9c 	bl	8002828 <HAL_GetTick>
 80028f0:	1b40      	subs	r0, r0, r5
 80028f2:	2864      	cmp	r0, #100	@ 0x64
 80028f4:	d9ef      	bls.n	80028d6 <HAL_RCC_OscConfig+0x9e>
            return HAL_TIMEOUT;
 80028f6:	2003      	movs	r0, #3
 80028f8:	e7d6      	b.n	80028a8 <HAL_RCC_OscConfig+0x70>
      __HAL_RCC_HSE_CONFIG(RCC_OscInitStruct->HSEState);
 80028fa:	bb1b      	cbnz	r3, 8002944 <HAL_RCC_OscConfig+0x10c>
 80028fc:	680b      	ldr	r3, [r1, #0]
 80028fe:	f423 3380 	bic.w	r3, r3, #65536	@ 0x10000
 8002902:	600b      	str	r3, [r1, #0]
 8002904:	680b      	ldr	r3, [r1, #0]
 8002906:	f423 2380 	bic.w	r3, r3, #262144	@ 0x40000
 800290a:	600b      	str	r3, [r1, #0]
      __HAL_RCC_HSE_PREDIV_CONFIG(RCC_OscInitStruct->HSEPredivValue);
 800290c:	6acb      	ldr	r3, [r1, #44]	@ 0x2c
 800290e:	f023 030f 	bic.w	r3, r3, #15
 8002912:	4313      	orrs	r3, r2
 8002914:	62cb      	str	r3, [r1, #44]	@ 0x2c
        tickstart = HAL_GetTick();
 8002916:	f7ff ff87 	bl	8002828 <HAL_GetTick>
 800291a:	f44f 3600 	mov.w	r6, #131072	@ 0x20000
 800291e:	4605      	mov	r5, r0
        while(__HAL_RCC_GET_FLAG(RCC_FLAG_HSERDY) != RESET)
 8002920:	2701      	movs	r7, #1
 8002922:	fa96 f3a6 	rbit	r3, r6
 8002926:	680a      	ldr	r2, [r1, #0]
 8002928:	fa96 f3a6 	rbit	r3, r6
 800292c:	fab3 f383 	clz	r3, r3
 8002930:	fa07 f303 	lsl.w	r3, r7, r3
 8002934:	4213      	tst	r3, r2
 8002936:	d085      	beq.n	8002844 <HAL_RCC_OscConfig+0xc>
           if((HAL_GetTick() - tickstart ) > HSE_TIMEOUT_VALUE)
 8002938:	f7ff ff76 	bl	8002828 <HAL_GetTick>
 800293c:	1b40      	subs	r0, r0, r5
 800293e:	2864      	cmp	r0, #100	@ 0x64
 8002940:	d9ef      	bls.n	8002922 <HAL_RCC_OscConfig+0xea>
 8002942:	e7d8      	b.n	80028f6 <HAL_RCC_OscConfig+0xbe>
      __HAL_RCC_HSE_CONFIG(RCC_OscInitStruct->HSEState);
 8002944:	f5b3 2fa0 	cmp.w	r3, #327680	@ 0x50000
 8002948:	680b      	ldr	r3, [r1, #0]
 800294a:	d103      	bne.n	8002954 <HAL_RCC_OscConfig+0x11c>
 800294c:	f443 2380 	orr.w	r3, r3, #262144	@ 0x40000
 8002950:	600b      	str	r3, [r1, #0]
 8002952:	e7b1      	b.n	80028b8 <HAL_RCC_OscConfig+0x80>
 8002954:	f423 3380 	bic.w	r3, r3, #65536	@ 0x10000
 8002958:	600b      	str	r3, [r1, #0]
 800295a:	680b      	ldr	r3, [r1, #0]
 800295c:	f423 2380 	bic.w	r3, r3, #262144	@ 0x40000
 8002960:	e7ad      	b.n	80028be <HAL_RCC_OscConfig+0x86>
    if((__HAL_RCC_GET_SYSCLK_SOURCE() == RCC_SYSCLKSOURCE_STATUS_HSI) 
 8002962:	4975      	ldr	r1, [pc, #468]	@ (8002b38 <HAL_RCC_OscConfig+0x300>)
 8002964:	684b      	ldr	r3, [r1, #4]
 8002966:	f013 0f0c 	tst.w	r3, #12
 800296a:	d007      	beq.n	800297c <HAL_RCC_OscConfig+0x144>
       || ((__HAL_RCC_GET_SYSCLK_SOURCE() == RCC_SYSCLKSOURCE_STATUS_PLLCLK) && (__HAL_RCC_GET_PLL_OSCSOURCE() == RCC_PLLSOURCE_HSI)))
 800296c:	684b      	ldr	r3, [r1, #4]
 800296e:	f003 030c 	and.w	r3, r3, #12
 8002972:	2b08      	cmp	r3, #8
 8002974:	d11f      	bne.n	80029b6 <HAL_RCC_OscConfig+0x17e>
 8002976:	684b      	ldr	r3, [r1, #4]
 8002978:	03df      	lsls	r7, r3, #15
 800297a:	d41c      	bmi.n	80029b6 <HAL_RCC_OscConfig+0x17e>
 800297c:	2302      	movs	r3, #2
 800297e:	fa93 f2a3 	rbit	r2, r3
      if((__HAL_RCC_GET_FLAG(RCC_FLAG_HSIRDY) != RESET) && (RCC_OscInitStruct->HSIState != RCC_HSI_ON))
 8002982:	6808      	ldr	r0, [r1, #0]
 8002984:	fa93 f3a3 	rbit	r3, r3
 8002988:	2201      	movs	r2, #1
 800298a:	fab3 f383 	clz	r3, r3
 800298e:	fa02 f303 	lsl.w	r3, r2, r3
 8002992:	4203      	tst	r3, r0
 8002994:	d002      	beq.n	800299c <HAL_RCC_OscConfig+0x164>
 8002996:	6923      	ldr	r3, [r4, #16]
 8002998:	4293      	cmp	r3, r2
 800299a:	d184      	bne.n	80028a6 <HAL_RCC_OscConfig+0x6e>
        __HAL_RCC_HSI_CALIBRATIONVALUE_ADJUST(RCC_OscInitStruct->HSICalibrationValue);
 800299c:	6808      	ldr	r0, [r1, #0]
 800299e:	22f8      	movs	r2, #248	@ 0xf8
 80029a0:	fa92 f2a2 	rbit	r2, r2
 80029a4:	6963      	ldr	r3, [r4, #20]
 80029a6:	fab2 f282 	clz	r2, r2
 80029aa:	4093      	lsls	r3, r2
 80029ac:	f020 02f8 	bic.w	r2, r0, #248	@ 0xf8
 80029b0:	4313      	orrs	r3, r2
 80029b2:	600b      	str	r3, [r1, #0]
 80029b4:	e74a      	b.n	800284c <HAL_RCC_OscConfig+0x14>
      if(RCC_OscInitStruct->HSIState != RCC_HSI_OFF)
 80029b6:	6922      	ldr	r2, [r4, #16]
 80029b8:	2501      	movs	r5, #1
 80029ba:	b1f2      	cbz	r2, 80029fa <HAL_RCC_OscConfig+0x1c2>
 80029bc:	fa95 f3a5 	rbit	r3, r5
        __HAL_RCC_HSI_ENABLE();
 80029c0:	fab3 f383 	clz	r3, r3
 80029c4:	f103 5384 	add.w	r3, r3, #276824064	@ 0x10800000
 80029c8:	f503 1384 	add.w	r3, r3, #1081344	@ 0x108000
 80029cc:	009b      	lsls	r3, r3, #2
 80029ce:	2702      	movs	r7, #2
 80029d0:	601d      	str	r5, [r3, #0]
        tickstart = HAL_GetTick();
 80029d2:	f7ff ff29 	bl	8002828 <HAL_GetTick>
 80029d6:	4606      	mov	r6, r0
 80029d8:	fa97 f3a7 	rbit	r3, r7
        while(__HAL_RCC_GET_FLAG(RCC_FLAG_HSIRDY) == RESET)
 80029dc:	680a      	ldr	r2, [r1, #0]
 80029de:	fa97 f3a7 	rbit	r3, r7
 80029e2:	fab3 f383 	clz	r3, r3
 80029e6:	fa05 f303 	lsl.w	r3, r5, r3
 80029ea:	4213      	tst	r3, r2
 80029ec:	d1d6      	bne.n	800299c <HAL_RCC_OscConfig+0x164>
          if((HAL_GetTick() - tickstart ) > HSI_TIMEOUT_VALUE)
 80029ee:	f7ff ff1b 	bl	8002828 <HAL_GetTick>
 80029f2:	1b80      	subs	r0, r0, r6
 80029f4:	2802      	cmp	r0, #2
 80029f6:	d9ef      	bls.n	80029d8 <HAL_RCC_OscConfig+0x1a0>
 80029f8:	e77d      	b.n	80028f6 <HAL_RCC_OscConfig+0xbe>
 80029fa:	fa95 f3a5 	rbit	r3, r5
        __HAL_RCC_HSI_DISABLE();
 80029fe:	fab3 f383 	clz	r3, r3
 8002a02:	f103 5384 	add.w	r3, r3, #276824064	@ 0x10800000
 8002a06:	f503 1384 	add.w	r3, r3, #1081344	@ 0x108000
 8002a0a:	009b      	lsls	r3, r3, #2
 8002a0c:	2702      	movs	r7, #2
 8002a0e:	601a      	str	r2, [r3, #0]
        tickstart = HAL_GetTick();
 8002a10:	f7ff ff0a 	bl	8002828 <HAL_GetTick>
 8002a14:	4606      	mov	r6, r0
 8002a16:	fa97 f3a7 	rbit	r3, r7
        while(__HAL_RCC_GET_FLAG(RCC_FLAG_HSIRDY) != RESET)
 8002a1a:	680a      	ldr	r2, [r1, #0]
 8002a1c:	fa97 f3a7 	rbit	r3, r7
 8002a20:	fab3 f383 	clz	r3, r3
 8002a24:	fa05 f303 	lsl.w	r3, r5, r3
 8002a28:	4213      	tst	r3, r2
 8002a2a:	f43f af0f 	beq.w	800284c <HAL_RCC_OscConfig+0x14>
          if((HAL_GetTick() - tickstart ) > HSI_TIMEOUT_VALUE)
 8002a2e:	f7ff fefb 	bl	8002828 <HAL_GetTick>
 8002a32:	1b80      	subs	r0, r0, r6
 8002a34:	2802      	cmp	r0, #2
 8002a36:	d9ee      	bls.n	8002a16 <HAL_RCC_OscConfig+0x1de>
 8002a38:	e75d      	b.n	80028f6 <HAL_RCC_OscConfig+0xbe>
    if(RCC_OscInitStruct->LSIState != RCC_LSI_OFF)
 8002a3a:	69a2      	ldr	r2, [r4, #24]
 8002a3c:	4d3e      	ldr	r5, [pc, #248]	@ (8002b38 <HAL_RCC_OscConfig+0x300>)
 8002a3e:	483f      	ldr	r0, [pc, #252]	@ (8002b3c <HAL_RCC_OscConfig+0x304>)
 8002a40:	2101      	movs	r1, #1
 8002a42:	b302      	cbz	r2, 8002a86 <HAL_RCC_OscConfig+0x24e>
 8002a44:	fa91 f3a1 	rbit	r3, r1
      __HAL_RCC_LSI_ENABLE();
 8002a48:	fab3 f383 	clz	r3, r3
 8002a4c:	4403      	add	r3, r0
 8002a4e:	009b      	lsls	r3, r3, #2
 8002a50:	2602      	movs	r6, #2
 8002a52:	6019      	str	r1, [r3, #0]
      tickstart = HAL_GetTick();
 8002a54:	f7ff fee8 	bl	8002828 <HAL_GetTick>
 8002a58:	4607      	mov	r7, r0
 8002a5a:	fa96 f3a6 	rbit	r3, r6
 8002a5e:	fa96 f3a6 	rbit	r3, r6
 8002a62:	fa96 f3a6 	rbit	r3, r6
      while(__HAL_RCC_GET_FLAG(RCC_FLAG_LSIRDY) == RESET)
 8002a66:	6a6a      	ldr	r2, [r5, #36]	@ 0x24
 8002a68:	fa96 f3a6 	rbit	r3, r6
 8002a6c:	fab3 f383 	clz	r3, r3
 8002a70:	fa01 f303 	lsl.w	r3, r1, r3
 8002a74:	4213      	tst	r3, r2
 8002a76:	f47f aeed 	bne.w	8002854 <HAL_RCC_OscConfig+0x1c>
        if((HAL_GetTick() - tickstart ) > LSI_TIMEOUT_VALUE)
 8002a7a:	f7ff fed5 	bl	8002828 <HAL_GetTick>
 8002a7e:	1bc0      	subs	r0, r0, r7
 8002a80:	2802      	cmp	r0, #2
 8002a82:	d9ea      	bls.n	8002a5a <HAL_RCC_OscConfig+0x222>
 8002a84:	e737      	b.n	80028f6 <HAL_RCC_OscConfig+0xbe>
 8002a86:	fa91 f3a1 	rbit	r3, r1
      __HAL_RCC_LSI_DISABLE();
 8002a8a:	fab3 f383 	clz	r3, r3
 8002a8e:	4403      	add	r3, r0
 8002a90:	009b      	lsls	r3, r3, #2
 8002a92:	2602      	movs	r6, #2
 8002a94:	601a      	str	r2, [r3, #0]
      tickstart = HAL_GetTick();
 8002a96:	f7ff fec7 	bl	8002828 <HAL_GetTick>
 8002a9a:	4607      	mov	r7, r0
 8002a9c:	fa96 f3a6 	rbit	r3, r6
 8002aa0:	fa96 f3a6 	rbit	r3, r6
 8002aa4:	fa96 f3a6 	rbit	r3, r6
      while(__HAL_RCC_GET_FLAG(RCC_FLAG_LSIRDY) != RESET)
 8002aa8:	6a6a      	ldr	r2, [r5, #36]	@ 0x24
 8002aaa:	fa96 f3a6 	rbit	r3, r6
 8002aae:	fab3 f383 	clz	r3, r3
 8002ab2:	fa01 f303 	lsl.w	r3, r1, r3
 8002ab6:	4213      	tst	r3, r2
 8002ab8:	f43f aecc 	beq.w	8002854 <HAL_RCC_OscConfig+0x1c>
        if((HAL_GetTick() - tickstart ) > LSI_TIMEOUT_VALUE)
 8002abc:	f7ff feb4 	bl	8002828 <HAL_GetTick>
 8002ac0:	1bc0      	subs	r0, r0, r7
 8002ac2:	2802      	cmp	r0, #2
 8002ac4:	d9ea      	bls.n	8002a9c <HAL_RCC_OscConfig+0x264>
 8002ac6:	e716      	b.n	80028f6 <HAL_RCC_OscConfig+0xbe>
    if(__HAL_RCC_PWR_IS_CLK_DISABLED())
 8002ac8:	491b      	ldr	r1, [pc, #108]	@ (8002b38 <HAL_RCC_OscConfig+0x300>)
 8002aca:	69cb      	ldr	r3, [r1, #28]
 8002acc:	00d8      	lsls	r0, r3, #3
 8002ace:	d431      	bmi.n	8002b34 <HAL_RCC_OscConfig+0x2fc>
      __HAL_RCC_PWR_CLK_ENABLE();
 8002ad0:	69cb      	ldr	r3, [r1, #28]
 8002ad2:	f043 5380 	orr.w	r3, r3, #268435456	@ 0x10000000
 8002ad6:	61cb      	str	r3, [r1, #28]
 8002ad8:	69cb      	ldr	r3, [r1, #28]
 8002ada:	f003 5380 	and.w	r3, r3, #268435456	@ 0x10000000
 8002ade:	9301      	str	r3, [sp, #4]
 8002ae0:	9b01      	ldr	r3, [sp, #4]
      pwrclkchanged = SET;
 8002ae2:	2501      	movs	r5, #1
    if(HAL_IS_BIT_CLR(PWR->CR, PWR_CR_DBP))
 8002ae4:	4e16      	ldr	r6, [pc, #88]	@ (8002b40 <HAL_RCC_OscConfig+0x308>)
 8002ae6:	6833      	ldr	r3, [r6, #0]
 8002ae8:	05da      	lsls	r2, r3, #23
 8002aea:	d52b      	bpl.n	8002b44 <HAL_RCC_OscConfig+0x30c>
    __HAL_RCC_LSE_CONFIG(RCC_OscInitStruct->LSEState);
 8002aec:	68e3      	ldr	r3, [r4, #12]
 8002aee:	2b01      	cmp	r3, #1
 8002af0:	d138      	bne.n	8002b64 <HAL_RCC_OscConfig+0x32c>
 8002af2:	6a0b      	ldr	r3, [r1, #32]
 8002af4:	f043 0301 	orr.w	r3, r3, #1
 8002af8:	620b      	str	r3, [r1, #32]
      tickstart = HAL_GetTick();
 8002afa:	f7ff fe95 	bl	8002828 <HAL_GetTick>
 8002afe:	2602      	movs	r6, #2
 8002b00:	4607      	mov	r7, r0
      while(__HAL_RCC_GET_FLAG(RCC_FLAG_LSERDY) == RESET)
 8002b02:	f04f 0801 	mov.w	r8, #1
        if((HAL_GetTick() - tickstart ) > RCC_LSE_TIMEOUT_VALUE)
 8002b06:	f241 3988 	movw	r9, #5000	@ 0x1388
 8002b0a:	fa96 f3a6 	rbit	r3, r6
 8002b0e:	fa96 f3a6 	rbit	r3, r6
      while(__HAL_RCC_GET_FLAG(RCC_FLAG_LSERDY) == RESET)
 8002b12:	6a0a      	ldr	r2, [r1, #32]
 8002b14:	fa96 f3a6 	rbit	r3, r6
 8002b18:	fab3 f383 	clz	r3, r3
 8002b1c:	fa08 f303 	lsl.w	r3, r8, r3
 8002b20:	4213      	tst	r3, r2
 8002b22:	d051      	beq.n	8002bc8 <HAL_RCC_OscConfig+0x390>
    if(pwrclkchanged == SET)
 8002b24:	2d00      	cmp	r5, #0
 8002b26:	f43f ae99 	beq.w	800285c <HAL_RCC_OscConfig+0x24>
      __HAL_RCC_PWR_CLK_DISABLE();
 8002b2a:	69cb      	ldr	r3, [r1, #28]
 8002b2c:	f023 5380 	bic.w	r3, r3, #268435456	@ 0x10000000
 8002b30:	61cb      	str	r3, [r1, #28]
 8002b32:	e693      	b.n	800285c <HAL_RCC_OscConfig+0x24>
    FlagStatus       pwrclkchanged = RESET;
 8002b34:	2500      	movs	r5, #0
 8002b36:	e7d5      	b.n	8002ae4 <HAL_RCC_OscConfig+0x2ac>
 8002b38:	40021000 	.word	0x40021000
 8002b3c:	10908120 	.word	0x10908120
 8002b40:	40007000 	.word	0x40007000
      SET_BIT(PWR->CR, PWR_CR_DBP);
 8002b44:	6833      	ldr	r3, [r6, #0]
 8002b46:	f443 7380 	orr.w	r3, r3, #256	@ 0x100
 8002b4a:	6033      	str	r3, [r6, #0]
      tickstart = HAL_GetTick();
 8002b4c:	f7ff fe6c 	bl	8002828 <HAL_GetTick>
 8002b50:	4607      	mov	r7, r0
      while(HAL_IS_BIT_CLR(PWR->CR, PWR_CR_DBP))
 8002b52:	6833      	ldr	r3, [r6, #0]
 8002b54:	05db      	lsls	r3, r3, #23
 8002b56:	d4c9      	bmi.n	8002aec <HAL_RCC_OscConfig+0x2b4>
        if((HAL_GetTick() - tickstart) > RCC_DBP_TIMEOUT_VALUE)
 8002b58:	f7ff fe66 	bl	8002828 <HAL_GetTick>
 8002b5c:	1bc0      	subs	r0, r0, r7
 8002b5e:	2864      	cmp	r0, #100	@ 0x64
 8002b60:	d9f7      	bls.n	8002b52 <HAL_RCC_OscConfig+0x31a>
 8002b62:	e6c8      	b.n	80028f6 <HAL_RCC_OscConfig+0xbe>
    __HAL_RCC_LSE_CONFIG(RCC_OscInitStruct->LSEState);
 8002b64:	bb13      	cbnz	r3, 8002bac <HAL_RCC_OscConfig+0x374>
 8002b66:	6a0b      	ldr	r3, [r1, #32]
 8002b68:	f023 0301 	bic.w	r3, r3, #1
 8002b6c:	620b      	str	r3, [r1, #32]
 8002b6e:	6a0b      	ldr	r3, [r1, #32]
 8002b70:	f023 0304 	bic.w	r3, r3, #4
 8002b74:	620b      	str	r3, [r1, #32]
      tickstart = HAL_GetTick();
 8002b76:	f7ff fe57 	bl	8002828 <HAL_GetTick>
 8002b7a:	2602      	movs	r6, #2
 8002b7c:	4607      	mov	r7, r0
      while(__HAL_RCC_GET_FLAG(RCC_FLAG_LSERDY) != RESET)
 8002b7e:	f04f 0801 	mov.w	r8, #1
        if((HAL_GetTick() - tickstart ) > RCC_LSE_TIMEOUT_VALUE)
 8002b82:	f241 3988 	movw	r9, #5000	@ 0x1388
 8002b86:	fa96 f3a6 	rbit	r3, r6
 8002b8a:	fa96 f3a6 	rbit	r3, r6
      while(__HAL_RCC_GET_FLAG(RCC_FLAG_LSERDY) != RESET)
 8002b8e:	6a0a      	ldr	r2, [r1, #32]
 8002b90:	fa96 f3a6 	rbit	r3, r6
 8002b94:	fab3 f383 	clz	r3, r3
 8002b98:	fa08 f303 	lsl.w	r3, r8, r3
 8002b9c:	4213      	tst	r3, r2
 8002b9e:	d0c1      	beq.n	8002b24 <HAL_RCC_OscConfig+0x2ec>
        if((HAL_GetTick() - tickstart ) > RCC_LSE_TIMEOUT_VALUE)
 8002ba0:	f7ff fe42 	bl	8002828 <HAL_GetTick>
 8002ba4:	1bc0      	subs	r0, r0, r7
 8002ba6:	4548      	cmp	r0, r9
 8002ba8:	d9ed      	bls.n	8002b86 <HAL_RCC_OscConfig+0x34e>
 8002baa:	e6a4      	b.n	80028f6 <HAL_RCC_OscConfig+0xbe>
    __HAL_RCC_LSE_CONFIG(RCC_OscInitStruct->LSEState);
 8002bac:	2b05      	cmp	r3, #5
 8002bae:	6a0b      	ldr	r3, [r1, #32]
 8002bb0:	d103      	bne.n	8002bba <HAL_RCC_OscConfig+0x382>
 8002bb2:	f043 0304 	orr.w	r3, r3, #4
 8002bb6:	620b      	str	r3, [r1, #32]
 8002bb8:	e79b      	b.n	8002af2 <HAL_RCC_OscConfig+0x2ba>
 8002bba:	f023 0301 	bic.w	r3, r3, #1
 8002bbe:	620b      	str	r3, [r1, #32]
 8002bc0:	6a0b      	ldr	r3, [r1, #32]
 8002bc2:	f023 0304 	bic.w	r3, r3, #4
 8002bc6:	e797      	b.n	8002af8 <HAL_RCC_OscConfig+0x2c0>
        if((HAL_GetTick() - tickstart ) > RCC_LSE_TIMEOUT_VALUE)
 8002bc8:	f7ff fe2e 	bl	8002828 <HAL_GetTick>
 8002bcc:	1bc0      	subs	r0, r0, r7
 8002bce:	4548      	cmp	r0, r9
 8002bd0:	d99b      	bls.n	8002b0a <HAL_RCC_OscConfig+0x2d2>
 8002bd2:	e690      	b.n	80028f6 <HAL_RCC_OscConfig+0xbe>
    if(__HAL_RCC_GET_SYSCLK_SOURCE() != RCC_SYSCLKSOURCE_STATUS_PLLCLK)
 8002bd4:	493f      	ldr	r1, [pc, #252]	@ (8002cd4 <HAL_RCC_OscConfig+0x49c>)
 8002bd6:	684b      	ldr	r3, [r1, #4]
 8002bd8:	f003 030c 	and.w	r3, r3, #12
 8002bdc:	2b08      	cmp	r3, #8
 8002bde:	f43f ae62 	beq.w	80028a6 <HAL_RCC_OscConfig+0x6e>
      if((RCC_OscInitStruct->PLL.PLLState) == RCC_PLL_ON)
 8002be2:	2a02      	cmp	r2, #2
 8002be4:	f04f 7380 	mov.w	r3, #16777216	@ 0x1000000
 8002be8:	d150      	bne.n	8002c8c <HAL_RCC_OscConfig+0x454>
 8002bea:	fa93 f3a3 	rbit	r3, r3
        __HAL_RCC_PLL_DISABLE();
 8002bee:	fab3 f383 	clz	r3, r3
 8002bf2:	f103 5384 	add.w	r3, r3, #276824064	@ 0x10800000
 8002bf6:	f503 1384 	add.w	r3, r3, #1081344	@ 0x108000
 8002bfa:	009b      	lsls	r3, r3, #2
 8002bfc:	2200      	movs	r2, #0
 8002bfe:	601a      	str	r2, [r3, #0]
        tickstart = HAL_GetTick();
 8002c00:	f7ff fe12 	bl	8002828 <HAL_GetTick>
          if((HAL_GetTick() - tickstart ) > PLL_TIMEOUT_VALUE)
 8002c04:	f8df 80d0 	ldr.w	r8, [pc, #208]	@ 8002cd8 <HAL_RCC_OscConfig+0x4a0>
        tickstart = HAL_GetTick();
 8002c08:	4606      	mov	r6, r0
 8002c0a:	f04f 7700 	mov.w	r7, #33554432	@ 0x2000000
        while(__HAL_RCC_GET_FLAG(RCC_FLAG_PLLRDY)  != RESET)
 8002c0e:	2501      	movs	r5, #1
 8002c10:	fa97 f3a7 	rbit	r3, r7
 8002c14:	680a      	ldr	r2, [r1, #0]
 8002c16:	fa97 f3a7 	rbit	r3, r7
 8002c1a:	fab3 f383 	clz	r3, r3
 8002c1e:	fa05 f303 	lsl.w	r3, r5, r3
 8002c22:	4213      	tst	r3, r2
 8002c24:	d12c      	bne.n	8002c80 <HAL_RCC_OscConfig+0x448>
      __HAL_RCC_PLL_CONFIG(RCC_OscInitStruct->PLL.PLLSource,
 8002c26:	e9d4 0308 	ldrd	r0, r3, [r4, #32]
 8002c2a:	684a      	ldr	r2, [r1, #4]
 8002c2c:	4303      	orrs	r3, r0
 8002c2e:	f422 1274 	bic.w	r2, r2, #3997696	@ 0x3d0000
 8002c32:	4313      	orrs	r3, r2
 8002c34:	604b      	str	r3, [r1, #4]
 8002c36:	f04f 7380 	mov.w	r3, #16777216	@ 0x1000000
 8002c3a:	fa93 f3a3 	rbit	r3, r3
        __HAL_RCC_PLL_ENABLE();
 8002c3e:	fab3 f383 	clz	r3, r3
 8002c42:	f103 5384 	add.w	r3, r3, #276824064	@ 0x10800000
 8002c46:	f503 1384 	add.w	r3, r3, #1081344	@ 0x108000
 8002c4a:	009b      	lsls	r3, r3, #2
          if((HAL_GetTick() - tickstart ) > PLL_TIMEOUT_VALUE)
 8002c4c:	4f22      	ldr	r7, [pc, #136]	@ (8002cd8 <HAL_RCC_OscConfig+0x4a0>)
        __HAL_RCC_PLL_ENABLE();
 8002c4e:	601d      	str	r5, [r3, #0]
        tickstart = HAL_GetTick();
 8002c50:	f7ff fdea 	bl	8002828 <HAL_GetTick>
 8002c54:	f04f 7500 	mov.w	r5, #33554432	@ 0x2000000
 8002c58:	4604      	mov	r4, r0
        while(__HAL_RCC_GET_FLAG(RCC_FLAG_PLLRDY)  == RESET)
 8002c5a:	2601      	movs	r6, #1
 8002c5c:	fa95 f3a5 	rbit	r3, r5
 8002c60:	680a      	ldr	r2, [r1, #0]
 8002c62:	fa95 f3a5 	rbit	r3, r5
 8002c66:	fab3 f383 	clz	r3, r3
 8002c6a:	fa06 f303 	lsl.w	r3, r6, r3
 8002c6e:	4213      	tst	r3, r2
 8002c70:	f47f adf8 	bne.w	8002864 <HAL_RCC_OscConfig+0x2c>
          if((HAL_GetTick() - tickstart ) > PLL_TIMEOUT_VALUE)
 8002c74:	f7ff fdd8 	bl	8002828 <HAL_GetTick>
 8002c78:	1b00      	subs	r0, r0, r4
 8002c7a:	42b8      	cmp	r0, r7
 8002c7c:	d9ee      	bls.n	8002c5c <HAL_RCC_OscConfig+0x424>
 8002c7e:	e63a      	b.n	80028f6 <HAL_RCC_OscConfig+0xbe>
          if((HAL_GetTick() - tickstart ) > PLL_TIMEOUT_VALUE)
 8002c80:	f7ff fdd2 	bl	8002828 <HAL_GetTick>
 8002c84:	1b83      	subs	r3, r0, r6
 8002c86:	4543      	cmp	r3, r8
 8002c88:	d9c2      	bls.n	8002c10 <HAL_RCC_OscConfig+0x3d8>
 8002c8a:	e634      	b.n	80028f6 <HAL_RCC_OscConfig+0xbe>
 8002c8c:	fa93 f3a3 	rbit	r3, r3
        __HAL_RCC_PLL_DISABLE();
 8002c90:	fab3 f383 	clz	r3, r3
 8002c94:	f103 5384 	add.w	r3, r3, #276824064	@ 0x10800000
 8002c98:	f503 1384 	add.w	r3, r3, #1081344	@ 0x108000
 8002c9c:	009b      	lsls	r3, r3, #2
 8002c9e:	2200      	movs	r2, #0
 8002ca0:	601a      	str	r2, [r3, #0]
        tickstart = HAL_GetTick();
 8002ca2:	f7ff fdc1 	bl	8002828 <HAL_GetTick>
          if((HAL_GetTick() - tickstart ) > PLL_TIMEOUT_VALUE)
 8002ca6:	4f0c      	ldr	r7, [pc, #48]	@ (8002cd8 <HAL_RCC_OscConfig+0x4a0>)
        tickstart = HAL_GetTick();
 8002ca8:	4604      	mov	r4, r0
 8002caa:	f04f 7500 	mov.w	r5, #33554432	@ 0x2000000
        while(__HAL_RCC_GET_FLAG(RCC_FLAG_PLLRDY)  != RESET)
 8002cae:	2601      	movs	r6, #1
 8002cb0:	fa95 f3a5 	rbit	r3, r5
 8002cb4:	680a      	ldr	r2, [r1, #0]
 8002cb6:	fa95 f3a5 	rbit	r3, r5
 8002cba:	fab3 f383 	clz	r3, r3
 8002cbe:	fa06 f303 	lsl.w	r3, r6, r3
 8002cc2:	4213      	tst	r3, r2
 8002cc4:	f43f adce 	beq.w	8002864 <HAL_RCC_OscConfig+0x2c>
          if((HAL_GetTick() - tickstart ) > PLL_TIMEOUT_VALUE)
 8002cc8:	f7ff fdae 	bl	8002828 <HAL_GetTick>
 8002ccc:	1b00      	subs	r0, r0, r4
 8002cce:	42b8      	cmp	r0, r7
 8002cd0:	d9ee      	bls.n	8002cb0 <HAL_RCC_OscConfig+0x478>
 8002cd2:	e610      	b.n	80028f6 <HAL_RCC_OscConfig+0xbe>
 8002cd4:	40021000 	.word	0x40021000
 8002cd8:	00030d40 	.word	0x00030d40

08002cdc <HAL_RCC_ClockConfig>:
  /* To correctly read data from FLASH memory, the number of wait states (LATENCY) 
  must be correctly programmed according to the frequency of the CPU clock 
    (HCLK) of the device. */

  /* Increasing the number of wait states because of higher CPU frequency */
  if(FLatency > (FLASH->ACR & FLASH_ACR_LATENCY))
 8002cdc:	4a4d      	ldr	r2, [pc, #308]	@ (8002e14 <HAL_RCC_ClockConfig+0x138>)
{
 8002cde:	b5f8      	push	{r3, r4, r5, r6, r7, lr}
  if(FLatency > (FLASH->ACR & FLASH_ACR_LATENCY))
 8002ce0:	6813      	ldr	r3, [r2, #0]
 8002ce2:	f003 0307 	and.w	r3, r3, #7
 8002ce6:	428b      	cmp	r3, r1
{
 8002ce8:	4604      	mov	r4, r0
  if(FLatency > (FLASH->ACR & FLASH_ACR_LATENCY))
 8002cea:	d311      	bcc.n	8002d10 <HAL_RCC_ClockConfig+0x34>
      return HAL_ERROR;
    }
  }

  /*-------------------------- HCLK Configuration --------------------------*/
  if(((RCC_ClkInitStruct->ClockType) & RCC_CLOCKTYPE_HCLK) == RCC_CLOCKTYPE_HCLK)
 8002cec:	6822      	ldr	r2, [r4, #0]
 8002cee:	0795      	lsls	r5, r2, #30
 8002cf0:	d41a      	bmi.n	8002d28 <HAL_RCC_ClockConfig+0x4c>
    assert_param(IS_RCC_HCLK(RCC_ClkInitStruct->AHBCLKDivider));
    MODIFY_REG(RCC->CFGR, RCC_CFGR_HPRE, RCC_ClkInitStruct->AHBCLKDivider);
  }

  /*------------------------- SYSCLK Configuration ---------------------------*/ 
  if(((RCC_ClkInitStruct->ClockType) & RCC_CLOCKTYPE_SYSCLK) == RCC_CLOCKTYPE_SYSCLK)
 8002cf2:	07d0      	lsls	r0, r2, #31
 8002cf4:	d420      	bmi.n	8002d38 <HAL_RCC_ClockConfig+0x5c>
        }
      }
    }      
  }    
  /* Decreasing the number of wait states because of lower CPU frequency */
  if(FLatency < (FLASH->ACR & FLASH_ACR_LATENCY))
 8002cf6:	4a47      	ldr	r2, [pc, #284]	@ (8002e14 <HAL_RCC_ClockConfig+0x138>)
 8002cf8:	6813      	ldr	r3, [r2, #0]
 8002cfa:	f003 0307 	and.w	r3, r3, #7
 8002cfe:	428b      	cmp	r3, r1
 8002d00:	d86c      	bhi.n	8002ddc <HAL_RCC_ClockConfig+0x100>
      return HAL_ERROR;
    }
  }    

  /*-------------------------- PCLK1 Configuration ---------------------------*/ 
  if(((RCC_ClkInitStruct->ClockType) & RCC_CLOCKTYPE_PCLK1) == RCC_CLOCKTYPE_PCLK1)
 8002d02:	6822      	ldr	r2, [r4, #0]
 8002d04:	0751      	lsls	r1, r2, #29
 8002d06:	d474      	bmi.n	8002df2 <HAL_RCC_ClockConfig+0x116>
    assert_param(IS_RCC_PCLK(RCC_ClkInitStruct->APB1CLKDivider));
    MODIFY_REG(RCC->CFGR, RCC_CFGR_PPRE1, RCC_ClkInitStruct->APB1CLKDivider);
  }
  
  /*-------------------------- PCLK2 Configuration ---------------------------*/ 
  if(((RCC_ClkInitStruct->ClockType) & RCC_CLOCKTYPE_PCLK2) == RCC_CLOCKTYPE_PCLK2)
 8002d08:	0713      	lsls	r3, r2, #28
 8002d0a:	d47a      	bmi.n	8002e02 <HAL_RCC_ClockConfig+0x126>
  //SystemCoreClock = HAL_RCC_GetSysClockFreq() >> AHBPrescTable[(RCC->CFGR & RCC_CFGR_HPRE)>> RCC_CFGR_HPRE_BITNUMBER];

  /* Configure the source of time base considering new system clocks settings*/
  //HAL_InitTick (TICK_INT_PRIORITY);
  
  return HAL_OK;
 8002d0c:	2000      	movs	r0, #0
 8002d0e:	e00a      	b.n	8002d26 <HAL_RCC_ClockConfig+0x4a>
    __HAL_FLASH_SET_LATENCY(FLatency);
 8002d10:	6813      	ldr	r3, [r2, #0]
 8002d12:	f023 0307 	bic.w	r3, r3, #7
 8002d16:	430b      	orrs	r3, r1
 8002d18:	6013      	str	r3, [r2, #0]
    if((FLASH->ACR & FLASH_ACR_LATENCY) != FLatency)
 8002d1a:	6813      	ldr	r3, [r2, #0]
 8002d1c:	f003 0307 	and.w	r3, r3, #7
 8002d20:	428b      	cmp	r3, r1
 8002d22:	d0e3      	beq.n	8002cec <HAL_RCC_ClockConfig+0x10>
      return HAL_ERROR;
 8002d24:	2001      	movs	r0, #1
}
 8002d26:	bdf8      	pop	{r3, r4, r5, r6, r7, pc}
    MODIFY_REG(RCC->CFGR, RCC_CFGR_HPRE, RCC_ClkInitStruct->AHBCLKDivider);
 8002d28:	483b      	ldr	r0, [pc, #236]	@ (8002e18 <HAL_RCC_ClockConfig+0x13c>)
 8002d2a:	68a5      	ldr	r5, [r4, #8]
 8002d2c:	6843      	ldr	r3, [r0, #4]
 8002d2e:	f023 03f0 	bic.w	r3, r3, #240	@ 0xf0
 8002d32:	432b      	orrs	r3, r5
 8002d34:	6043      	str	r3, [r0, #4]
 8002d36:	e7dc      	b.n	8002cf2 <HAL_RCC_ClockConfig+0x16>
    if(RCC_ClkInitStruct->SYSCLKSource == RCC_SYSCLKSOURCE_HSE)
 8002d38:	6862      	ldr	r2, [r4, #4]
 8002d3a:	4d37      	ldr	r5, [pc, #220]	@ (8002e18 <HAL_RCC_ClockConfig+0x13c>)
 8002d3c:	2a01      	cmp	r2, #1
 8002d3e:	d125      	bne.n	8002d8c <HAL_RCC_ClockConfig+0xb0>
 8002d40:	f44f 3300 	mov.w	r3, #131072	@ 0x20000
 8002d44:	fa93 f0a3 	rbit	r0, r3
      if(__HAL_RCC_GET_FLAG(RCC_FLAG_HSERDY) == RESET)
 8002d48:	6828      	ldr	r0, [r5, #0]
 8002d4a:	fa93 f3a3 	rbit	r3, r3
 8002d4e:	fab3 f383 	clz	r3, r3
 8002d52:	fa02 f303 	lsl.w	r3, r2, r3
 8002d56:	4203      	tst	r3, r0
      if(__HAL_RCC_GET_FLAG(RCC_FLAG_HSIRDY) == RESET)
 8002d58:	d0e4      	beq.n	8002d24 <HAL_RCC_ClockConfig+0x48>
    __HAL_RCC_SYSCLK_CONFIG(RCC_ClkInitStruct->SYSCLKSource);
 8002d5a:	686b      	ldr	r3, [r5, #4]
 8002d5c:	f023 0303 	bic.w	r3, r3, #3
 8002d60:	4313      	orrs	r3, r2
 8002d62:	606b      	str	r3, [r5, #4]
    tickstart = HAL_GetTick();
 8002d64:	f7ff fd60 	bl	8002828 <HAL_GetTick>
    if(RCC_ClkInitStruct->SYSCLKSource == RCC_SYSCLKSOURCE_HSE)
 8002d68:	6863      	ldr	r3, [r4, #4]
 8002d6a:	2b01      	cmp	r3, #1
    tickstart = HAL_GetTick();
 8002d6c:	4606      	mov	r6, r0
        if((HAL_GetTick() - tickstart ) > CLOCKSWITCH_TIMEOUT_VALUE)
 8002d6e:	f241 3788 	movw	r7, #5000	@ 0x1388
    if(RCC_ClkInitStruct->SYSCLKSource == RCC_SYSCLKSOURCE_HSE)
 8002d72:	d11c      	bne.n	8002dae <HAL_RCC_ClockConfig+0xd2>
      while (__HAL_RCC_GET_SYSCLK_SOURCE() != RCC_SYSCLKSOURCE_STATUS_HSE)
 8002d74:	686b      	ldr	r3, [r5, #4]
 8002d76:	f003 030c 	and.w	r3, r3, #12
 8002d7a:	2b04      	cmp	r3, #4
 8002d7c:	d0bb      	beq.n	8002cf6 <HAL_RCC_ClockConfig+0x1a>
        if((HAL_GetTick() - tickstart ) > CLOCKSWITCH_TIMEOUT_VALUE)
 8002d7e:	f7ff fd53 	bl	8002828 <HAL_GetTick>
 8002d82:	1b80      	subs	r0, r0, r6
 8002d84:	42b8      	cmp	r0, r7
 8002d86:	d9f5      	bls.n	8002d74 <HAL_RCC_ClockConfig+0x98>
          return HAL_TIMEOUT;
 8002d88:	2003      	movs	r0, #3
 8002d8a:	e7cc      	b.n	8002d26 <HAL_RCC_ClockConfig+0x4a>
    else if(RCC_ClkInitStruct->SYSCLKSource == RCC_SYSCLKSOURCE_PLLCLK)
 8002d8c:	2a02      	cmp	r2, #2
 8002d8e:	bf0c      	ite	eq
 8002d90:	f04f 7300 	moveq.w	r3, #33554432	@ 0x2000000
 8002d94:	2302      	movne	r3, #2
 8002d96:	fa93 f0a3 	rbit	r0, r3
      if(__HAL_RCC_GET_FLAG(RCC_FLAG_HSIRDY) == RESET)
 8002d9a:	682e      	ldr	r6, [r5, #0]
 8002d9c:	fa93 f3a3 	rbit	r3, r3
 8002da0:	2001      	movs	r0, #1
 8002da2:	fab3 f383 	clz	r3, r3
 8002da6:	fa00 f303 	lsl.w	r3, r0, r3
 8002daa:	4233      	tst	r3, r6
 8002dac:	e7d4      	b.n	8002d58 <HAL_RCC_ClockConfig+0x7c>
    else if(RCC_ClkInitStruct->SYSCLKSource == RCC_SYSCLKSOURCE_PLLCLK)
 8002dae:	2b02      	cmp	r3, #2
 8002db0:	d10f      	bne.n	8002dd2 <HAL_RCC_ClockConfig+0xf6>
      while (__HAL_RCC_GET_SYSCLK_SOURCE() != RCC_SYSCLKSOURCE_STATUS_PLLCLK)
 8002db2:	686b      	ldr	r3, [r5, #4]
 8002db4:	f003 030c 	and.w	r3, r3, #12
 8002db8:	2b08      	cmp	r3, #8
 8002dba:	d09c      	beq.n	8002cf6 <HAL_RCC_ClockConfig+0x1a>
        if((HAL_GetTick() - tickstart ) > CLOCKSWITCH_TIMEOUT_VALUE)
 8002dbc:	f7ff fd34 	bl	8002828 <HAL_GetTick>
 8002dc0:	1b80      	subs	r0, r0, r6
 8002dc2:	42b8      	cmp	r0, r7
 8002dc4:	d9f5      	bls.n	8002db2 <HAL_RCC_ClockConfig+0xd6>
 8002dc6:	e7df      	b.n	8002d88 <HAL_RCC_ClockConfig+0xac>
        if((HAL_GetTick() - tickstart ) > CLOCKSWITCH_TIMEOUT_VALUE)
 8002dc8:	f7ff fd2e 	bl	8002828 <HAL_GetTick>
 8002dcc:	1b80      	subs	r0, r0, r6
 8002dce:	42b8      	cmp	r0, r7
 8002dd0:	d8da      	bhi.n	8002d88 <HAL_RCC_ClockConfig+0xac>
      while (__HAL_RCC_GET_SYSCLK_SOURCE() != RCC_SYSCLKSOURCE_STATUS_HSI)
 8002dd2:	686b      	ldr	r3, [r5, #4]
 8002dd4:	f013 0f0c 	tst.w	r3, #12
 8002dd8:	d1f6      	bne.n	8002dc8 <HAL_RCC_ClockConfig+0xec>
 8002dda:	e78c      	b.n	8002cf6 <HAL_RCC_ClockConfig+0x1a>
    __HAL_FLASH_SET_LATENCY(FLatency);
 8002ddc:	6813      	ldr	r3, [r2, #0]
 8002dde:	f023 0307 	bic.w	r3, r3, #7
 8002de2:	430b      	orrs	r3, r1
 8002de4:	6013      	str	r3, [r2, #0]
    if((FLASH->ACR & FLASH_ACR_LATENCY) != FLatency)
 8002de6:	6813      	ldr	r3, [r2, #0]
 8002de8:	f003 0307 	and.w	r3, r3, #7
 8002dec:	428b      	cmp	r3, r1
 8002dee:	d199      	bne.n	8002d24 <HAL_RCC_ClockConfig+0x48>
 8002df0:	e787      	b.n	8002d02 <HAL_RCC_ClockConfig+0x26>
    MODIFY_REG(RCC->CFGR, RCC_CFGR_PPRE1, RCC_ClkInitStruct->APB1CLKDivider);
 8002df2:	4909      	ldr	r1, [pc, #36]	@ (8002e18 <HAL_RCC_ClockConfig+0x13c>)
 8002df4:	68e0      	ldr	r0, [r4, #12]
 8002df6:	684b      	ldr	r3, [r1, #4]
 8002df8:	f423 63e0 	bic.w	r3, r3, #1792	@ 0x700
 8002dfc:	4303      	orrs	r3, r0
 8002dfe:	604b      	str	r3, [r1, #4]
 8002e00:	e782      	b.n	8002d08 <HAL_RCC_ClockConfig+0x2c>
    MODIFY_REG(RCC->CFGR, RCC_CFGR_PPRE2, ((RCC_ClkInitStruct->APB2CLKDivider) << 3U));
 8002e02:	4a05      	ldr	r2, [pc, #20]	@ (8002e18 <HAL_RCC_ClockConfig+0x13c>)
 8002e04:	6921      	ldr	r1, [r4, #16]
 8002e06:	6853      	ldr	r3, [r2, #4]
 8002e08:	f423 5360 	bic.w	r3, r3, #14336	@ 0x3800
 8002e0c:	ea43 03c1 	orr.w	r3, r3, r1, lsl #3
 8002e10:	6053      	str	r3, [r2, #4]
 8002e12:	e77b      	b.n	8002d0c <HAL_RCC_ClockConfig+0x30>
 8002e14:	40022000 	.word	0x40022000
 8002e18:	40021000 	.word	0x40021000

08002e1c <HAL_GPIO_Init>:
  * @param  GPIO_Init: pointer to a GPIO_InitTypeDef structure that contains
  *         the configuration information for the specified GPIO peripheral.
  * @retval None
  */
void HAL_GPIO_Init(GPIO_TypeDef  *GPIOx, GPIO_InitTypeDef *GPIO_Init)
{
 8002e1c:	e92d 4ff7 	stmdb	sp!, {r0, r1, r2, r4, r5, r6, r7, r8, r9, sl, fp, lr}
      /*--------------------- EXTI Mode Configuration ------------------------*/
      /* Configure the External Interrupt or event for the current IO */
      if((GPIO_Init->Mode & EXTI_MODE) == EXTI_MODE)
      {
        /* Enable SYSCFG Clock */
        __HAL_RCC_SYSCFG_CLK_ENABLE();
 8002e20:	f8df 816c 	ldr.w	r8, [pc, #364]	@ 8002f90 <HAL_GPIO_Init+0x174>
        temp &= ~((0x0FU) << (4U * (position & 0x03U)));
        temp |= (GPIO_GET_INDEX(GPIOx) << (4U * (position & 0x03U)));
        SYSCFG->EXTICR[position >> 2] = temp;

        /* Clear EXTI line configuration */
        temp = EXTI->IMR;
 8002e24:	4c5b      	ldr	r4, [pc, #364]	@ (8002f94 <HAL_GPIO_Init+0x178>)
  uint32_t position = 0x00U;
 8002e26:	2300      	movs	r3, #0
        temp &= ~((0x0FU) << (4U * (position & 0x03U)));
 8002e28:	f04f 090f 	mov.w	r9, #15
  while (((GPIO_Init->Pin) >> position) != RESET)
 8002e2c:	680a      	ldr	r2, [r1, #0]
 8002e2e:	fa32 f503 	lsrs.w	r5, r2, r3
 8002e32:	d102      	bne.n	8002e3a <HAL_GPIO_Init+0x1e>
      }
    }
    
    position++;
  }
}
 8002e34:	b003      	add	sp, #12
 8002e36:	e8bd 8ff0 	ldmia.w	sp!, {r4, r5, r6, r7, r8, r9, sl, fp, pc}
    iocurrent = (GPIO_Init->Pin) & (1U << position);
 8002e3a:	2501      	movs	r5, #1
 8002e3c:	fa05 fa03 	lsl.w	sl, r5, r3
    if(iocurrent)
 8002e40:	ea1a 0202 	ands.w	r2, sl, r2
 8002e44:	f000 8099 	beq.w	8002f7a <HAL_GPIO_Init+0x15e>
      if((GPIO_Init->Mode == GPIO_MODE_AF_PP) || (GPIO_Init->Mode == GPIO_MODE_AF_OD))
 8002e48:	684d      	ldr	r5, [r1, #4]
 8002e4a:	f025 0e10 	bic.w	lr, r5, #16
 8002e4e:	f1be 0f02 	cmp.w	lr, #2
 8002e52:	d111      	bne.n	8002e78 <HAL_GPIO_Init+0x5c>
        temp = GPIOx->AFR[position >> 3];
 8002e54:	08df      	lsrs	r7, r3, #3
 8002e56:	eb00 0787 	add.w	r7, r0, r7, lsl #2
        temp &= ~(0xFU << ((uint32_t)(position & 0x07U) * 4U)) ;
 8002e5a:	f003 0c07 	and.w	ip, r3, #7
        temp = GPIOx->AFR[position >> 3];
 8002e5e:	6a3e      	ldr	r6, [r7, #32]
        temp &= ~(0xFU << ((uint32_t)(position & 0x07U) * 4U)) ;
 8002e60:	ea4f 0c8c 	mov.w	ip, ip, lsl #2
 8002e64:	fa09 fb0c 	lsl.w	fp, r9, ip
 8002e68:	ea26 0b0b 	bic.w	fp, r6, fp
        temp |= ((uint32_t)(GPIO_Init->Alternate) << (((uint32_t)position & 0x07U) * 4U));
 8002e6c:	690e      	ldr	r6, [r1, #16]
 8002e6e:	fa06 f60c 	lsl.w	r6, r6, ip
 8002e72:	ea46 060b 	orr.w	r6, r6, fp
        GPIOx->AFR[position >> 3] = temp;
 8002e76:	623e      	str	r6, [r7, #32]
      temp = GPIOx->MODER;
 8002e78:	f8d0 b000 	ldr.w	fp, [r0]
      temp &= ~(GPIO_MODER_MODER0 << (position * 2U));
 8002e7c:	ea4f 0c43 	mov.w	ip, r3, lsl #1
 8002e80:	2603      	movs	r6, #3
 8002e82:	fa06 f70c 	lsl.w	r7, r6, ip
 8002e86:	ea2b 0b07 	bic.w	fp, fp, r7
 8002e8a:	43fe      	mvns	r6, r7
      temp |= ((GPIO_Init->Mode & GPIO_MODE) << (position * 2U));
 8002e8c:	f005 0703 	and.w	r7, r5, #3
 8002e90:	fa07 f70c 	lsl.w	r7, r7, ip
      if((GPIO_Init->Mode == GPIO_MODE_OUTPUT_PP) || (GPIO_Init->Mode == GPIO_MODE_AF_PP) ||
 8002e94:	f10e 3eff 	add.w	lr, lr, #4294967295	@ 0xffffffff
      temp |= ((GPIO_Init->Mode & GPIO_MODE) << (position * 2U));
 8002e98:	ea47 070b 	orr.w	r7, r7, fp
      if((GPIO_Init->Mode == GPIO_MODE_OUTPUT_PP) || (GPIO_Init->Mode == GPIO_MODE_AF_PP) ||
 8002e9c:	f1be 0f01 	cmp.w	lr, #1
      GPIOx->MODER = temp;
 8002ea0:	6007      	str	r7, [r0, #0]
      if((GPIO_Init->Mode == GPIO_MODE_OUTPUT_PP) || (GPIO_Init->Mode == GPIO_MODE_AF_PP) ||
 8002ea2:	d811      	bhi.n	8002ec8 <HAL_GPIO_Init+0xac>
        temp = GPIOx->OSPEEDR;
 8002ea4:	6887      	ldr	r7, [r0, #8]
        temp &= ~(GPIO_OSPEEDER_OSPEEDR0 << (position * 2U));
 8002ea6:	ea06 0e07 	and.w	lr, r6, r7
        temp |= (GPIO_Init->Speed << (position * 2U));
 8002eaa:	68cf      	ldr	r7, [r1, #12]
 8002eac:	fa07 f70c 	lsl.w	r7, r7, ip
 8002eb0:	ea47 070e 	orr.w	r7, r7, lr
        GPIOx->OSPEEDR = temp;
 8002eb4:	6087      	str	r7, [r0, #8]
        temp = GPIOx->OTYPER;
 8002eb6:	6847      	ldr	r7, [r0, #4]
        temp &= ~(GPIO_OTYPER_OT_0 << position) ;
 8002eb8:	ea27 0e0a 	bic.w	lr, r7, sl
        temp |= (((GPIO_Init->Mode & GPIO_OUTPUT_TYPE) >> 4U) << position);
 8002ebc:	f3c5 1700 	ubfx	r7, r5, #4, #1
 8002ec0:	409f      	lsls	r7, r3
 8002ec2:	ea47 070e 	orr.w	r7, r7, lr
        GPIOx->OTYPER = temp;
 8002ec6:	6047      	str	r7, [r0, #4]
      temp = GPIOx->PUPDR;
 8002ec8:	68c7      	ldr	r7, [r0, #12]
      temp &= ~(GPIO_PUPDR_PUPDR0 << (position * 2U));
 8002eca:	4037      	ands	r7, r6
      temp |= ((GPIO_Init->Pull) << (position * 2U));
 8002ecc:	688e      	ldr	r6, [r1, #8]
 8002ece:	fa06 f60c 	lsl.w	r6, r6, ip
 8002ed2:	433e      	orrs	r6, r7
      GPIOx->PUPDR = temp;
 8002ed4:	60c6      	str	r6, [r0, #12]
      if((GPIO_Init->Mode & EXTI_MODE) == EXTI_MODE)
 8002ed6:	00ee      	lsls	r6, r5, #3
 8002ed8:	d54f      	bpl.n	8002f7a <HAL_GPIO_Init+0x15e>
        __HAL_RCC_SYSCFG_CLK_ENABLE();
 8002eda:	f8d8 6018 	ldr.w	r6, [r8, #24]
 8002ede:	f046 0601 	orr.w	r6, r6, #1
 8002ee2:	f8c8 6018 	str.w	r6, [r8, #24]
 8002ee6:	f8d8 6018 	ldr.w	r6, [r8, #24]
 8002eea:	f023 0703 	bic.w	r7, r3, #3
 8002eee:	f107 4780 	add.w	r7, r7, #1073741824	@ 0x40000000
 8002ef2:	f006 0601 	and.w	r6, r6, #1
 8002ef6:	f507 3780 	add.w	r7, r7, #65536	@ 0x10000
 8002efa:	9601      	str	r6, [sp, #4]
        temp &= ~((0x0FU) << (4U * (position & 0x03U)));
 8002efc:	f003 0c03 	and.w	ip, r3, #3
        __HAL_RCC_SYSCFG_CLK_ENABLE();
 8002f00:	9e01      	ldr	r6, [sp, #4]
        temp = SYSCFG->EXTICR[position >> 2];
 8002f02:	68be      	ldr	r6, [r7, #8]
        temp &= ~((0x0FU) << (4U * (position & 0x03U)));
 8002f04:	ea4f 0c8c 	mov.w	ip, ip, lsl #2
 8002f08:	fa09 fe0c 	lsl.w	lr, r9, ip
        temp |= (GPIO_GET_INDEX(GPIOx) << (4U * (position & 0x03U)));
 8002f0c:	f1b0 4f90 	cmp.w	r0, #1207959552	@ 0x48000000
        temp &= ~((0x0FU) << (4U * (position & 0x03U)));
 8002f10:	ea26 0e0e 	bic.w	lr, r6, lr
        temp |= (GPIO_GET_INDEX(GPIOx) << (4U * (position & 0x03U)));
 8002f14:	d033      	beq.n	8002f7e <HAL_GPIO_Init+0x162>
 8002f16:	4e20      	ldr	r6, [pc, #128]	@ (8002f98 <HAL_GPIO_Init+0x17c>)
 8002f18:	42b0      	cmp	r0, r6
 8002f1a:	d032      	beq.n	8002f82 <HAL_GPIO_Init+0x166>
 8002f1c:	f506 6680 	add.w	r6, r6, #1024	@ 0x400
 8002f20:	42b0      	cmp	r0, r6
 8002f22:	d030      	beq.n	8002f86 <HAL_GPIO_Init+0x16a>
 8002f24:	f506 6680 	add.w	r6, r6, #1024	@ 0x400
 8002f28:	42b0      	cmp	r0, r6
 8002f2a:	d02e      	beq.n	8002f8a <HAL_GPIO_Init+0x16e>
 8002f2c:	f506 6680 	add.w	r6, r6, #1024	@ 0x400
 8002f30:	42b0      	cmp	r0, r6
 8002f32:	bf14      	ite	ne
 8002f34:	2605      	movne	r6, #5
 8002f36:	2604      	moveq	r6, #4
 8002f38:	fa06 f60c 	lsl.w	r6, r6, ip
 8002f3c:	ea46 060e 	orr.w	r6, r6, lr
        SYSCFG->EXTICR[position >> 2] = temp;
 8002f40:	60be      	str	r6, [r7, #8]
        temp = EXTI->IMR;
 8002f42:	6826      	ldr	r6, [r4, #0]
        temp &= ~((uint32_t)iocurrent);
 8002f44:	43d7      	mvns	r7, r2
        if((GPIO_Init->Mode & GPIO_MODE_IT) == GPIO_MODE_IT)
 8002f46:	f415 3f80 	tst.w	r5, #65536	@ 0x10000
        temp &= ~((uint32_t)iocurrent);
 8002f4a:	bf0c      	ite	eq
 8002f4c:	403e      	andeq	r6, r7
          temp |= iocurrent;
 8002f4e:	4316      	orrne	r6, r2
        EXTI->IMR = temp;
 8002f50:	6026      	str	r6, [r4, #0]
        temp = EXTI->EMR;
 8002f52:	6866      	ldr	r6, [r4, #4]
        if((GPIO_Init->Mode & GPIO_MODE_EVT) == GPIO_MODE_EVT)
 8002f54:	f415 3f00 	tst.w	r5, #131072	@ 0x20000
        temp &= ~((uint32_t)iocurrent);
 8002f58:	bf0c      	ite	eq
 8002f5a:	403e      	andeq	r6, r7
          temp |= iocurrent;
 8002f5c:	4316      	orrne	r6, r2
        EXTI->EMR = temp;
 8002f5e:	6066      	str	r6, [r4, #4]
        temp = EXTI->RTSR;
 8002f60:	68a6      	ldr	r6, [r4, #8]
        if((GPIO_Init->Mode & RISING_EDGE) == RISING_EDGE)
 8002f62:	f415 1f80 	tst.w	r5, #1048576	@ 0x100000
        temp &= ~((uint32_t)iocurrent);
 8002f66:	bf0c      	ite	eq
 8002f68:	403e      	andeq	r6, r7
          temp |= iocurrent;
 8002f6a:	4316      	orrne	r6, r2
        EXTI->RTSR = temp;
 8002f6c:	60a6      	str	r6, [r4, #8]
        temp = EXTI->FTSR;
 8002f6e:	68e6      	ldr	r6, [r4, #12]
        if((GPIO_Init->Mode & FALLING_EDGE) == FALLING_EDGE)
 8002f70:	02ad      	lsls	r5, r5, #10
        temp &= ~((uint32_t)iocurrent);
 8002f72:	bf54      	ite	pl
 8002f74:	403e      	andpl	r6, r7
          temp |= iocurrent;
 8002f76:	4316      	orrmi	r6, r2
        EXTI->FTSR = temp;
 8002f78:	60e6      	str	r6, [r4, #12]
    position++;
 8002f7a:	3301      	adds	r3, #1
 8002f7c:	e756      	b.n	8002e2c <HAL_GPIO_Init+0x10>
        temp |= (GPIO_GET_INDEX(GPIOx) << (4U * (position & 0x03U)));
 8002f7e:	2600      	movs	r6, #0
 8002f80:	e7da      	b.n	8002f38 <HAL_GPIO_Init+0x11c>
 8002f82:	2601      	movs	r6, #1
 8002f84:	e7d8      	b.n	8002f38 <HAL_GPIO_Init+0x11c>
 8002f86:	2602      	movs	r6, #2
 8002f88:	e7d6      	b.n	8002f38 <HAL_GPIO_Init+0x11c>
 8002f8a:	2603      	movs	r6, #3
 8002f8c:	e7d4      	b.n	8002f38 <HAL_GPIO_Init+0x11c>
 8002f8e:	bf00      	nop
 8002f90:	40021000 	.word	0x40021000
 8002f94:	40010400 	.word	0x40010400
 8002f98:	48000400 	.word	0x48000400

08002f9c <HAL_GPIO_WritePin>:
{
  /* Check the parameters */
  assert_param(IS_GPIO_PIN(GPIO_Pin));
  assert_param(IS_GPIO_PIN_ACTION(PinState));

  if(PinState != GPIO_PIN_RESET)
 8002f9c:	b10a      	cbz	r2, 8002fa2 <HAL_GPIO_WritePin+0x6>
  {
    GPIOx->BSRR = (uint32_t)GPIO_Pin;
 8002f9e:	6181      	str	r1, [r0, #24]
 8002fa0:	4770      	bx	lr
  }
  else
  {
    GPIOx->BRR = (uint32_t)GPIO_Pin;
 8002fa2:	6281      	str	r1, [r0, #40]	@ 0x28
  }
}
 8002fa4:	4770      	bx	lr
 8002fa6:	0000      	movs	r0, r0

08002fa8 <UART_SetConfig>:
   *  set the M bits according to huart->Init.WordLength value
   *  set PCE and PS bits according to huart->Init.Parity value
   *  set TE and RE bits according to huart->Init.Mode value
   *  set OVER8 bit according to huart->Init.OverSampling value */
  tmpreg = (uint32_t)huart->Init.WordLength | huart->Init.Parity | huart->Init.Mode | huart->Init.OverSampling ;
  MODIFY_REG(huart->Instance->CR1, UART_CR1_FIELDS, tmpreg);
 8002fa8:	6802      	ldr	r2, [r0, #0]
  tmpreg = (uint32_t)huart->Init.WordLength | huart->Init.Parity | huart->Init.Mode | huart->Init.OverSampling ;
 8002faa:	6883      	ldr	r3, [r0, #8]
 8002fac:	69c1      	ldr	r1, [r0, #28]
{
 8002fae:	b530      	push	{r4, r5, lr}
  tmpreg = (uint32_t)huart->Init.WordLength | huart->Init.Parity | huart->Init.Mode | huart->Init.OverSampling ;
 8002fb0:	6905      	ldr	r5, [r0, #16]
  MODIFY_REG(huart->Instance->CR1, UART_CR1_FIELDS, tmpreg);
 8002fb2:	6814      	ldr	r4, [r2, #0]
  tmpreg = (uint32_t)huart->Init.WordLength | huart->Init.Parity | huart->Init.Mode | huart->Init.OverSampling ;
 8002fb4:	432b      	orrs	r3, r5
 8002fb6:	6945      	ldr	r5, [r0, #20]
  MODIFY_REG(huart->Instance->CR1, UART_CR1_FIELDS, tmpreg);
 8002fb8:	f424 4416 	bic.w	r4, r4, #38400	@ 0x9600
  tmpreg = (uint32_t)huart->Init.WordLength | huart->Init.Parity | huart->Init.Mode | huart->Init.OverSampling ;
 8002fbc:	432b      	orrs	r3, r5
  MODIFY_REG(huart->Instance->CR1, UART_CR1_FIELDS, tmpreg);
 8002fbe:	f024 040c 	bic.w	r4, r4, #12
  tmpreg = (uint32_t)huart->Init.WordLength | huart->Init.Parity | huart->Init.Mode | huart->Init.OverSampling ;
 8002fc2:	430b      	orrs	r3, r1
  MODIFY_REG(huart->Instance->CR1, UART_CR1_FIELDS, tmpreg);
 8002fc4:	4323      	orrs	r3, r4
 8002fc6:	6013      	str	r3, [r2, #0]

  /*-------------------------- USART CR2 Configuration -----------------------*/
  /* Configure the UART Stop Bits: Set STOP[13:12] bits according
   * to huart->Init.StopBits value */
  MODIFY_REG(huart->Instance->CR2, USART_CR2_STOP, huart->Init.StopBits);
 8002fc8:	6853      	ldr	r3, [r2, #4]
 8002fca:	68c4      	ldr	r4, [r0, #12]
  /* Configure
   * - UART HardWare Flow Control: set CTSE and RTSE bits according
   *   to huart->Init.HwFlowCtl value
   * - one-bit sampling method versus three samples' majority rule according
   *   to huart->Init.OneBitSampling */
  tmpreg = (uint32_t)huart->Init.HwFlowCtl | huart->Init.OneBitSampling ;
 8002fcc:	6a05      	ldr	r5, [r0, #32]
  MODIFY_REG(huart->Instance->CR2, USART_CR2_STOP, huart->Init.StopBits);
 8002fce:	f423 5340 	bic.w	r3, r3, #12288	@ 0x3000
 8002fd2:	4323      	orrs	r3, r4
 8002fd4:	6053      	str	r3, [r2, #4]
  MODIFY_REG(huart->Instance->CR3, (USART_CR3_RTSE | USART_CR3_CTSE | USART_CR3_ONEBIT), tmpreg);
 8002fd6:	6894      	ldr	r4, [r2, #8]
  tmpreg = (uint32_t)huart->Init.HwFlowCtl | huart->Init.OneBitSampling ;
 8002fd8:	6983      	ldr	r3, [r0, #24]
  MODIFY_REG(huart->Instance->CR3, (USART_CR3_RTSE | USART_CR3_CTSE | USART_CR3_ONEBIT), tmpreg);
 8002fda:	f424 6430 	bic.w	r4, r4, #2816	@ 0xb00
  tmpreg = (uint32_t)huart->Init.HwFlowCtl | huart->Init.OneBitSampling ;
 8002fde:	432b      	orrs	r3, r5
  MODIFY_REG(huart->Instance->CR3, (USART_CR3_RTSE | USART_CR3_CTSE | USART_CR3_ONEBIT), tmpreg);
 8002fe0:	4323      	orrs	r3, r4
 8002fe2:	6093      	str	r3, [r2, #8]

  /*-------------------------- USART BRR Configuration -----------------------*/
  UART_GETCLOCKSOURCE(huart, clocksource);
 8002fe4:	4b54      	ldr	r3, [pc, #336]	@ (8003138 <UART_SetConfig+0x190>)
 8002fe6:	429a      	cmp	r2, r3
 8002fe8:	d112      	bne.n	8003010 <UART_SetConfig+0x68>
 8002fea:	f503 4358 	add.w	r3, r3, #55296	@ 0xd800
 8002fee:	6b1b      	ldr	r3, [r3, #48]	@ 0x30
 8002ff0:	f003 0303 	and.w	r3, r3, #3
 8002ff4:	2b02      	cmp	r3, #2
 8002ff6:	d06b      	beq.n	80030d0 <UART_SetConfig+0x128>
 8002ff8:	2b03      	cmp	r3, #3
 8002ffa:	d01e      	beq.n	800303a <UART_SetConfig+0x92>
    {
      case UART_CLOCKSOURCE_PCLK1:
        usartdiv = (uint16_t)(UART_DIV_SAMPLING8(HAL_RCC_GetPCLK1Freq(), huart->Init.BaudRate));
        break;
      case UART_CLOCKSOURCE_PCLK2:
        usartdiv = (uint16_t)(UART_DIV_SAMPLING8(HAL_RCC_GetPCLK2Freq(), huart->Init.BaudRate));
 8002ffc:	6840      	ldr	r0, [r0, #4]
  if (huart->Init.OverSampling == UART_OVERSAMPLING_8)
 8002ffe:	f5b1 4f00 	cmp.w	r1, #32768	@ 0x8000
        break;
      case UART_CLOCKSOURCE_HSI:
        usartdiv = (uint16_t)(UART_DIV_SAMPLING8(HSI_VALUE, huart->Init.BaudRate));
        break;
      case UART_CLOCKSOURCE_SYSCLK:
        usartdiv = (uint16_t)(UART_DIV_SAMPLING8(HAL_RCC_GetSysClockFreq(), huart->Init.BaudRate));
 8003002:	ea4f 0350 	mov.w	r3, r0, lsr #1
  if (huart->Init.OverSampling == UART_OVERSAMPLING_8)
 8003006:	f040 8089 	bne.w	800311c <UART_SetConfig+0x174>
        usartdiv = (uint16_t)(UART_DIV_SAMPLING8(HAL_RCC_GetSysClockFreq(), huart->Init.BaudRate));
 800300a:	f503 0361 	add.w	r3, r3, #14745600	@ 0xe10000
 800300e:	e01e      	b.n	800304e <UART_SetConfig+0xa6>
  UART_GETCLOCKSOURCE(huart, clocksource);
 8003010:	4b4a      	ldr	r3, [pc, #296]	@ (800313c <UART_SetConfig+0x194>)
 8003012:	429a      	cmp	r2, r3
 8003014:	d11e      	bne.n	8003054 <UART_SetConfig+0xac>
 8003016:	f503 33e6 	add.w	r3, r3, #117760	@ 0x1cc00
 800301a:	6b1b      	ldr	r3, [r3, #48]	@ 0x30
 800301c:	f403 3340 	and.w	r3, r3, #196608	@ 0x30000
 8003020:	f5b3 3f00 	cmp.w	r3, #131072	@ 0x20000
 8003024:	d054      	beq.n	80030d0 <UART_SetConfig+0x128>
 8003026:	d805      	bhi.n	8003034 <UART_SetConfig+0x8c>
 8003028:	2b00      	cmp	r3, #0
 800302a:	d05a      	beq.n	80030e2 <UART_SetConfig+0x13a>
 800302c:	f5b3 3f80 	cmp.w	r3, #65536	@ 0x10000
 8003030:	d0e4      	beq.n	8002ffc <UART_SetConfig+0x54>
 8003032:	e038      	b.n	80030a6 <UART_SetConfig+0xfe>
 8003034:	f5b3 3f40 	cmp.w	r3, #196608	@ 0x30000
 8003038:	d135      	bne.n	80030a6 <UART_SetConfig+0xfe>
        usartdiv = (uint16_t)(UART_DIV_SAMPLING8(HAL_RCC_GetPCLK2Freq(), huart->Init.BaudRate));
 800303a:	6840      	ldr	r0, [r0, #4]
  if (huart->Init.OverSampling == UART_OVERSAMPLING_8)
 800303c:	f5b1 4f00 	cmp.w	r1, #32768	@ 0x8000
        usartdiv = (uint16_t)(UART_DIV_SAMPLING8(HSI_VALUE, huart->Init.BaudRate));
 8003040:	ea4f 0350 	mov.w	r3, r0, lsr #1
  if (huart->Init.OverSampling == UART_OVERSAMPLING_8)
 8003044:	d16f      	bne.n	8003126 <UART_SetConfig+0x17e>
        usartdiv = (uint16_t)(UART_DIV_SAMPLING8(HSI_VALUE, huart->Init.BaudRate));
 8003046:	f103 73f4 	add.w	r3, r3, #31981568	@ 0x1e80000
 800304a:	f503 4390 	add.w	r3, r3, #18432	@ 0x4800
        break;
      case UART_CLOCKSOURCE_LSE:
        usartdiv = (uint16_t)(UART_DIV_SAMPLING8(LSE_VALUE, huart->Init.BaudRate));
 800304e:	fbb3 f3f0 	udiv	r3, r3, r0
 8003052:	e050      	b.n	80030f6 <UART_SetConfig+0x14e>
  UART_GETCLOCKSOURCE(huart, clocksource);
 8003054:	4b3a      	ldr	r3, [pc, #232]	@ (8003140 <UART_SetConfig+0x198>)
 8003056:	429a      	cmp	r2, r3
 8003058:	d10f      	bne.n	800307a <UART_SetConfig+0xd2>
 800305a:	f503 33e4 	add.w	r3, r3, #116736	@ 0x1c800
 800305e:	6b1b      	ldr	r3, [r3, #48]	@ 0x30
 8003060:	f403 2340 	and.w	r3, r3, #786432	@ 0xc0000
 8003064:	f5b3 2f00 	cmp.w	r3, #524288	@ 0x80000
 8003068:	d032      	beq.n	80030d0 <UART_SetConfig+0x128>
 800306a:	d803      	bhi.n	8003074 <UART_SetConfig+0xcc>
 800306c:	b3cb      	cbz	r3, 80030e2 <UART_SetConfig+0x13a>
 800306e:	f5b3 2f80 	cmp.w	r3, #262144	@ 0x40000
 8003072:	e7dd      	b.n	8003030 <UART_SetConfig+0x88>
 8003074:	f5b3 2f40 	cmp.w	r3, #786432	@ 0xc0000
 8003078:	e7de      	b.n	8003038 <UART_SetConfig+0x90>
 800307a:	4b32      	ldr	r3, [pc, #200]	@ (8003144 <UART_SetConfig+0x19c>)
 800307c:	429a      	cmp	r2, r3
 800307e:	d10f      	bne.n	80030a0 <UART_SetConfig+0xf8>
 8003080:	f503 33e2 	add.w	r3, r3, #115712	@ 0x1c400
 8003084:	6b1b      	ldr	r3, [r3, #48]	@ 0x30
 8003086:	f403 1340 	and.w	r3, r3, #3145728	@ 0x300000
 800308a:	f5b3 1f00 	cmp.w	r3, #2097152	@ 0x200000
 800308e:	d01f      	beq.n	80030d0 <UART_SetConfig+0x128>
 8003090:	d803      	bhi.n	800309a <UART_SetConfig+0xf2>
 8003092:	b333      	cbz	r3, 80030e2 <UART_SetConfig+0x13a>
 8003094:	f5b3 1f80 	cmp.w	r3, #1048576	@ 0x100000
 8003098:	e7ca      	b.n	8003030 <UART_SetConfig+0x88>
 800309a:	f5b3 1f40 	cmp.w	r3, #3145728	@ 0x300000
 800309e:	e7cb      	b.n	8003038 <UART_SetConfig+0x90>
 80030a0:	4b29      	ldr	r3, [pc, #164]	@ (8003148 <UART_SetConfig+0x1a0>)
 80030a2:	429a      	cmp	r2, r3
 80030a4:	d005      	beq.n	80030b2 <UART_SetConfig+0x10a>
  if (huart->Init.OverSampling == UART_OVERSAMPLING_8)
 80030a6:	f5b1 4f00 	cmp.w	r1, #32768	@ 0x8000
        break;
      case UART_CLOCKSOURCE_UNDEFINED:
      default:
        ret = HAL_ERROR;
 80030aa:	f04f 0001 	mov.w	r0, #1
  if (huart->Init.OverSampling == UART_OVERSAMPLING_8)
 80030ae:	d02b      	beq.n	8003108 <UART_SetConfig+0x160>
    }
  }

  return ret;

}
 80030b0:	bd30      	pop	{r4, r5, pc}
  UART_GETCLOCKSOURCE(huart, clocksource);
 80030b2:	4b26      	ldr	r3, [pc, #152]	@ (800314c <UART_SetConfig+0x1a4>)
 80030b4:	6b1b      	ldr	r3, [r3, #48]	@ 0x30
 80030b6:	f403 0340 	and.w	r3, r3, #12582912	@ 0xc00000
 80030ba:	f5b3 0f00 	cmp.w	r3, #8388608	@ 0x800000
 80030be:	d007      	beq.n	80030d0 <UART_SetConfig+0x128>
 80030c0:	d803      	bhi.n	80030ca <UART_SetConfig+0x122>
 80030c2:	b173      	cbz	r3, 80030e2 <UART_SetConfig+0x13a>
 80030c4:	f5b3 0f80 	cmp.w	r3, #4194304	@ 0x400000
 80030c8:	e7b2      	b.n	8003030 <UART_SetConfig+0x88>
 80030ca:	f5b3 0f40 	cmp.w	r3, #12582912	@ 0xc00000
 80030ce:	e7b3      	b.n	8003038 <UART_SetConfig+0x90>
        usartdiv = (uint16_t)(UART_DIV_SAMPLING8(HAL_RCC_GetPCLK2Freq(), huart->Init.BaudRate));
 80030d0:	6840      	ldr	r0, [r0, #4]
  if (huart->Init.OverSampling == UART_OVERSAMPLING_8)
 80030d2:	f5b1 4f00 	cmp.w	r1, #32768	@ 0x8000
        usartdiv = (uint16_t)(UART_DIV_SAMPLING8(LSE_VALUE, huart->Init.BaudRate));
 80030d6:	ea4f 0350 	mov.w	r3, r0, lsr #1
  if (huart->Init.OverSampling == UART_OVERSAMPLING_8)
 80030da:	d129      	bne.n	8003130 <UART_SetConfig+0x188>
        usartdiv = (uint16_t)(UART_DIV_SAMPLING8(LSE_VALUE, huart->Init.BaudRate));
 80030dc:	f503 3380 	add.w	r3, r3, #65536	@ 0x10000
 80030e0:	e7b5      	b.n	800304e <UART_SetConfig+0xa6>
  if (huart->Init.OverSampling == UART_OVERSAMPLING_8)
 80030e2:	f5b1 4f00 	cmp.w	r1, #32768	@ 0x8000
        usartdiv = (uint16_t)(UART_DIV_SAMPLING8(HAL_RCC_GetPCLK1Freq(), huart->Init.BaudRate));
 80030e6:	6841      	ldr	r1, [r0, #4]
 80030e8:	ea4f 0351 	mov.w	r3, r1, lsr #1
  if (huart->Init.OverSampling == UART_OVERSAMPLING_8)
 80030ec:	d10e      	bne.n	800310c <UART_SetConfig+0x164>
        usartdiv = (uint16_t)(UART_DIV_SAMPLING8(HAL_RCC_GetPCLK1Freq(), huart->Init.BaudRate));
 80030ee:	f503 0361 	add.w	r3, r3, #14745600	@ 0xe10000
 80030f2:	fbb3 f3f1 	udiv	r3, r3, r1
        usartdiv = (uint16_t)(UART_DIV_SAMPLING8(LSE_VALUE, huart->Init.BaudRate));
 80030f6:	b29b      	uxth	r3, r3
  HAL_StatusTypeDef ret               = HAL_OK;
 80030f8:	2000      	movs	r0, #0
    brrtemp = usartdiv & 0xFFF0U;
 80030fa:	f023 010f 	bic.w	r1, r3, #15
    brrtemp |= (uint16_t)((usartdiv & (uint16_t)0x000FU) >> 1U);
 80030fe:	f3c3 0342 	ubfx	r3, r3, #1, #3
    huart->Instance->BRR = brrtemp;
 8003102:	430b      	orrs	r3, r1
 8003104:	60d3      	str	r3, [r2, #12]
 8003106:	e7d3      	b.n	80030b0 <UART_SetConfig+0x108>
  uint16_t usartdiv                   = 0x0000U;
 8003108:	2300      	movs	r3, #0
 800310a:	e7f6      	b.n	80030fa <UART_SetConfig+0x152>
        huart->Instance->BRR = (uint16_t)(UART_DIV_SAMPLING16(HAL_RCC_GetPCLK1Freq(), huart->Init.BaudRate));
 800310c:	f503 03e1 	add.w	r3, r3, #7372800	@ 0x708000
 8003110:	fbb3 f3f1 	udiv	r3, r3, r1
 8003114:	b29b      	uxth	r3, r3
        huart->Instance->BRR = (uint16_t)(UART_DIV_SAMPLING16(HAL_RCC_GetPCLK2Freq(), huart->Init.BaudRate));
 8003116:	60d3      	str	r3, [r2, #12]
  HAL_StatusTypeDef ret               = HAL_OK;
 8003118:	2000      	movs	r0, #0
 800311a:	e7c9      	b.n	80030b0 <UART_SetConfig+0x108>
        huart->Instance->BRR = (uint16_t)(UART_DIV_SAMPLING16(HAL_RCC_GetPCLK2Freq(), huart->Init.BaudRate));
 800311c:	f503 03e1 	add.w	r3, r3, #7372800	@ 0x708000
 8003120:	fbb3 f3f0 	udiv	r3, r3, r0
 8003124:	e7f6      	b.n	8003114 <UART_SetConfig+0x16c>
        huart->Instance->BRR = (uint16_t)(UART_DIV_SAMPLING16(HSI_VALUE, huart->Init.BaudRate));
 8003126:	f503 0374 	add.w	r3, r3, #15990784	@ 0xf40000
 800312a:	f503 5310 	add.w	r3, r3, #9216	@ 0x2400
 800312e:	e7f7      	b.n	8003120 <UART_SetConfig+0x178>
        huart->Instance->BRR = (uint16_t)(UART_DIV_SAMPLING16(LSE_VALUE, huart->Init.BaudRate));
 8003130:	f503 4300 	add.w	r3, r3, #32768	@ 0x8000
 8003134:	e7f4      	b.n	8003120 <UART_SetConfig+0x178>
 8003136:	bf00      	nop
 8003138:	40013800 	.word	0x40013800
 800313c:	40004400 	.word	0x40004400
 8003140:	40004800 	.word	0x40004800
 8003144:	40004c00 	.word	0x40004c00
 8003148:	40005000 	.word	0x40005000
 800314c:	40021000 	.word	0x40021000

08003150 <UART_WaitOnFlagUntilTimeout>:
  * @param  Tickstart Tick start value
  * @param  Timeout Timeout duration
  * @retval HAL status
  */
HAL_StatusTypeDef UART_WaitOnFlagUntilTimeout(UART_HandleTypeDef *huart, uint32_t Flag, FlagStatus Status, uint32_t Tickstart, uint32_t Timeout)
{
 8003150:	e92d 41f0 	stmdb	sp!, {r4, r5, r6, r7, r8, lr}
 8003154:	f8dd 8018 	ldr.w	r8, [sp, #24]
 8003158:	4604      	mov	r4, r0
 800315a:	4616      	mov	r6, r2
 800315c:	461f      	mov	r7, r3
  /* Wait until flag is set */
  while((__HAL_UART_GET_FLAG(huart, Flag) ? SET : RESET) == Status)
 800315e:	6825      	ldr	r5, [r4, #0]
 8003160:	69eb      	ldr	r3, [r5, #28]
 8003162:	ea31 0303 	bics.w	r3, r1, r3
 8003166:	bf0c      	ite	eq
 8003168:	2301      	moveq	r3, #1
 800316a:	2300      	movne	r3, #0
 800316c:	42b3      	cmp	r3, r6
 800316e:	d001      	beq.n	8003174 <UART_WaitOnFlagUntilTimeout+0x24>
        __HAL_UNLOCK(huart);
        return HAL_TIMEOUT;
      }
    }
  }
  return HAL_OK;
 8003170:	2000      	movs	r0, #0
 8003172:	e016      	b.n	80031a2 <UART_WaitOnFlagUntilTimeout+0x52>
    if(Timeout != HAL_MAX_DELAY)
 8003174:	f1b8 3fff 	cmp.w	r8, #4294967295	@ 0xffffffff
 8003178:	d0f2      	beq.n	8003160 <UART_WaitOnFlagUntilTimeout+0x10>
      if((Timeout == 0U) || ((HAL_GetTick()-Tickstart) > Timeout))
 800317a:	f1b8 0f00 	cmp.w	r8, #0
 800317e:	d112      	bne.n	80031a6 <UART_WaitOnFlagUntilTimeout+0x56>
        CLEAR_BIT(huart->Instance->CR1, (USART_CR1_RXNEIE | USART_CR1_PEIE | USART_CR1_TXEIE));
 8003180:	682b      	ldr	r3, [r5, #0]
 8003182:	f423 73d0 	bic.w	r3, r3, #416	@ 0x1a0
 8003186:	602b      	str	r3, [r5, #0]
        CLEAR_BIT(huart->Instance->CR3, USART_CR3_EIE);
 8003188:	68ab      	ldr	r3, [r5, #8]
 800318a:	f023 0301 	bic.w	r3, r3, #1
 800318e:	60ab      	str	r3, [r5, #8]
        huart->gState  = HAL_UART_STATE_READY;
 8003190:	2320      	movs	r3, #32
 8003192:	f884 3069 	strb.w	r3, [r4, #105]	@ 0x69
        huart->RxState = HAL_UART_STATE_READY;
 8003196:	f884 306a 	strb.w	r3, [r4, #106]	@ 0x6a
        __HAL_UNLOCK(huart);
 800319a:	2300      	movs	r3, #0
 800319c:	f884 3068 	strb.w	r3, [r4, #104]	@ 0x68
        return HAL_TIMEOUT;
 80031a0:	2003      	movs	r0, #3
}
 80031a2:	e8bd 81f0 	ldmia.w	sp!, {r4, r5, r6, r7, r8, pc}
      if((Timeout == 0U) || ((HAL_GetTick()-Tickstart) > Timeout))
 80031a6:	f7ff fb3f 	bl	8002828 <HAL_GetTick>
 80031aa:	1bc0      	subs	r0, r0, r7
 80031ac:	4540      	cmp	r0, r8
 80031ae:	d9d6      	bls.n	800315e <UART_WaitOnFlagUntilTimeout+0xe>
 80031b0:	e7e6      	b.n	8003180 <UART_WaitOnFlagUntilTimeout+0x30>

080031b2 <UART_CheckIdleState>:
{
 80031b2:	b573      	push	{r0, r1, r4, r5, r6, lr}
 80031b4:	4604      	mov	r4, r0
  huart->ErrorCode = HAL_UART_ERROR_NONE;
 80031b6:	2100      	movs	r1, #0
 80031b8:	66c1      	str	r1, [r0, #108]	@ 0x6c
  tickstart = HAL_GetTick();
 80031ba:	f7ff fb35 	bl	8002828 <HAL_GetTick>
  if((huart->Instance->CR1 & USART_CR1_TE) == USART_CR1_TE)
 80031be:	6826      	ldr	r6, [r4, #0]
 80031c0:	6833      	ldr	r3, [r6, #0]
 80031c2:	071a      	lsls	r2, r3, #28
  tickstart = HAL_GetTick();
 80031c4:	4605      	mov	r5, r0
  if((huart->Instance->CR1 & USART_CR1_TE) == USART_CR1_TE)
 80031c6:	d416      	bmi.n	80031f6 <UART_CheckIdleState+0x44>
  if((huart->Instance->CR1 & USART_CR1_RE) == USART_CR1_RE)
 80031c8:	6833      	ldr	r3, [r6, #0]
 80031ca:	075b      	lsls	r3, r3, #29
 80031cc:	d50a      	bpl.n	80031e4 <UART_CheckIdleState+0x32>
    if(UART_WaitOnFlagUntilTimeout(huart, USART_ISR_REACK, RESET, tickstart, HAL_UART_TIMEOUT_VALUE) != HAL_OK)
 80031ce:	f06f 437e 	mvn.w	r3, #4261412864	@ 0xfe000000
 80031d2:	9300      	str	r3, [sp, #0]
 80031d4:	2200      	movs	r2, #0
 80031d6:	462b      	mov	r3, r5
 80031d8:	f44f 0180 	mov.w	r1, #4194304	@ 0x400000
 80031dc:	4620      	mov	r0, r4
 80031de:	f7ff ffb7 	bl	8003150 <UART_WaitOnFlagUntilTimeout>
 80031e2:	b9a0      	cbnz	r0, 800320e <UART_CheckIdleState+0x5c>
  huart->gState  = HAL_UART_STATE_READY;
 80031e4:	2320      	movs	r3, #32
  __HAL_UNLOCK(huart);
 80031e6:	2000      	movs	r0, #0
  huart->gState  = HAL_UART_STATE_READY;
 80031e8:	f884 3069 	strb.w	r3, [r4, #105]	@ 0x69
  __HAL_UNLOCK(huart);
 80031ec:	f884 0068 	strb.w	r0, [r4, #104]	@ 0x68
  huart->RxState = HAL_UART_STATE_READY;
 80031f0:	f884 306a 	strb.w	r3, [r4, #106]	@ 0x6a
  return HAL_OK;
 80031f4:	e00c      	b.n	8003210 <UART_CheckIdleState+0x5e>
    if(UART_WaitOnFlagUntilTimeout(huart, USART_ISR_TEACK, RESET, tickstart, HAL_UART_TIMEOUT_VALUE) != HAL_OK)
 80031f6:	f06f 437e 	mvn.w	r3, #4261412864	@ 0xfe000000
 80031fa:	9300      	str	r3, [sp, #0]
 80031fc:	460a      	mov	r2, r1
 80031fe:	4603      	mov	r3, r0
 8003200:	f44f 1100 	mov.w	r1, #2097152	@ 0x200000
 8003204:	4620      	mov	r0, r4
 8003206:	f7ff ffa3 	bl	8003150 <UART_WaitOnFlagUntilTimeout>
 800320a:	2800      	cmp	r0, #0
 800320c:	d0dc      	beq.n	80031c8 <UART_CheckIdleState+0x16>
      return HAL_TIMEOUT;
 800320e:	2003      	movs	r0, #3
}
 8003210:	b002      	add	sp, #8
 8003212:	bd70      	pop	{r4, r5, r6, pc}

08003214 <HAL_UART_Init>:
{
 8003214:	b538      	push	{r3, r4, r5, lr}
  if(huart == NULL)
 8003216:	4604      	mov	r4, r0
 8003218:	b320      	cbz	r0, 8003264 <HAL_UART_Init+0x50>
  if(huart->gState == HAL_UART_STATE_RESET)
 800321a:	f890 3069 	ldrb.w	r3, [r0, #105]	@ 0x69
 800321e:	f003 02ff 	and.w	r2, r3, #255	@ 0xff
 8003222:	b90b      	cbnz	r3, 8003228 <HAL_UART_Init+0x14>
    huart->Lock = HAL_UNLOCKED;
 8003224:	f880 2068 	strb.w	r2, [r0, #104]	@ 0x68
  __HAL_UART_DISABLE(huart);
 8003228:	6825      	ldr	r5, [r4, #0]
  huart->gState = HAL_UART_STATE_BUSY;
 800322a:	2324      	movs	r3, #36	@ 0x24
 800322c:	f884 3069 	strb.w	r3, [r4, #105]	@ 0x69
  __HAL_UART_DISABLE(huart);
 8003230:	682b      	ldr	r3, [r5, #0]
 8003232:	f023 0301 	bic.w	r3, r3, #1
 8003236:	602b      	str	r3, [r5, #0]
  if (UART_SetConfig(huart) == HAL_ERROR)
 8003238:	4620      	mov	r0, r4
 800323a:	f7ff feb5 	bl	8002fa8 <UART_SetConfig>
 800323e:	2801      	cmp	r0, #1
 8003240:	d010      	beq.n	8003264 <HAL_UART_Init+0x50>
  CLEAR_BIT(huart->Instance->CR2, (USART_CR2_LINEN | USART_CR2_CLKEN));
 8003242:	686b      	ldr	r3, [r5, #4]
 8003244:	f423 4390 	bic.w	r3, r3, #18432	@ 0x4800
 8003248:	606b      	str	r3, [r5, #4]
  CLEAR_BIT(huart->Instance->CR3, (USART_CR3_SCEN | USART_CR3_HDSEL | USART_CR3_IREN));
 800324a:	68ab      	ldr	r3, [r5, #8]
 800324c:	f023 032a 	bic.w	r3, r3, #42	@ 0x2a
 8003250:	60ab      	str	r3, [r5, #8]
  __HAL_UART_ENABLE(huart);
 8003252:	682b      	ldr	r3, [r5, #0]
 8003254:	f043 0301 	orr.w	r3, r3, #1
 8003258:	602b      	str	r3, [r5, #0]
  return UART_CheckIdleState(huart);
 800325a:	4620      	mov	r0, r4
}
 800325c:	e8bd 4038 	ldmia.w	sp!, {r3, r4, r5, lr}
  return UART_CheckIdleState(huart);
 8003260:	f7ff bfa7 	b.w	80031b2 <UART_CheckIdleState>
}
 8003264:	2001      	movs	r0, #1
 8003266:	bd38      	pop	{r3, r4, r5, pc}

08003268 <HAL_UART_Transmit>:
  * @param Size: Amount of data to be sent.
  * @param Timeout: Timeout duration.
  * @retval HAL status
  */
HAL_StatusTypeDef HAL_UART_Transmit(UART_HandleTypeDef *huart, uint8_t *pData, uint16_t Size, uint32_t Timeout)
{
 8003268:	b5f7      	push	{r0, r1, r2, r4, r5, r6, r7, lr}
 800326a:	461e      	mov	r6, r3
  uint16_t* tmp;
  uint32_t tickstart = 0U;

  /* Check that a Tx process is not already ongoing */
  if(huart->gState == HAL_UART_STATE_READY)
 800326c:	f890 3069 	ldrb.w	r3, [r0, #105]	@ 0x69
 8003270:	2b20      	cmp	r3, #32
{
 8003272:	460d      	mov	r5, r1
 8003274:	4604      	mov	r4, r0
 8003276:	4611      	mov	r1, r2
  if(huart->gState == HAL_UART_STATE_READY)
 8003278:	d14a      	bne.n	8003310 <HAL_UART_Transmit+0xa8>
  {
    if((pData == NULL ) || (Size == 0U))
 800327a:	2d00      	cmp	r5, #0
 800327c:	d046      	beq.n	800330c <HAL_UART_Transmit+0xa4>
 800327e:	2a00      	cmp	r2, #0
 8003280:	d044      	beq.n	800330c <HAL_UART_Transmit+0xa4>
    {
      return  HAL_ERROR;
    }

    /* Process Locked */
    __HAL_LOCK(huart);
 8003282:	f890 3068 	ldrb.w	r3, [r0, #104]	@ 0x68
 8003286:	2b01      	cmp	r3, #1
 8003288:	d042      	beq.n	8003310 <HAL_UART_Transmit+0xa8>
 800328a:	2301      	movs	r3, #1
 800328c:	f880 3068 	strb.w	r3, [r0, #104]	@ 0x68

    huart->ErrorCode = HAL_UART_ERROR_NONE;
 8003290:	2300      	movs	r3, #0
 8003292:	66c3      	str	r3, [r0, #108]	@ 0x6c
    huart->gState = HAL_UART_STATE_BUSY_TX;
 8003294:	2321      	movs	r3, #33	@ 0x21
 8003296:	f880 3069 	strb.w	r3, [r0, #105]	@ 0x69

    /* Init tickstart for timeout managment*/
    tickstart = HAL_GetTick();
 800329a:	f7ff fac5 	bl	8002828 <HAL_GetTick>

    huart->TxXferSize = Size;
 800329e:	f8a4 1050 	strh.w	r1, [r4, #80]	@ 0x50
    tickstart = HAL_GetTick();
 80032a2:	4607      	mov	r7, r0
    huart->TxXferCount = Size;
 80032a4:	f8a4 1052 	strh.w	r1, [r4, #82]	@ 0x52
    while(huart->TxXferCount > 0U)
 80032a8:	f8b4 2052 	ldrh.w	r2, [r4, #82]	@ 0x52
 80032ac:	b292      	uxth	r2, r2
 80032ae:	b962      	cbnz	r2, 80032ca <HAL_UART_Transmit+0x62>
      else
      {
        huart->Instance->TDR = (*pData++ & (uint8_t)0xFFU);
      }
    }
    if(UART_WaitOnFlagUntilTimeout(huart, UART_FLAG_TC, RESET, tickstart, Timeout) != HAL_OK)
 80032b0:	9600      	str	r6, [sp, #0]
 80032b2:	463b      	mov	r3, r7
 80032b4:	2140      	movs	r1, #64	@ 0x40
 80032b6:	4620      	mov	r0, r4
 80032b8:	f7ff ff4a 	bl	8003150 <UART_WaitOnFlagUntilTimeout>
 80032bc:	b998      	cbnz	r0, 80032e6 <HAL_UART_Transmit+0x7e>
    {
      return HAL_TIMEOUT;
    }

    /* At end of Tx process, restore huart->gState to Ready */
    huart->gState = HAL_UART_STATE_READY;
 80032be:	2320      	movs	r3, #32
 80032c0:	f884 3069 	strb.w	r3, [r4, #105]	@ 0x69

    /* Process Unlocked */
    __HAL_UNLOCK(huart);
 80032c4:	f884 0068 	strb.w	r0, [r4, #104]	@ 0x68

    return HAL_OK;
 80032c8:	e00e      	b.n	80032e8 <HAL_UART_Transmit+0x80>
      huart->TxXferCount--;
 80032ca:	f8b4 2052 	ldrh.w	r2, [r4, #82]	@ 0x52
 80032ce:	3a01      	subs	r2, #1
 80032d0:	b292      	uxth	r2, r2
 80032d2:	f8a4 2052 	strh.w	r2, [r4, #82]	@ 0x52
      if(UART_WaitOnFlagUntilTimeout(huart, UART_FLAG_TXE, RESET, tickstart, Timeout) != HAL_OK)
 80032d6:	463b      	mov	r3, r7
 80032d8:	9600      	str	r6, [sp, #0]
 80032da:	2200      	movs	r2, #0
 80032dc:	2180      	movs	r1, #128	@ 0x80
 80032de:	4620      	mov	r0, r4
 80032e0:	f7ff ff36 	bl	8003150 <UART_WaitOnFlagUntilTimeout>
 80032e4:	b110      	cbz	r0, 80032ec <HAL_UART_Transmit+0x84>
        return HAL_TIMEOUT;
 80032e6:	2003      	movs	r0, #3
  }
  else
  {
    return HAL_BUSY;
  }
}
 80032e8:	b003      	add	sp, #12
 80032ea:	bdf0      	pop	{r4, r5, r6, r7, pc}
      if ((huart->Init.WordLength == UART_WORDLENGTH_9B) && (huart->Init.Parity == UART_PARITY_NONE))
 80032ec:	68a3      	ldr	r3, [r4, #8]
        huart->Instance->TDR = (*tmp & (uint16_t)0x01FFU);
 80032ee:	6822      	ldr	r2, [r4, #0]
      if ((huart->Init.WordLength == UART_WORDLENGTH_9B) && (huart->Init.Parity == UART_PARITY_NONE))
 80032f0:	f5b3 5f80 	cmp.w	r3, #4096	@ 0x1000
 80032f4:	d107      	bne.n	8003306 <HAL_UART_Transmit+0x9e>
 80032f6:	6923      	ldr	r3, [r4, #16]
 80032f8:	b92b      	cbnz	r3, 8003306 <HAL_UART_Transmit+0x9e>
        huart->Instance->TDR = (*tmp & (uint16_t)0x01FFU);
 80032fa:	f835 3b02 	ldrh.w	r3, [r5], #2
 80032fe:	f3c3 0308 	ubfx	r3, r3, #0, #9
        huart->Instance->TDR = (*pData++ & (uint8_t)0xFFU);
 8003302:	8513      	strh	r3, [r2, #40]	@ 0x28
 8003304:	e7d0      	b.n	80032a8 <HAL_UART_Transmit+0x40>
 8003306:	f815 3b01 	ldrb.w	r3, [r5], #1
 800330a:	e7fa      	b.n	8003302 <HAL_UART_Transmit+0x9a>
      return  HAL_ERROR;
 800330c:	2001      	movs	r0, #1
 800330e:	e7eb      	b.n	80032e8 <HAL_UART_Transmit+0x80>
    __HAL_LOCK(huart);
 8003310:	2002      	movs	r0, #2
 8003312:	e7e9      	b.n	80032e8 <HAL_UART_Transmit+0x80>

08003314 <HAL_UART_Receive>:
  * @param Size: amount of data to be received.
  * @param Timeout: Timeout duration.
  * @retval HAL status
  */
HAL_StatusTypeDef HAL_UART_Receive(UART_HandleTypeDef *huart, uint8_t *pData, uint16_t Size, uint32_t Timeout)
{
 8003314:	e92d 41f3 	stmdb	sp!, {r0, r1, r4, r5, r6, r7, r8, lr}
 8003318:	461e      	mov	r6, r3
  uint16_t* tmp;
  uint16_t uhMask;
  uint32_t tickstart = 0U;

  /* Check that a Rx process is not already ongoing */
  if(huart->RxState == HAL_UART_STATE_READY)
 800331a:	f890 306a 	ldrb.w	r3, [r0, #106]	@ 0x6a
 800331e:	2b20      	cmp	r3, #32
{
 8003320:	460d      	mov	r5, r1
 8003322:	4604      	mov	r4, r0
 8003324:	4611      	mov	r1, r2
  if(huart->RxState == HAL_UART_STATE_READY)
 8003326:	d15c      	bne.n	80033e2 <HAL_UART_Receive+0xce>
  {
    if((pData == NULL ) || (Size == 0U))
 8003328:	2d00      	cmp	r5, #0
 800332a:	d058      	beq.n	80033de <HAL_UART_Receive+0xca>
 800332c:	2a00      	cmp	r2, #0
 800332e:	d056      	beq.n	80033de <HAL_UART_Receive+0xca>
    {
      return  HAL_ERROR;
    }

    /* Process Locked */
    __HAL_LOCK(huart);
 8003330:	f890 3068 	ldrb.w	r3, [r0, #104]	@ 0x68
 8003334:	2b01      	cmp	r3, #1
 8003336:	d054      	beq.n	80033e2 <HAL_UART_Receive+0xce>
 8003338:	2301      	movs	r3, #1
 800333a:	f880 3068 	strb.w	r3, [r0, #104]	@ 0x68

    huart->Instance->ICR = 0xFFFFFFFF;
 800333e:	6803      	ldr	r3, [r0, #0]
 8003340:	f04f 32ff 	mov.w	r2, #4294967295	@ 0xffffffff
 8003344:	621a      	str	r2, [r3, #32]
    huart->ErrorCode = HAL_UART_ERROR_NONE;
 8003346:	2300      	movs	r3, #0
 8003348:	66c3      	str	r3, [r0, #108]	@ 0x6c
    huart->RxState = HAL_UART_STATE_BUSY_RX;
 800334a:	2322      	movs	r3, #34	@ 0x22
 800334c:	f880 306a 	strb.w	r3, [r0, #106]	@ 0x6a

    /* Init tickstart for timeout managment*/
    tickstart = HAL_GetTick();
 8003350:	f7ff fa6a 	bl	8002828 <HAL_GetTick>

    huart->RxXferSize = Size;
    huart->RxXferCount = Size;

    /* Computation of UART mask to apply to RDR register */
    UART_MASK_COMPUTATION(huart);
 8003354:	68a3      	ldr	r3, [r4, #8]
    huart->RxXferSize = Size;
 8003356:	f8a4 1058 	strh.w	r1, [r4, #88]	@ 0x58
    UART_MASK_COMPUTATION(huart);
 800335a:	f5b3 5f80 	cmp.w	r3, #4096	@ 0x1000
    tickstart = HAL_GetTick();
 800335e:	4680      	mov	r8, r0
    huart->RxXferCount = Size;
 8003360:	f8a4 105a 	strh.w	r1, [r4, #90]	@ 0x5a
    UART_MASK_COMPUTATION(huart);
 8003364:	d115      	bne.n	8003392 <HAL_UART_Receive+0x7e>
 8003366:	6923      	ldr	r3, [r4, #16]
 8003368:	b98b      	cbnz	r3, 800338e <HAL_UART_Receive+0x7a>
 800336a:	f240 13ff 	movw	r3, #511	@ 0x1ff
 800336e:	f8a4 305c 	strh.w	r3, [r4, #92]	@ 0x5c
    uhMask = huart->Mask;
 8003372:	f8b4 705c 	ldrh.w	r7, [r4, #92]	@ 0x5c

    /* as long as data have to be received */
    while(huart->RxXferCount > 0U)
 8003376:	f8b4 005a 	ldrh.w	r0, [r4, #90]	@ 0x5a
 800337a:	b280      	uxth	r0, r0
 800337c:	b980      	cbnz	r0, 80033a0 <HAL_UART_Receive+0x8c>
        *pData++ = (uint8_t)(huart->Instance->RDR & (uint8_t)uhMask);
      }
    }

    /* At end of Rx process, restore huart->RxState to Ready */
    huart->RxState = HAL_UART_STATE_READY;
 800337e:	2320      	movs	r3, #32
 8003380:	f884 306a 	strb.w	r3, [r4, #106]	@ 0x6a

    /* Process Unlocked */
    __HAL_UNLOCK(huart);
 8003384:	f884 0068 	strb.w	r0, [r4, #104]	@ 0x68
  }
  else
  {
    return HAL_BUSY;
  }
}
 8003388:	b002      	add	sp, #8
 800338a:	e8bd 81f0 	ldmia.w	sp!, {r4, r5, r6, r7, r8, pc}
    UART_MASK_COMPUTATION(huart);
 800338e:	23ff      	movs	r3, #255	@ 0xff
 8003390:	e7ed      	b.n	800336e <HAL_UART_Receive+0x5a>
 8003392:	2b00      	cmp	r3, #0
 8003394:	d1ed      	bne.n	8003372 <HAL_UART_Receive+0x5e>
 8003396:	6923      	ldr	r3, [r4, #16]
 8003398:	2b00      	cmp	r3, #0
 800339a:	d0f8      	beq.n	800338e <HAL_UART_Receive+0x7a>
 800339c:	237f      	movs	r3, #127	@ 0x7f
 800339e:	e7e6      	b.n	800336e <HAL_UART_Receive+0x5a>
      huart->RxXferCount--;
 80033a0:	f8b4 205a 	ldrh.w	r2, [r4, #90]	@ 0x5a
 80033a4:	3a01      	subs	r2, #1
 80033a6:	b292      	uxth	r2, r2
 80033a8:	f8a4 205a 	strh.w	r2, [r4, #90]	@ 0x5a
      if(UART_WaitOnFlagUntilTimeout(huart, UART_FLAG_RXNE, RESET, tickstart, Timeout) != HAL_OK)
 80033ac:	4643      	mov	r3, r8
 80033ae:	9600      	str	r6, [sp, #0]
 80033b0:	2200      	movs	r2, #0
 80033b2:	2120      	movs	r1, #32
 80033b4:	4620      	mov	r0, r4
 80033b6:	f7ff fecb 	bl	8003150 <UART_WaitOnFlagUntilTimeout>
 80033ba:	b9a0      	cbnz	r0, 80033e6 <HAL_UART_Receive+0xd2>
      if ((huart->Init.WordLength == UART_WORDLENGTH_9B) && (huart->Init.Parity == UART_PARITY_NONE))
 80033bc:	68a2      	ldr	r2, [r4, #8]
        *tmp = (uint16_t)(huart->Instance->RDR & uhMask);
 80033be:	6823      	ldr	r3, [r4, #0]
      if ((huart->Init.WordLength == UART_WORDLENGTH_9B) && (huart->Init.Parity == UART_PARITY_NONE))
 80033c0:	f5b2 5f80 	cmp.w	r2, #4096	@ 0x1000
 80033c4:	d106      	bne.n	80033d4 <HAL_UART_Receive+0xc0>
 80033c6:	6922      	ldr	r2, [r4, #16]
 80033c8:	b922      	cbnz	r2, 80033d4 <HAL_UART_Receive+0xc0>
        *tmp = (uint16_t)(huart->Instance->RDR & uhMask);
 80033ca:	8c9b      	ldrh	r3, [r3, #36]	@ 0x24
 80033cc:	403b      	ands	r3, r7
 80033ce:	f825 3b02 	strh.w	r3, [r5], #2
        pData +=2U;
 80033d2:	e7d0      	b.n	8003376 <HAL_UART_Receive+0x62>
        *pData++ = (uint8_t)(huart->Instance->RDR & (uint8_t)uhMask);
 80033d4:	8c9b      	ldrh	r3, [r3, #36]	@ 0x24
 80033d6:	403b      	ands	r3, r7
 80033d8:	f805 3b01 	strb.w	r3, [r5], #1
 80033dc:	e7cb      	b.n	8003376 <HAL_UART_Receive+0x62>
      return  HAL_ERROR;
 80033de:	2001      	movs	r0, #1
 80033e0:	e7d2      	b.n	8003388 <HAL_UART_Receive+0x74>
    __HAL_LOCK(huart);
 80033e2:	2002      	movs	r0, #2
 80033e4:	e7d0      	b.n	8003388 <HAL_UART_Receive+0x74>
        return HAL_TIMEOUT;
 80033e6:	2003      	movs	r0, #3
 80033e8:	e7ce      	b.n	8003388 <HAL_UART_Receive+0x74>
 80033ea:	0000      	movs	r0, r0

080033ec <_sbrk>:
{
	extern char end asm("end");
	static char *heap_end;
	char *prev_heap_end;

	if (heap_end == 0)
 80033ec:	4a0a      	ldr	r2, [pc, #40]	@ (8003418 <_sbrk+0x2c>)
 80033ee:	6811      	ldr	r1, [r2, #0]
{
 80033f0:	b508      	push	{r3, lr}
 80033f2:	4603      	mov	r3, r0
	if (heap_end == 0)
 80033f4:	b909      	cbnz	r1, 80033fa <_sbrk+0xe>
		heap_end = &end;
 80033f6:	4909      	ldr	r1, [pc, #36]	@ (800341c <_sbrk+0x30>)
 80033f8:	6011      	str	r1, [r2, #0]

	prev_heap_end = heap_end;
 80033fa:	6810      	ldr	r0, [r2, #0]
	if (heap_end + incr > stack_ptr)
 80033fc:	4669      	mov	r1, sp
 80033fe:	4403      	add	r3, r0
 8003400:	428b      	cmp	r3, r1
 8003402:	d906      	bls.n	8003412 <_sbrk+0x26>
	{
		errno = ENOMEM;
 8003404:	f7fc ff08 	bl	8000218 <__errno>
 8003408:	230c      	movs	r3, #12
 800340a:	6003      	str	r3, [r0, #0]
		return (char *) -1;
 800340c:	f04f 30ff 	mov.w	r0, #4294967295	@ 0xffffffff
	}

	heap_end += incr;

	return (char *) prev_heap_end;
}
 8003410:	bd08      	pop	{r3, pc}
	heap_end += incr;
 8003412:	6013      	str	r3, [r2, #0]
	return (char *) prev_heap_end;
 8003414:	e7fc      	b.n	8003410 <_sbrk+0x24>
 8003416:	bf00      	nop
 8003418:	20000770 	.word	0x20000770
 800341c:	20000780 	.word	0x20000780

08003420 <Reset_Handler>:
 8003420:	2100      	movs	r1, #0
 8003422:	e003      	b.n	800342c <LoopCopyDataInit>

08003424 <CopyDataInit>:
 8003424:	4b0b      	ldr	r3, [pc, #44]	@ (8003454 <LoopForever+0x2>)
 8003426:	585b      	ldr	r3, [r3, r1]
 8003428:	5043      	str	r3, [r0, r1]
 800342a:	3104      	adds	r1, #4

0800342c <LoopCopyDataInit>:
 800342c:	480a      	ldr	r0, [pc, #40]	@ (8003458 <LoopForever+0x6>)
 800342e:	4b0b      	ldr	r3, [pc, #44]	@ (800345c <LoopForever+0xa>)
 8003430:	1842      	adds	r2, r0, r1
 8003432:	429a      	cmp	r2, r3
 8003434:	d3f6      	bcc.n	8003424 <CopyDataInit>
 8003436:	4a0a      	ldr	r2, [pc, #40]	@ (8003460 <LoopForever+0xe>)
 8003438:	e002      	b.n	8003440 <LoopFillZerobss>

0800343a <FillZerobss>:
 800343a:	2300      	movs	r3, #0
 800343c:	6013      	str	r3, [r2, #0]
 800343e:	3204      	adds	r2, #4

08003440 <LoopFillZerobss>:
 8003440:	4b08      	ldr	r3, [pc, #32]	@ (8003464 <LoopForever+0x12>)
 8003442:	429a      	cmp	r2, r3
 8003444:	d3f9      	bcc.n	800343a <FillZerobss>
 8003446:	f3af 8000 	nop.w
 800344a:	f7fc feeb 	bl	8000224 <__libc_init_array>
 800344e:	f7fe fdfd 	bl	800204c <main>

08003452 <LoopForever>:
 8003452:	e7fe      	b.n	8003452 <LoopForever>
 8003454:	08003dc4 	.word	0x08003dc4
 8003458:	20000000 	.word	0x20000000
 800345c:	20000064 	.word	0x20000064
 8003460:	20000064 	.word	0x20000064
 8003464:	20000780 	.word	0x20000780

08003468 <BusFault_Handler>:
 8003468:	e7fe      	b.n	8003468 <BusFault_Handler>
 800346a:	0000      	movs	r0, r0

0800346c <_init>:
 800346c:	b5f8      	push	{r3, r4, r5, r6, r7, lr}
 800346e:	bf00      	nop
 8003470:	bcf8      	pop	{r3, r4, r5, r6, r7}
 8003472:	bc08      	pop	{r3}
 8003474:	469e      	mov	lr, r3
 8003476:	4770      	bx	lr

08003478 <_fini>:
 8003478:	b5f8      	push	{r3, r4, r5, r6, r7, lr}
 800347a:	bf00      	nop
 800347c:	bcf8      	pop	{r3, r4, r5, r6, r7}
 800347e:	bc08      	pop	{r3}
 8003480:	469e      	mov	lr, r3
 8003482:	4770      	bx	lr
