
simpleserial-base-CW308_STM32F3.elf:     file format elf32-littlearm

Sections:
Idx Name          Size      VMA       LMA       File off  Algn
  0 .isr_vector   00000188  08000000  08000000  00001000  2**0
                  CONTENTS, ALLOC, LOAD, READONLY, DATA
  1 .text         000015ec  08000188  08000188  00001188  2**2
                  CONTENTS, ALLOC, LOAD, READONLY, CODE
  2 .rodata       0000020c  08001774  08001774  00002774  2**0
                  CONTENTS, ALLOC, LOAD, READONLY, DATA
  3 .ARM.extab    00000000  08001980  08001980  00002988  2**0
                  CONTENTS
  4 .ARM          00000000  08001980  08001980  00002988  2**0
                  CONTENTS
  5 .preinit_array 00000000  08001980  08001988  00002988  2**0
                  CONTENTS, ALLOC, LOAD, DATA
  6 .init_array   00000004  08001980  08001980  00002980  2**2
                  CONTENTS, ALLOC, LOAD, DATA
  7 .fini_array   00000004  08001984  08001984  00002984  2**2
                  CONTENTS, ALLOC, LOAD, DATA
  8 .data         00000000  20000000  20000000  00002988  2**0
                  CONTENTS, ALLOC, LOAD, DATA
  9 .bss          000004f8  20000000  08001988  00003000  2**2
                  ALLOC
 10 ._user_heap_stack 00000400  200004f8  08001988  000034f8  2**0
                  ALLOC
 11 .ARM.attributes 0000002a  00000000  00000000  00002988  2**0
                  CONTENTS, READONLY
 12 .comment      00000026  00000000  00000000  000029b2  2**0
                  CONTENTS, READONLY
 13 .debug_info   00004f8f  00000000  00000000  000029d8  2**0
                  CONTENTS, READONLY, DEBUGGING, OCTETS
 14 .debug_abbrev 0000109f  00000000  00000000  00007967  2**0
                  CONTENTS, READONLY, DEBUGGING, OCTETS
 15 .debug_loc    0000303e  00000000  00000000  00008a06  2**0
                  CONTENTS, READONLY, DEBUGGING, OCTETS
 16 .debug_aranges 00000280  00000000  00000000  0000ba48  2**3
                  CONTENTS, READONLY, DEBUGGING, OCTETS
 17 .debug_ranges 00000520  00000000  00000000  0000bcc8  2**0
                  CONTENTS, READONLY, DEBUGGING, OCTETS
 18 .debug_line   00002c61  00000000  00000000  0000c1e8  2**0
                  CONTENTS, READONLY, DEBUGGING, OCTETS
 19 .debug_str    000016f6  00000000  00000000  0000ee49  2**0
                  CONTENTS, READONLY, DEBUGGING, OCTETS
 20 .debug_frame  0000062c  00000000  00000000  00010540  2**2
                  CONTENTS, READONLY, DEBUGGING, OCTETS
 21 .stab         00000144  00000000  00000000  00010b6c  2**2
                  CONTENTS, READONLY, DEBUGGING
 22 .stabstr      0000003d  00000000  00000000  00010cb0  2**0
                  CONTENTS, READONLY, DEBUGGING
 23 .debug_loclists 0000021b  00000000  00000000  00010ced  2**0
                  CONTENTS, READONLY, DEBUGGING, OCTETS
 24 .debug_line_str 000000a1  00000000  00000000  00010f08  2**0
                  CONTENTS, READONLY, DEBUGGING, OCTETS

Disassembly of section .text:

08000188 <deregister_tm_clones>:
 8000188:	4803      	ldr	r0, [pc, #12]	@ (8000198 <deregister_tm_clones+0x10>)
 800018a:	4b04      	ldr	r3, [pc, #16]	@ (800019c <deregister_tm_clones+0x14>)
 800018c:	4283      	cmp	r3, r0
 800018e:	d002      	beq.n	8000196 <deregister_tm_clones+0xe>
 8000190:	4b03      	ldr	r3, [pc, #12]	@ (80001a0 <deregister_tm_clones+0x18>)
 8000192:	b103      	cbz	r3, 8000196 <deregister_tm_clones+0xe>
 8000194:	4718      	bx	r3
 8000196:	4770      	bx	lr
 8000198:	20000000 	.word	0x20000000
 800019c:	20000000 	.word	0x20000000
 80001a0:	00000000 	.word	0x00000000

080001a4 <register_tm_clones>:
 80001a4:	4805      	ldr	r0, [pc, #20]	@ (80001bc <register_tm_clones+0x18>)
 80001a6:	4b06      	ldr	r3, [pc, #24]	@ (80001c0 <register_tm_clones+0x1c>)
 80001a8:	1a1b      	subs	r3, r3, r0
 80001aa:	0fd9      	lsrs	r1, r3, #31
 80001ac:	eb01 01a3 	add.w	r1, r1, r3, asr #2
 80001b0:	1049      	asrs	r1, r1, #1
 80001b2:	d002      	beq.n	80001ba <register_tm_clones+0x16>
 80001b4:	4b03      	ldr	r3, [pc, #12]	@ (80001c4 <register_tm_clones+0x20>)
 80001b6:	b103      	cbz	r3, 80001ba <register_tm_clones+0x16>
 80001b8:	4718      	bx	r3
 80001ba:	4770      	bx	lr
 80001bc:	20000000 	.word	0x20000000
 80001c0:	20000000 	.word	0x20000000
 80001c4:	00000000 	.word	0x00000000

080001c8 <__do_global_dtors_aux>:
 80001c8:	b510      	push	{r4, lr}
 80001ca:	4c06      	ldr	r4, [pc, #24]	@ (80001e4 <__do_global_dtors_aux+0x1c>)
 80001cc:	7823      	ldrb	r3, [r4, #0]
 80001ce:	b943      	cbnz	r3, 80001e2 <__do_global_dtors_aux+0x1a>
 80001d0:	f7ff ffda 	bl	8000188 <deregister_tm_clones>
 80001d4:	4b04      	ldr	r3, [pc, #16]	@ (80001e8 <__do_global_dtors_aux+0x20>)
 80001d6:	b113      	cbz	r3, 80001de <__do_global_dtors_aux+0x16>
 80001d8:	4804      	ldr	r0, [pc, #16]	@ (80001ec <__do_global_dtors_aux+0x24>)
 80001da:	f3af 8000 	nop.w
 80001de:	2301      	movs	r3, #1
 80001e0:	7023      	strb	r3, [r4, #0]
 80001e2:	bd10      	pop	{r4, pc}
 80001e4:	20000000 	.word	0x20000000
 80001e8:	00000000 	.word	0x00000000
 80001ec:	0800175c 	.word	0x0800175c

080001f0 <frame_dummy>:
 80001f0:	b508      	push	{r3, lr}
 80001f2:	4b04      	ldr	r3, [pc, #16]	@ (8000204 <frame_dummy+0x14>)
 80001f4:	b11b      	cbz	r3, 80001fe <frame_dummy+0xe>
 80001f6:	4904      	ldr	r1, [pc, #16]	@ (8000208 <frame_dummy+0x18>)
 80001f8:	4804      	ldr	r0, [pc, #16]	@ (800020c <frame_dummy+0x1c>)
 80001fa:	f3af 8000 	nop.w
 80001fe:	e8bd 4008 	ldmia.w	sp!, {r3, lr}
 8000202:	e7cf      	b.n	80001a4 <register_tm_clones>
 8000204:	00000000 	.word	0x00000000
 8000208:	20000004 	.word	0x20000004
 800020c:	0800175c 	.word	0x0800175c

08000210 <__libc_init_array>:
 8000210:	b570      	push	{r4, r5, r6, lr}
 8000212:	4b0f      	ldr	r3, [pc, #60]	@ (8000250 <__libc_init_array+0x40>)
 8000214:	4d0f      	ldr	r5, [pc, #60]	@ (8000254 <__libc_init_array+0x44>)
 8000216:	42ab      	cmp	r3, r5
 8000218:	eba3 0605 	sub.w	r6, r3, r5
 800021c:	d007      	beq.n	800022e <__libc_init_array+0x1e>
 800021e:	10b6      	asrs	r6, r6, #2
 8000220:	2400      	movs	r4, #0
 8000222:	f855 3b04 	ldr.w	r3, [r5], #4
 8000226:	3401      	adds	r4, #1
 8000228:	4798      	blx	r3
 800022a:	42a6      	cmp	r6, r4
 800022c:	d8f9      	bhi.n	8000222 <__libc_init_array+0x12>
 800022e:	f001 fa95 	bl	800175c <_init>
 8000232:	4d09      	ldr	r5, [pc, #36]	@ (8000258 <__libc_init_array+0x48>)
 8000234:	4b09      	ldr	r3, [pc, #36]	@ (800025c <__libc_init_array+0x4c>)
 8000236:	1b5e      	subs	r6, r3, r5
 8000238:	42ab      	cmp	r3, r5
 800023a:	ea4f 06a6 	mov.w	r6, r6, asr #2
 800023e:	d006      	beq.n	800024e <__libc_init_array+0x3e>
 8000240:	2400      	movs	r4, #0
 8000242:	f855 3b04 	ldr.w	r3, [r5], #4
 8000246:	3401      	adds	r4, #1
 8000248:	4798      	blx	r3
 800024a:	42a6      	cmp	r6, r4
 800024c:	d8f9      	bhi.n	8000242 <__libc_init_array+0x32>
 800024e:	bd70      	pop	{r4, r5, r6, pc}
 8000250:	08001980 	.word	0x08001980
 8000254:	08001980 	.word	0x08001980
 8000258:	08001980 	.word	0x08001980
 800025c:	08001984 	.word	0x08001984

08000260 <memcpy>:
 8000260:	4684      	mov	ip, r0
 8000262:	ea41 0300 	orr.w	r3, r1, r0
 8000266:	f013 0303 	ands.w	r3, r3, #3
 800026a:	d16d      	bne.n	8000348 <memcpy+0xe8>
 800026c:	3a40      	subs	r2, #64	@ 0x40
 800026e:	d341      	bcc.n	80002f4 <memcpy+0x94>
 8000270:	f851 3b04 	ldr.w	r3, [r1], #4
 8000274:	f840 3b04 	str.w	r3, [r0], #4
 8000278:	f851 3b04 	ldr.w	r3, [r1], #4
 800027c:	f840 3b04 	str.w	r3, [r0], #4
 8000280:	f851 3b04 	ldr.w	r3, [r1], #4
 8000284:	f840 3b04 	str.w	r3, [r0], #4
 8000288:	f851 3b04 	ldr.w	r3, [r1], #4
 800028c:	f840 3b04 	str.w	r3, [r0], #4
 8000290:	f851 3b04 	ldr.w	r3, [r1], #4
 8000294:	f840 3b04 	str.w	r3, [r0], #4
 8000298:	f851 3b04 	ldr.w	r3, [r1], #4
 800029c:	f840 3b04 	str.w	r3, [r0], #4
 80002a0:	f851 3b04 	ldr.w	r3, [r1], #4
 80002a4:	f840 3b04 	str.w	r3, [r0], #4
 80002a8:	f851 3b04 	ldr.w	r3, [r1], #4
 80002ac:	f840 3b04 	str.w	r3, [r0], #4
 80002b0:	f851 3b04 	ldr.w	r3, [r1], #4
 80002b4:	f840 3b04 	str.w	r3, [r0], #4
 80002b8:	f851 3b04 	ldr.w	r3, [r1], #4
 80002bc:	f840 3b04 	str.w	r3, [r0], #4
 80002c0:	f851 3b04 	ldr.w	r3, [r1], #4
 80002c4:	f840 3b04 	str.w	r3, [r0], #4
 80002c8:	f851 3b04 	ldr.w	r3, [r1], #4
 80002cc:	f840 3b04 	str.w	r3, [r0], #4
 80002d0:	f851 3b04 	ldr.w	r3, [r1], #4
 80002d4:	f840 3b04 	str.w	r3, [r0], #4
 80002d8:	f851 3b04 	ldr.w	r3, [r1], #4
 80002dc:	f840 3b04 	str.w	r3, [r0], #4
 80002e0:	f851 3b04 	ldr.w	r3, [r1], #4
 80002e4:	f840 3b04 	str.w	r3, [r0], #4
 80002e8:	f851 3b04 	ldr.w	r3, [r1], #4
 80002ec:	f840 3b04 	str.w	r3, [r0], #4
 80002f0:	3a40      	subs	r2, #64	@ 0x40
 80002f2:	d2bd      	bcs.n	8000270 <memcpy+0x10>
 80002f4:	3230      	adds	r2, #48	@ 0x30
 80002f6:	d311      	bcc.n	800031c <memcpy+0xbc>
 80002f8:	f851 3b04 	ldr.w	r3, [r1], #4
 80002fc:	f840 3b04 	str.w	r3, [r0], #4
 8000300:	f851 3b04 	ldr.w	r3, [r1], #4
 8000304:	f840 3b04 	str.w	r3, [r0], #4
 8000308:	f851 3b04 	ldr.w	r3, [r1], #4
 800030c:	f840 3b04 	str.w	r3, [r0], #4
 8000310:	f851 3b04 	ldr.w	r3, [r1], #4
 8000314:	f840 3b04 	str.w	r3, [r0], #4
 8000318:	3a10      	subs	r2, #16
 800031a:	d2ed      	bcs.n	80002f8 <memcpy+0x98>
 800031c:	320c      	adds	r2, #12
 800031e:	d305      	bcc.n	800032c <memcpy+0xcc>
 8000320:	f851 3b04 	ldr.w	r3, [r1], #4
 8000324:	f840 3b04 	str.w	r3, [r0], #4
 8000328:	3a04      	subs	r2, #4
 800032a:	d2f9      	bcs.n	8000320 <memcpy+0xc0>
 800032c:	3204      	adds	r2, #4
 800032e:	d008      	beq.n	8000342 <memcpy+0xe2>
 8000330:	07d2      	lsls	r2, r2, #31
 8000332:	bf1c      	itt	ne
 8000334:	f811 3b01 	ldrbne.w	r3, [r1], #1
 8000338:	f800 3b01 	strbne.w	r3, [r0], #1
 800033c:	d301      	bcc.n	8000342 <memcpy+0xe2>
 800033e:	880b      	ldrh	r3, [r1, #0]
 8000340:	8003      	strh	r3, [r0, #0]
 8000342:	4660      	mov	r0, ip
 8000344:	4770      	bx	lr
 8000346:	bf00      	nop
 8000348:	2a08      	cmp	r2, #8
 800034a:	d313      	bcc.n	8000374 <memcpy+0x114>
 800034c:	078b      	lsls	r3, r1, #30
 800034e:	d08d      	beq.n	800026c <memcpy+0xc>
 8000350:	f010 0303 	ands.w	r3, r0, #3
 8000354:	d08a      	beq.n	800026c <memcpy+0xc>
 8000356:	f1c3 0304 	rsb	r3, r3, #4
 800035a:	1ad2      	subs	r2, r2, r3
 800035c:	07db      	lsls	r3, r3, #31
 800035e:	bf1c      	itt	ne
 8000360:	f811 3b01 	ldrbne.w	r3, [r1], #1
 8000364:	f800 3b01 	strbne.w	r3, [r0], #1
 8000368:	d380      	bcc.n	800026c <memcpy+0xc>
 800036a:	f831 3b02 	ldrh.w	r3, [r1], #2
 800036e:	f820 3b02 	strh.w	r3, [r0], #2
 8000372:	e77b      	b.n	800026c <memcpy+0xc>
 8000374:	3a04      	subs	r2, #4
 8000376:	d3d9      	bcc.n	800032c <memcpy+0xcc>
 8000378:	3a01      	subs	r2, #1
 800037a:	f811 3b01 	ldrb.w	r3, [r1], #1
 800037e:	f800 3b01 	strb.w	r3, [r0], #1
 8000382:	d2f9      	bcs.n	8000378 <memcpy+0x118>
 8000384:	780b      	ldrb	r3, [r1, #0]
 8000386:	7003      	strb	r3, [r0, #0]
 8000388:	784b      	ldrb	r3, [r1, #1]
 800038a:	7043      	strb	r3, [r0, #1]
 800038c:	788b      	ldrb	r3, [r1, #2]
 800038e:	7083      	strb	r3, [r0, #2]
 8000390:	4660      	mov	r0, ip
 8000392:	4770      	bx	lr

08000394 <memset>:
 8000394:	0783      	lsls	r3, r0, #30
 8000396:	b530      	push	{r4, r5, lr}
 8000398:	d047      	beq.n	800042a <memset+0x96>
 800039a:	1e54      	subs	r4, r2, #1
 800039c:	2a00      	cmp	r2, #0
 800039e:	d03e      	beq.n	800041e <memset+0x8a>
 80003a0:	b2ca      	uxtb	r2, r1
 80003a2:	4603      	mov	r3, r0
 80003a4:	e001      	b.n	80003aa <memset+0x16>
 80003a6:	3c01      	subs	r4, #1
 80003a8:	d339      	bcc.n	800041e <memset+0x8a>
 80003aa:	f803 2b01 	strb.w	r2, [r3], #1
 80003ae:	079d      	lsls	r5, r3, #30
 80003b0:	d1f9      	bne.n	80003a6 <memset+0x12>
 80003b2:	2c03      	cmp	r4, #3
 80003b4:	d92c      	bls.n	8000410 <memset+0x7c>
 80003b6:	b2cd      	uxtb	r5, r1
 80003b8:	eb05 2505 	add.w	r5, r5, r5, lsl #8
 80003bc:	2c0f      	cmp	r4, #15
 80003be:	eb05 4505 	add.w	r5, r5, r5, lsl #16
 80003c2:	d935      	bls.n	8000430 <memset+0x9c>
 80003c4:	f1a4 0210 	sub.w	r2, r4, #16
 80003c8:	f022 0c0f 	bic.w	ip, r2, #15
 80003cc:	f103 0e10 	add.w	lr, r3, #16
 80003d0:	44e6      	add	lr, ip
 80003d2:	ea4f 1c12 	mov.w	ip, r2, lsr #4
 80003d6:	461a      	mov	r2, r3
 80003d8:	6015      	str	r5, [r2, #0]
 80003da:	6055      	str	r5, [r2, #4]
 80003dc:	6095      	str	r5, [r2, #8]
 80003de:	60d5      	str	r5, [r2, #12]
 80003e0:	3210      	adds	r2, #16
 80003e2:	4572      	cmp	r2, lr
 80003e4:	d1f8      	bne.n	80003d8 <memset+0x44>
 80003e6:	f10c 0201 	add.w	r2, ip, #1
 80003ea:	f014 0f0c 	tst.w	r4, #12
 80003ee:	eb03 1202 	add.w	r2, r3, r2, lsl #4
 80003f2:	f004 0c0f 	and.w	ip, r4, #15
 80003f6:	d013      	beq.n	8000420 <memset+0x8c>
 80003f8:	f1ac 0304 	sub.w	r3, ip, #4
 80003fc:	f023 0303 	bic.w	r3, r3, #3
 8000400:	3304      	adds	r3, #4
 8000402:	4413      	add	r3, r2
 8000404:	f842 5b04 	str.w	r5, [r2], #4
 8000408:	429a      	cmp	r2, r3
 800040a:	d1fb      	bne.n	8000404 <memset+0x70>
 800040c:	f00c 0403 	and.w	r4, ip, #3
 8000410:	b12c      	cbz	r4, 800041e <memset+0x8a>
 8000412:	b2c9      	uxtb	r1, r1
 8000414:	441c      	add	r4, r3
 8000416:	f803 1b01 	strb.w	r1, [r3], #1
 800041a:	429c      	cmp	r4, r3
 800041c:	d1fb      	bne.n	8000416 <memset+0x82>
 800041e:	bd30      	pop	{r4, r5, pc}
 8000420:	4664      	mov	r4, ip
 8000422:	4613      	mov	r3, r2
 8000424:	2c00      	cmp	r4, #0
 8000426:	d1f4      	bne.n	8000412 <memset+0x7e>
 8000428:	e7f9      	b.n	800041e <memset+0x8a>
 800042a:	4603      	mov	r3, r0
 800042c:	4614      	mov	r4, r2
 800042e:	e7c0      	b.n	80003b2 <memset+0x1e>
 8000430:	461a      	mov	r2, r3
 8000432:	46a4      	mov	ip, r4
 8000434:	e7e0      	b.n	80003f8 <memset+0x64>
 8000436:	bf00      	nop

08000438 <MY_AES_ECB>:
#include <string.h>

#include "aes.h"

int MY_AES_ECB(uint8_t *output, uint8_t *input_k, uint8_t *input_p, uint8_t len)
{
 8000438:	b530      	push	{r4, r5, lr}
	struct AES_ctx ctx;

	/* AES-128 ECB: 한 블록(16바이트)만 지원한다. */
	if (len != AES_BLOCKLEN) {
 800043a:	2b10      	cmp	r3, #16
{
 800043c:	b0ad      	sub	sp, #180	@ 0xb4
 800043e:	4605      	mov	r5, r0
 8000440:	4614      	mov	r4, r2
	if (len != AES_BLOCKLEN) {
 8000442:	d116      	bne.n	8000472 <MY_AES_ECB+0x3a>
		return -1;
	}
	if (output == 0 || input_k == 0 || input_p == 0) {
 8000444:	b1ad      	cbz	r5, 8000472 <MY_AES_ECB+0x3a>
 8000446:	b1a1      	cbz	r1, 8000472 <MY_AES_ECB+0x3a>
 8000448:	b19a      	cbz	r2, 8000472 <MY_AES_ECB+0x3a>
		return -1;
	}

	AES_init_ctx(&ctx, input_k);
 800044a:	4668      	mov	r0, sp
 800044c:	f000 f8ba 	bl	80005c4 <AES_init_ctx>
	memcpy(output, input_p, AES_BLOCKLEN);
 8000450:	4622      	mov	r2, r4
 8000452:	462b      	mov	r3, r5
 8000454:	f104 0110 	add.w	r1, r4, #16
 8000458:	f852 0b04 	ldr.w	r0, [r2], #4
 800045c:	f843 0b04 	str.w	r0, [r3], #4
 8000460:	428a      	cmp	r2, r1
 8000462:	d1f9      	bne.n	8000458 <MY_AES_ECB+0x20>
	AES_ECB_encrypt(&ctx, output);
 8000464:	4668      	mov	r0, sp
 8000466:	4629      	mov	r1, r5
 8000468:	f000 f8e2 	bl	8000630 <AES_ECB_encrypt>

	return 0;
 800046c:	2000      	movs	r0, #0
}
 800046e:	b02d      	add	sp, #180	@ 0xb4
 8000470:	bd30      	pop	{r4, r5, pc}
		return -1;
 8000472:	f04f 30ff 	mov.w	r0, #4294967295	@ 0xffffffff
 8000476:	e7fa      	b.n	800046e <MY_AES_ECB+0x36>

08000478 <my_init>:
}

#if SS_VER == SS_VER_2_1
//SS_VER_2_1 사용이 기본
uint8_t my_init(uint8_t cmd, uint8_t scmd, uint8_t len, uint8_t *buf)
{
 8000478:	b570      	push	{r4, r5, r6, lr}
 800047a:	460c      	mov	r4, r1
 	if (scmd == (uint8_t)'k') {
 800047c:	2c6b      	cmp	r4, #107	@ 0x6b
{
 800047e:	4611      	mov	r1, r2
 8000480:	461d      	mov	r5, r3
 	if (scmd == (uint8_t)'k') {
 8000482:	d10e      	bne.n	80004a2 <my_init+0x2a>
 8000484:	4a16      	ldr	r2, [pc, #88]	@ (80004e0 <my_init+0x68>)
		/**********************************
		* Start user-specific code here. */
	
		for(int i = 0; i<len; i++)
 8000486:	2300      	movs	r3, #0
 8000488:	4299      	cmp	r1, r3
 800048a:	dc05      	bgt.n	8000498 <my_init+0x20>
			global_k[i] = buf[i];

		/* End user-specific code here. *
		********************************/
		
		simpleserial_put(scmd, len, global_k);
 800048c:	4a14      	ldr	r2, [pc, #80]	@ (80004e0 <my_init+0x68>)
 800048e:	206b      	movs	r0, #107	@ 0x6b
		global_len = buf[0];

		/* End user-specific code here. *
		********************************/
		
		simpleserial_put((char)scmd, 1, &global_len);
 8000490:	f000 f9a8 	bl	80007e4 <simpleserial_put>
		
	}

	return 0x00;

}
 8000494:	2000      	movs	r0, #0
 8000496:	bd70      	pop	{r4, r5, r6, pc}
			global_k[i] = buf[i];
 8000498:	5ce8      	ldrb	r0, [r5, r3]
 800049a:	f802 0b01 	strb.w	r0, [r2], #1
		for(int i = 0; i<len; i++)
 800049e:	3301      	adds	r3, #1
 80004a0:	e7f2      	b.n	8000488 <my_init+0x10>
	if (scmd == (uint8_t)'p') {
 80004a2:	2c70      	cmp	r4, #112	@ 0x70
 80004a4:	d10b      	bne.n	80004be <my_init+0x46>
 80004a6:	4a0f      	ldr	r2, [pc, #60]	@ (80004e4 <my_init+0x6c>)
		for(int i = 0; i<len; i++)
 80004a8:	2300      	movs	r3, #0
 80004aa:	4299      	cmp	r1, r3
 80004ac:	dc02      	bgt.n	80004b4 <my_init+0x3c>
		simpleserial_put((char)scmd, len, global_p);
 80004ae:	4a0d      	ldr	r2, [pc, #52]	@ (80004e4 <my_init+0x6c>)
 80004b0:	2070      	movs	r0, #112	@ 0x70
 80004b2:	e7ed      	b.n	8000490 <my_init+0x18>
			global_p[i] = buf[i];
 80004b4:	5ce8      	ldrb	r0, [r5, r3]
 80004b6:	f802 0b01 	strb.w	r0, [r2], #1
		for(int i = 0; i<len; i++)
 80004ba:	3301      	adds	r3, #1
 80004bc:	e7f5      	b.n	80004aa <my_init+0x32>
	if (scmd == (uint8_t)'l') {
 80004be:	2c6c      	cmp	r4, #108	@ 0x6c
 80004c0:	d1e8      	bne.n	8000494 <my_init+0x1c>
			global_ret[i] = 0;
 80004c2:	4e07      	ldr	r6, [pc, #28]	@ (80004e0 <my_init+0x68>)
 80004c4:	22f5      	movs	r2, #245	@ 0xf5
 80004c6:	2100      	movs	r1, #0
 80004c8:	f506 70f5 	add.w	r0, r6, #490	@ 0x1ea
 80004cc:	f7ff ff62 	bl	8000394 <memset>
		global_len = buf[0];
 80004d0:	782b      	ldrb	r3, [r5, #0]
 80004d2:	f886 32df 	strb.w	r3, [r6, #735]	@ 0x2df
		simpleserial_put((char)scmd, 1, &global_len);
 80004d6:	f206 22df 	addw	r2, r6, #735	@ 0x2df
 80004da:	2101      	movs	r1, #1
 80004dc:	4620      	mov	r0, r4
 80004de:	e7d7      	b.n	8000490 <my_init+0x18>
 80004e0:	2000001c 	.word	0x2000001c
 80004e4:	20000111 	.word	0x20000111

080004e8 <my_update>:
uint8_t my_update(uint8_t cmd, uint8_t scmd, uint8_t len, uint8_t *buf)
{

	if (scmd == (uint8_t)'c') {
 80004e8:	2963      	cmp	r1, #99	@ 0x63
{
 80004ea:	b513      	push	{r0, r1, r4, lr}
 80004ec:	460c      	mov	r4, r1
	if (scmd == (uint8_t)'c') {
 80004ee:	d10c      	bne.n	800050a <my_update+0x22>

		/**********************************
		* Start user-specific code here. */
		trigger_high();
 80004f0:	f000 faf4 	bl	8000adc <trigger_high>
		
		MY_AES_ECB(global_ret, global_k, global_p, global_len);
 80004f4:	490a      	ldr	r1, [pc, #40]	@ (8000520 <my_update+0x38>)
 80004f6:	f891 32df 	ldrb.w	r3, [r1, #735]	@ 0x2df
 80004fa:	f101 02f5 	add.w	r2, r1, #245	@ 0xf5
 80004fe:	f501 70f5 	add.w	r0, r1, #490	@ 0x1ea
 8000502:	f7ff ff99 	bl	8000438 <MY_AES_ECB>

		trigger_low();
 8000506:	f000 faf0 	bl	8000aea <trigger_low>
		/* End user-specific code here. *
		********************************/
				
	}
	simpleserial_put((char)scmd, 1, (uint8_t[]){0x82});	
 800050a:	2382      	movs	r3, #130	@ 0x82
 800050c:	4620      	mov	r0, r4
 800050e:	aa01      	add	r2, sp, #4
 8000510:	2101      	movs	r1, #1
 8000512:	f88d 3004 	strb.w	r3, [sp, #4]
 8000516:	f000 f965 	bl	80007e4 <simpleserial_put>

	return 0x00;

}
 800051a:	2000      	movs	r0, #0
 800051c:	b002      	add	sp, #8
 800051e:	bd10      	pop	{r4, pc}
 8000520:	2000001c 	.word	0x2000001c

08000524 <my_final>:
uint8_t my_final(uint8_t cmd, uint8_t scmd, uint8_t len, uint8_t *buf)
{

	if (scmd == (uint8_t)'r') {
 8000524:	2972      	cmp	r1, #114	@ 0x72
{
 8000526:	b508      	push	{r3, lr}
 8000528:	4608      	mov	r0, r1
	if (scmd == (uint8_t)'r') {
 800052a:	d106      	bne.n	800053a <my_final+0x16>
		* Start user-specific code here. */

		/* End user-specific code here. *
		********************************/
		
		simpleserial_put((char)scmd, global_len, global_ret);
 800052c:	4b04      	ldr	r3, [pc, #16]	@ (8000540 <my_final+0x1c>)
 800052e:	f893 12df 	ldrb.w	r1, [r3, #735]	@ 0x2df
 8000532:	f503 72f5 	add.w	r2, r3, #490	@ 0x1ea
 8000536:	f000 f955 	bl	80007e4 <simpleserial_put>
	}
	

	return 0x00;

}
 800053a:	2000      	movs	r0, #0
 800053c:	bd08      	pop	{r3, pc}
 800053e:	bf00      	nop
 8000540:	2000001c 	.word	0x2000001c

08000544 <main>:
#endif


int main(void)
{
 8000544:	b508      	push	{r3, lr}
    platform_init();
 8000546:	f000 fa27 	bl	8000998 <platform_init>
	init_uart();
 800054a:	f000 fa65 	bl	8000a18 <init_uart>
	trigger_setup();
 800054e:	f000 faa1 	bl	8000a94 <trigger_setup>
	putch('l');
	putch('o');
	putch('\n');
	*/

	simpleserial_init();
 8000552:	f000 f935 	bl	80007c0 <simpleserial_init>
#if SS_VER != SS_VER_2_1
	simpleserial_addcmd('p', MAX_DATA_LEN, get_pt);
	simpleserial_addcmd('k', MAX_DATA_LEN, get_key);
	simpleserial_addcmd('x', 0, reset);
#else
	simpleserial_addcmd(0x81, MAX_DATA_LEN, my_init);
 8000556:	4a09      	ldr	r2, [pc, #36]	@ (800057c <main+0x38>)
 8000558:	21f5      	movs	r1, #245	@ 0xf5
 800055a:	2081      	movs	r0, #129	@ 0x81
 800055c:	f000 f916 	bl	800078c <simpleserial_addcmd>
    simpleserial_addcmd(0x82, MAX_DATA_LEN, my_update);
 8000560:	4a07      	ldr	r2, [pc, #28]	@ (8000580 <main+0x3c>)
 8000562:	21f5      	movs	r1, #245	@ 0xf5
 8000564:	2082      	movs	r0, #130	@ 0x82
 8000566:	f000 f911 	bl	800078c <simpleserial_addcmd>
	simpleserial_addcmd(0x83, MAX_DATA_LEN, my_final);
 800056a:	4a06      	ldr	r2, [pc, #24]	@ (8000584 <main+0x40>)
 800056c:	21f5      	movs	r1, #245	@ 0xf5
 800056e:	2083      	movs	r0, #131	@ 0x83
 8000570:	f000 f90c 	bl	800078c <simpleserial_addcmd>
#endif
	while(1)
		simpleserial_get();
 8000574:	f000 f994 	bl	80008a0 <simpleserial_get>
	while(1)
 8000578:	e7fc      	b.n	8000574 <main+0x30>
 800057a:	bf00      	nop
 800057c:	08000479 	.word	0x08000479
 8000580:	080004e9 	.word	0x080004e9
 8000584:	08000525 	.word	0x08000525

08000588 <AddRoundKey>:
#endif

// This function adds the round key to state.
// The round key is added to the state by an XOR function.
static void AddRoundKey(uint8_t round, state_t* state, const uint8_t* RoundKey)
{
 8000588:	b5f0      	push	{r4, r5, r6, r7, lr}
 800058a:	0100      	lsls	r0, r0, #4
 800058c:	1d0c      	adds	r4, r1, #4
 800058e:	3114      	adds	r1, #20
  uint8_t i,j;
  for (i = 0; i < 4; ++i)
  {
    for (j = 0; j < 4; ++j)
 8000590:	1f23      	subs	r3, r4, #4
 8000592:	1816      	adds	r6, r2, r0
    {
      (*state)[i][j] ^= RoundKey[(round * Nb * 4) + (i * Nb) + j];
 8000594:	781d      	ldrb	r5, [r3, #0]
 8000596:	f816 7b01 	ldrb.w	r7, [r6], #1
 800059a:	407d      	eors	r5, r7
 800059c:	f803 5b01 	strb.w	r5, [r3], #1
    for (j = 0; j < 4; ++j)
 80005a0:	42a3      	cmp	r3, r4
 80005a2:	d1f7      	bne.n	8000594 <AddRoundKey+0xc>
  for (i = 0; i < 4; ++i)
 80005a4:	1d1c      	adds	r4, r3, #4
 80005a6:	428c      	cmp	r4, r1
 80005a8:	f100 0004 	add.w	r0, r0, #4
 80005ac:	d1f0      	bne.n	8000590 <AddRoundKey+0x8>
    }
  }
}
 80005ae:	bdf0      	pop	{r4, r5, r6, r7, pc}

080005b0 <xtime>:
  (*state)[1][3] = temp;
}

static uint8_t xtime(uint8_t x)
{
  return ((x<<1) ^ (((x>>7) & 1) * 0x1b));
 80005b0:	09c3      	lsrs	r3, r0, #7
 80005b2:	eb03 0343 	add.w	r3, r3, r3, lsl #1
 80005b6:	eb03 03c3 	add.w	r3, r3, r3, lsl #3
 80005ba:	ea83 0040 	eor.w	r0, r3, r0, lsl #1
}
 80005be:	b2c0      	uxtb	r0, r0
 80005c0:	4770      	bx	lr
 80005c2:	0000      	movs	r0, r0

080005c4 <AES_init_ctx>:
{
 80005c4:	b5f0      	push	{r4, r5, r6, r7, lr}
 80005c6:	f101 0210 	add.w	r2, r1, #16
 80005ca:	4603      	mov	r3, r0
    RoundKey[(i * 4) + 0] = Key[(i * 4) + 0];
 80005cc:	780c      	ldrb	r4, [r1, #0]
 80005ce:	701c      	strb	r4, [r3, #0]
    RoundKey[(i * 4) + 1] = Key[(i * 4) + 1];
 80005d0:	784c      	ldrb	r4, [r1, #1]
 80005d2:	705c      	strb	r4, [r3, #1]
    RoundKey[(i * 4) + 2] = Key[(i * 4) + 2];
 80005d4:	788c      	ldrb	r4, [r1, #2]
 80005d6:	709c      	strb	r4, [r3, #2]
    RoundKey[(i * 4) + 3] = Key[(i * 4) + 3];
 80005d8:	78cc      	ldrb	r4, [r1, #3]
 80005da:	70dc      	strb	r4, [r3, #3]
  for (i = 0; i < Nk; ++i)
 80005dc:	3104      	adds	r1, #4
 80005de:	4291      	cmp	r1, r2
 80005e0:	f103 0304 	add.w	r3, r3, #4
 80005e4:	d1f2      	bne.n	80005cc <AES_init_ctx+0x8>
        tempa[0] = getSBoxValue(tempa[0]);
 80005e6:	4e11      	ldr	r6, [pc, #68]	@ (800062c <AES_init_ctx+0x68>)
  for (i = Nk; i < Nb * (Nr + 1); ++i)
 80005e8:	2204      	movs	r2, #4
    if (i % Nk == 0)
 80005ea:	0797      	lsls	r7, r2, #30
      tempa[0]=RoundKey[k + 0];
 80005ec:	7b03      	ldrb	r3, [r0, #12]
      tempa[1]=RoundKey[k + 1];
 80005ee:	7b45      	ldrb	r5, [r0, #13]
      tempa[2]=RoundKey[k + 2];
 80005f0:	7b84      	ldrb	r4, [r0, #14]
      tempa[3]=RoundKey[k + 3];
 80005f2:	7bc1      	ldrb	r1, [r0, #15]
    if (i % Nk == 0)
 80005f4:	d108      	bne.n	8000608 <AES_init_ctx+0x44>
        tempa[0] = getSBoxValue(tempa[0]);
 80005f6:	5d77      	ldrb	r7, [r6, r5]
        tempa[1] = getSBoxValue(tempa[1]);
 80005f8:	5d35      	ldrb	r5, [r6, r4]
        tempa[2] = getSBoxValue(tempa[2]);
 80005fa:	5c74      	ldrb	r4, [r6, r1]
        tempa[3] = getSBoxValue(tempa[3]);
 80005fc:	5cf1      	ldrb	r1, [r6, r3]
      tempa[0] = tempa[0] ^ Rcon[i/Nk];
 80005fe:	eb06 0392 	add.w	r3, r6, r2, lsr #2
 8000602:	f893 3100 	ldrb.w	r3, [r3, #256]	@ 0x100
 8000606:	407b      	eors	r3, r7
    RoundKey[j + 0] = RoundKey[k + 0] ^ tempa[0];
 8000608:	7807      	ldrb	r7, [r0, #0]
 800060a:	407b      	eors	r3, r7
 800060c:	7403      	strb	r3, [r0, #16]
    RoundKey[j + 1] = RoundKey[k + 1] ^ tempa[1];
 800060e:	7843      	ldrb	r3, [r0, #1]
 8000610:	405d      	eors	r5, r3
    RoundKey[j + 2] = RoundKey[k + 2] ^ tempa[2];
 8000612:	7883      	ldrb	r3, [r0, #2]
    RoundKey[j + 1] = RoundKey[k + 1] ^ tempa[1];
 8000614:	7445      	strb	r5, [r0, #17]
    RoundKey[j + 2] = RoundKey[k + 2] ^ tempa[2];
 8000616:	405c      	eors	r4, r3
    RoundKey[j + 3] = RoundKey[k + 3] ^ tempa[3];
 8000618:	78c3      	ldrb	r3, [r0, #3]
    RoundKey[j + 2] = RoundKey[k + 2] ^ tempa[2];
 800061a:	7484      	strb	r4, [r0, #18]
  for (i = Nk; i < Nb * (Nr + 1); ++i)
 800061c:	3201      	adds	r2, #1
    RoundKey[j + 3] = RoundKey[k + 3] ^ tempa[3];
 800061e:	4059      	eors	r1, r3
  for (i = Nk; i < Nb * (Nr + 1); ++i)
 8000620:	2a2c      	cmp	r2, #44	@ 0x2c
    RoundKey[j + 3] = RoundKey[k + 3] ^ tempa[3];
 8000622:	74c1      	strb	r1, [r0, #19]
  for (i = Nk; i < Nb * (Nr + 1); ++i)
 8000624:	f100 0004 	add.w	r0, r0, #4
 8000628:	d1df      	bne.n	80005ea <AES_init_ctx+0x26>
}
 800062a:	bdf0      	pop	{r4, r5, r6, r7, pc}
 800062c:	08001774 	.word	0x08001774

08000630 <AES_ECB_encrypt>:
/*****************************************************************************/
#if defined(ECB) && (ECB == 1)


void AES_ECB_encrypt(const struct AES_ctx* ctx, uint8_t* buf)
{
 8000630:	e92d 4ff7 	stmdb	sp!, {r0, r1, r2, r4, r5, r6, r7, r8, r9, sl, fp, lr}
 8000634:	460c      	mov	r4, r1
 8000636:	4602      	mov	r2, r0
  AddRoundKey(0, state, RoundKey);
 8000638:	2000      	movs	r0, #0
 800063a:	f7ff ffa5 	bl	8000588 <AddRoundKey>
  for (round = 1; ; ++round)
 800063e:	1d23      	adds	r3, r4, #4
 8000640:	2501      	movs	r5, #1
 8000642:	9300      	str	r3, [sp, #0]
 8000644:	f104 0910 	add.w	r9, r4, #16
  for (i = 0; i < 4; ++i)
 8000648:	4621      	mov	r1, r4
  for (round = 1; ; ++round)
 800064a:	4620      	mov	r0, r4
 800064c:	2300      	movs	r3, #0
      (*state)[j][i] = getSBoxValue((*state)[j][i]);
 800064e:	f810 6023 	ldrb.w	r6, [r0, r3, lsl #2]
 8000652:	4f32      	ldr	r7, [pc, #200]	@ (800071c <AES_ECB_encrypt+0xec>)
 8000654:	5dbe      	ldrb	r6, [r7, r6]
 8000656:	f800 6023 	strb.w	r6, [r0, r3, lsl #2]
    for (j = 0; j < 4; ++j)
 800065a:	3301      	adds	r3, #1
 800065c:	2b04      	cmp	r3, #4
 800065e:	d1f6      	bne.n	800064e <AES_ECB_encrypt+0x1e>
  for (i = 0; i < 4; ++i)
 8000660:	9b00      	ldr	r3, [sp, #0]
 8000662:	3001      	adds	r0, #1
 8000664:	4283      	cmp	r3, r0
 8000666:	d1f1      	bne.n	800064c <AES_ECB_encrypt+0x1c>
  (*state)[0][1] = (*state)[1][1];
 8000668:	7960      	ldrb	r0, [r4, #5]
  temp           = (*state)[0][1];
 800066a:	7863      	ldrb	r3, [r4, #1]
  (*state)[0][1] = (*state)[1][1];
 800066c:	7060      	strb	r0, [r4, #1]
  (*state)[1][1] = (*state)[2][1];
 800066e:	7a60      	ldrb	r0, [r4, #9]
 8000670:	7160      	strb	r0, [r4, #5]
  (*state)[2][1] = (*state)[3][1];
 8000672:	7b60      	ldrb	r0, [r4, #13]
 8000674:	7260      	strb	r0, [r4, #9]
  (*state)[0][2] = (*state)[2][2];
 8000676:	7aa0      	ldrb	r0, [r4, #10]
  (*state)[3][1] = temp;
 8000678:	7363      	strb	r3, [r4, #13]
  temp           = (*state)[0][2];
 800067a:	78a3      	ldrb	r3, [r4, #2]
  (*state)[0][2] = (*state)[2][2];
 800067c:	70a0      	strb	r0, [r4, #2]
  (*state)[1][2] = (*state)[3][2];
 800067e:	7ba0      	ldrb	r0, [r4, #14]
  (*state)[2][2] = temp;
 8000680:	72a3      	strb	r3, [r4, #10]
  temp           = (*state)[1][2];
 8000682:	79a3      	ldrb	r3, [r4, #6]
  (*state)[1][2] = (*state)[3][2];
 8000684:	71a0      	strb	r0, [r4, #6]
  (*state)[0][3] = (*state)[3][3];
 8000686:	7be0      	ldrb	r0, [r4, #15]
  (*state)[3][2] = temp;
 8000688:	73a3      	strb	r3, [r4, #14]
  temp           = (*state)[0][3];
 800068a:	78e3      	ldrb	r3, [r4, #3]
  (*state)[0][3] = (*state)[3][3];
 800068c:	70e0      	strb	r0, [r4, #3]
  (*state)[3][3] = (*state)[2][3];
 800068e:	7ae0      	ldrb	r0, [r4, #11]
 8000690:	73e0      	strb	r0, [r4, #15]
    if (round == Nr) {
 8000692:	2d0a      	cmp	r5, #10
  (*state)[2][3] = (*state)[1][3];
 8000694:	79e0      	ldrb	r0, [r4, #7]
 8000696:	72e0      	strb	r0, [r4, #11]
  (*state)[1][3] = temp;
 8000698:	71e3      	strb	r3, [r4, #7]
    if (round == Nr) {
 800069a:	d037      	beq.n	800070c <AES_ECB_encrypt+0xdc>
    t   = (*state)[i][0];
 800069c:	f891 b000 	ldrb.w	fp, [r1]
    Tmp = (*state)[i][0] ^ (*state)[i][1] ^ (*state)[i][2] ^ (*state)[i][3] ;
 80006a0:	784f      	ldrb	r7, [r1, #1]
 80006a2:	788e      	ldrb	r6, [r1, #2]
 80006a4:	f891 a003 	ldrb.w	sl, [r1, #3]
 80006a8:	ea8b 0007 	eor.w	r0, fp, r7
 80006ac:	ea86 030a 	eor.w	r3, r6, sl
 80006b0:	ea80 0803 	eor.w	r8, r0, r3
 80006b4:	9301      	str	r3, [sp, #4]
    Tm  = (*state)[i][0] ^ (*state)[i][1] ; Tm = xtime(Tm);  (*state)[i][0] ^= Tm ^ Tmp ;
 80006b6:	f7ff ff7b 	bl	80005b0 <xtime>
 80006ba:	ea8b 0000 	eor.w	r0, fp, r0
 80006be:	ea88 0000 	eor.w	r0, r8, r0
 80006c2:	7008      	strb	r0, [r1, #0]
    Tm  = (*state)[i][1] ^ (*state)[i][2] ; Tm = xtime(Tm);  (*state)[i][1] ^= Tm ^ Tmp ;
 80006c4:	ea87 0006 	eor.w	r0, r7, r6
 80006c8:	f7ff ff72 	bl	80005b0 <xtime>
    Tm  = (*state)[i][2] ^ (*state)[i][3] ; Tm = xtime(Tm);  (*state)[i][2] ^= Tm ^ Tmp ;
 80006cc:	9b01      	ldr	r3, [sp, #4]
    Tm  = (*state)[i][1] ^ (*state)[i][2] ; Tm = xtime(Tm);  (*state)[i][1] ^= Tm ^ Tmp ;
 80006ce:	4047      	eors	r7, r0
 80006d0:	ea88 0707 	eor.w	r7, r8, r7
 80006d4:	704f      	strb	r7, [r1, #1]
    Tm  = (*state)[i][2] ^ (*state)[i][3] ; Tm = xtime(Tm);  (*state)[i][2] ^= Tm ^ Tmp ;
 80006d6:	4618      	mov	r0, r3
 80006d8:	f7ff ff6a 	bl	80005b0 <xtime>
 80006dc:	4046      	eors	r6, r0
 80006de:	ea88 0606 	eor.w	r6, r8, r6
 80006e2:	708e      	strb	r6, [r1, #2]
    Tm  = (*state)[i][3] ^ t ;              Tm = xtime(Tm);  (*state)[i][3] ^= Tm ^ Tmp ;
 80006e4:	ea8b 000a 	eor.w	r0, fp, sl
 80006e8:	f7ff ff62 	bl	80005b0 <xtime>
 80006ec:	ea8a 0a00 	eor.w	sl, sl, r0
 80006f0:	ea88 080a 	eor.w	r8, r8, sl
 80006f4:	f881 8003 	strb.w	r8, [r1, #3]
  for (i = 0; i < 4; ++i)
 80006f8:	3104      	adds	r1, #4
 80006fa:	4589      	cmp	r9, r1
 80006fc:	d1ce      	bne.n	800069c <AES_ECB_encrypt+0x6c>
    AddRoundKey(round, state, RoundKey);
 80006fe:	4628      	mov	r0, r5
 8000700:	4621      	mov	r1, r4
  for (round = 1; ; ++round)
 8000702:	3501      	adds	r5, #1
    AddRoundKey(round, state, RoundKey);
 8000704:	f7ff ff40 	bl	8000588 <AddRoundKey>
  for (round = 1; ; ++round)
 8000708:	b2ed      	uxtb	r5, r5
    SubBytes(state);
 800070a:	e79d      	b.n	8000648 <AES_ECB_encrypt+0x18>
  AddRoundKey(Nr, state, RoundKey);
 800070c:	4621      	mov	r1, r4
 800070e:	4628      	mov	r0, r5
  // The next function call encrypts the PlainText with the Key using AES algorithm.
  Cipher((state_t*)buf, ctx->RoundKey);
}
 8000710:	b003      	add	sp, #12
 8000712:	e8bd 4ff0 	ldmia.w	sp!, {r4, r5, r6, r7, r8, r9, sl, fp, lr}
  AddRoundKey(Nr, state, RoundKey);
 8000716:	f7ff bf37 	b.w	8000588 <AddRoundKey>
 800071a:	bf00      	nop
 800071c:	08001774 	.word	0x08001774

08000720 <ss_crc>:


// 0xA6 formerly 
#define CW_CRC 0x4D 
uint8_t ss_crc(uint8_t *buf, uint8_t len)
{
 8000720:	b510      	push	{r4, lr}
 8000722:	4602      	mov	r2, r0
	unsigned int k = 0;
	uint8_t crc = 0x00;
	while (len--) {
 8000724:	4401      	add	r1, r0
	uint8_t crc = 0x00;
 8000726:	2000      	movs	r0, #0
	while (len--) {
 8000728:	428a      	cmp	r2, r1
 800072a:	d100      	bne.n	800072e <ss_crc+0xe>
			crc = crc & 0x80 ? (crc << 1) ^ CW_CRC: crc << 1;
		}
	}
	return crc;

}
 800072c:	bd10      	pop	{r4, pc}
		crc ^= *buf++;
 800072e:	f812 3b01 	ldrb.w	r3, [r2], #1
 8000732:	2408      	movs	r4, #8
 8000734:	4058      	eors	r0, r3
			crc = crc & 0x80 ? (crc << 1) ^ CW_CRC: crc << 1;
 8000736:	f010 0f80 	tst.w	r0, #128	@ 0x80
 800073a:	ea4f 0340 	mov.w	r3, r0, lsl #1
 800073e:	bf18      	it	ne
 8000740:	f083 034d 	eorne.w	r3, r3, #77	@ 0x4d
		for (k = 0; k < 8; k++) {
 8000744:	3c01      	subs	r4, #1
			crc = crc & 0x80 ? (crc << 1) ^ CW_CRC: crc << 1;
 8000746:	b2d8      	uxtb	r0, r3
		for (k = 0; k < 8; k++) {
 8000748:	d1f5      	bne.n	8000736 <ss_crc+0x16>
 800074a:	e7ed      	b.n	8000728 <ss_crc+0x8>

0800074c <stuff_data>:
    return 0x00;

}

uint8_t stuff_data(uint8_t *buf, uint8_t len)
{
 800074c:	b530      	push	{r4, r5, lr}
	uint8_t i = 1;
	uint8_t last = 0;
 800074e:	2200      	movs	r2, #0
 8000750:	4604      	mov	r4, r0
	uint8_t i = 1;
 8000752:	2301      	movs	r3, #1
	for (; i < len; i++) {
 8000754:	428b      	cmp	r3, r1
 8000756:	d301      	bcc.n	800075c <stuff_data+0x10>
			buf[last] = i - last;
			last = i;
		}
	}
	return 0x00;
}
 8000758:	2000      	movs	r0, #0
 800075a:	bd30      	pop	{r4, r5, pc}
		if (buf[i] == FRAME_BYTE) {
 800075c:	f814 5f01 	ldrb.w	r5, [r4, #1]!
 8000760:	b915      	cbnz	r5, 8000768 <stuff_data+0x1c>
			buf[last] = i - last;
 8000762:	1a9d      	subs	r5, r3, r2
 8000764:	5485      	strb	r5, [r0, r2]
 8000766:	461a      	mov	r2, r3
	for (; i < len; i++) {
 8000768:	3301      	adds	r3, #1
 800076a:	b2db      	uxtb	r3, r3
 800076c:	e7f2      	b.n	8000754 <stuff_data+0x8>

0800076e <unstuff_data>:

uint8_t unstuff_data(uint8_t *buf, uint8_t len)
{
 800076e:	b530      	push	{r4, r5, lr}
	uint8_t next = buf[0];
 8000770:	7804      	ldrb	r4, [r0, #0]
	buf[0] = 0x00;
 8000772:	2500      	movs	r5, #0
{
 8000774:	4602      	mov	r2, r0
	buf[0] = 0x00;
 8000776:	7005      	strb	r5, [r0, #0]
	uint8_t next = buf[0];
 8000778:	4620      	mov	r0, r4
	//len -= 1;
	uint8_t tmp = next;
	while ((next < len) && tmp != 0) {
 800077a:	4288      	cmp	r0, r1
 800077c:	d200      	bcs.n	8000780 <unstuff_data+0x12>
 800077e:	b904      	cbnz	r4, 8000782 <unstuff_data+0x14>
		tmp = buf[next];
		buf[next] = FRAME_BYTE;
		next += tmp;
	}
	return next;
}
 8000780:	bd30      	pop	{r4, r5, pc}
		tmp = buf[next];
 8000782:	5c14      	ldrb	r4, [r2, r0]
		buf[next] = FRAME_BYTE;
 8000784:	5415      	strb	r5, [r2, r0]
		next += tmp;
 8000786:	1903      	adds	r3, r0, r4
 8000788:	b2d8      	uxtb	r0, r3
 800078a:	e7f6      	b.n	800077a <unstuff_data+0xc>

0800078c <simpleserial_addcmd>:
	simpleserial_addcmd('v', 0, check_version);
    simpleserial_addcmd('w', 0, ss_get_commands);
}

int simpleserial_addcmd(char c, unsigned int len, uint8_t (*fp)(uint8_t, uint8_t, uint8_t, uint8_t*))
{
 800078c:	b538      	push	{r3, r4, r5, lr}
	if(num_commands >= MAX_SS_CMDS) {
 800078e:	4d0b      	ldr	r5, [pc, #44]	@ (80007bc <simpleserial_addcmd+0x30>)
 8000790:	682b      	ldr	r3, [r5, #0]
 8000792:	2b1f      	cmp	r3, #31
 8000794:	dd04      	ble.n	80007a0 <simpleserial_addcmd+0x14>
		putch('a');
 8000796:	2061      	movs	r0, #97	@ 0x61
		return 1;
	}

	if(len >= MAX_SS_LEN) {
		putch('b');
 8000798:	f000 f9c8 	bl	8000b2c <putch>
		return 1;
 800079c:	2001      	movs	r0, #1
	commands[num_commands].len = len;
	commands[num_commands].fp  = fp;
	num_commands++;

	return 0;
}
 800079e:	bd38      	pop	{r3, r4, r5, pc}
	if(len >= MAX_SS_LEN) {
 80007a0:	29f8      	cmp	r1, #248	@ 0xf8
 80007a2:	d901      	bls.n	80007a8 <simpleserial_addcmd+0x1c>
		putch('b');
 80007a4:	2062      	movs	r0, #98	@ 0x62
 80007a6:	e7f7      	b.n	8000798 <simpleserial_addcmd+0xc>
	commands[num_commands].c   = c;
 80007a8:	240c      	movs	r4, #12
 80007aa:	fb04 5403 	mla	r4, r4, r3, r5
	num_commands++;
 80007ae:	3301      	adds	r3, #1
	commands[num_commands].c   = c;
 80007b0:	7120      	strb	r0, [r4, #4]
	commands[num_commands].fp  = fp;
 80007b2:	e9c4 1202 	strd	r1, r2, [r4, #8]
	num_commands++;
 80007b6:	602b      	str	r3, [r5, #0]
	return 0;
 80007b8:	2000      	movs	r0, #0
 80007ba:	e7f0      	b.n	800079e <simpleserial_addcmd+0x12>
 80007bc:	200002fc 	.word	0x200002fc

080007c0 <simpleserial_init>:
{
 80007c0:	b508      	push	{r3, lr}
	simpleserial_addcmd('v', 0, check_version);
 80007c2:	4a06      	ldr	r2, [pc, #24]	@ (80007dc <simpleserial_init+0x1c>)
 80007c4:	2100      	movs	r1, #0
 80007c6:	2076      	movs	r0, #118	@ 0x76
 80007c8:	f7ff ffe0 	bl	800078c <simpleserial_addcmd>
}
 80007cc:	e8bd 4008 	ldmia.w	sp!, {r3, lr}
    simpleserial_addcmd('w', 0, ss_get_commands);
 80007d0:	4a03      	ldr	r2, [pc, #12]	@ (80007e0 <simpleserial_init+0x20>)
 80007d2:	2100      	movs	r1, #0
 80007d4:	2077      	movs	r0, #119	@ 0x77
 80007d6:	f7ff bfd9 	b.w	800078c <simpleserial_addcmd>
 80007da:	bf00      	nop
 80007dc:	08000847 	.word	0x08000847
 80007e0:	08000865 	.word	0x08000865

080007e4 <simpleserial_put>:
	simpleserial_put('e', 0x01, &err);
	return;
}

void simpleserial_put(char c, uint8_t size, uint8_t* output)
{
 80007e4:	b570      	push	{r4, r5, r6, lr}
 80007e6:	460c      	mov	r4, r1
 80007e8:	b0c0      	sub	sp, #256	@ 0x100
    if (!output) return;
 80007ea:	4611      	mov	r1, r2
 80007ec:	b34a      	cbz	r2, 8000842 <simpleserial_put+0x5e>
	data_buf[0] = 0x00;
	data_buf[1] = c;
	data_buf[2] = size;
	int i = 0;
	for (; i < size; i++) {
		data_buf[i + 3] = output[i];
 80007ee:	4622      	mov	r2, r4
	data_buf[0] = 0x00;
 80007f0:	2500      	movs	r5, #0
	data_buf[1] = c;
 80007f2:	f88d 0005 	strb.w	r0, [sp, #5]
		data_buf[i + 3] = output[i];
 80007f6:	f10d 0007 	add.w	r0, sp, #7
	data_buf[2] = size;
 80007fa:	f88d 4006 	strb.w	r4, [sp, #6]
	data_buf[0] = 0x00;
 80007fe:	f88d 5004 	strb.w	r5, [sp, #4]
		data_buf[i + 3] = output[i];
 8000802:	f7ff fd2d 	bl	8000260 <memcpy>
	}
	data_buf[i + 3] = ss_crc(data_buf+1, size+2);
 8000806:	1ca1      	adds	r1, r4, #2
 8000808:	b2c9      	uxtb	r1, r1
 800080a:	f10d 0005 	add.w	r0, sp, #5
 800080e:	f7ff ff87 	bl	8000720 <ss_crc>
 8000812:	f504 7380 	add.w	r3, r4, #256	@ 0x100
 8000816:	446b      	add	r3, sp
	data_buf[i + 4] = 0x00;
 8000818:	1d26      	adds	r6, r4, #4
	data_buf[i + 3] = ss_crc(data_buf+1, size+2);
 800081a:	f803 0cf9 	strb.w	r0, [r3, #-249]
	data_buf[i + 4] = 0x00;
 800081e:	f506 7380 	add.w	r3, r6, #256	@ 0x100
 8000822:	446b      	add	r3, sp
	stuff_data(data_buf, i + 5);
 8000824:	1d61      	adds	r1, r4, #5
 8000826:	b2c9      	uxtb	r1, r1
 8000828:	a801      	add	r0, sp, #4
	data_buf[i + 4] = 0x00;
 800082a:	f803 5cfc 	strb.w	r5, [r3, #-252]
	stuff_data(data_buf, i + 5);
 800082e:	f7ff ff8d 	bl	800074c <stuff_data>
	for (int i = 0; i < size + 5; i++) {
 8000832:	ac01      	add	r4, sp, #4
		putch(data_buf[i]);
 8000834:	f814 0b01 	ldrb.w	r0, [r4], #1
	for (int i = 0; i < size + 5; i++) {
 8000838:	3501      	adds	r5, #1
		putch(data_buf[i]);
 800083a:	f000 f977 	bl	8000b2c <putch>
	for (int i = 0; i < size + 5; i++) {
 800083e:	42ae      	cmp	r6, r5
 8000840:	daf8      	bge.n	8000834 <simpleserial_put+0x50>
	}
}
 8000842:	b040      	add	sp, #256	@ 0x100
 8000844:	bd70      	pop	{r4, r5, r6, pc}

08000846 <check_version>:
{
 8000846:	b507      	push	{r0, r1, r2, lr}
	uint8_t ver = SS_VER;
 8000848:	2303      	movs	r3, #3
	simpleserial_put('r', 1, &ver);
 800084a:	f10d 0207 	add.w	r2, sp, #7
 800084e:	2101      	movs	r1, #1
 8000850:	2072      	movs	r0, #114	@ 0x72
	uint8_t ver = SS_VER;
 8000852:	f88d 3007 	strb.w	r3, [sp, #7]
	simpleserial_put('r', 1, &ver);
 8000856:	f7ff ffc5 	bl	80007e4 <simpleserial_put>
}
 800085a:	2000      	movs	r0, #0
 800085c:	b003      	add	sp, #12
 800085e:	f85d fb04 	ldr.w	pc, [sp], #4
 8000862:	0000      	movs	r0, r0

08000864 <ss_get_commands>:
{
 8000864:	b530      	push	{r4, r5, lr}
    for (uint8_t i = 0; i < (num_commands & 0xFF); i++) {
 8000866:	480d      	ldr	r0, [pc, #52]	@ (800089c <ss_get_commands+0x38>)
 8000868:	7801      	ldrb	r1, [r0, #0]
{
 800086a:	b089      	sub	sp, #36	@ 0x24
    for (uint8_t i = 0; i < (num_commands & 0xFF); i++) {
 800086c:	2200      	movs	r2, #0
        cmd_chars[i] = commands[i].c;
 800086e:	240c      	movs	r4, #12
    for (uint8_t i = 0; i < (num_commands & 0xFF); i++) {
 8000870:	b2d3      	uxtb	r3, r2
 8000872:	428b      	cmp	r3, r1
 8000874:	f102 0201 	add.w	r2, r2, #1
 8000878:	db06      	blt.n	8000888 <ss_get_commands+0x24>
    simpleserial_put('r', num_commands & 0xFF, (void *)cmd_chars);
 800087a:	466a      	mov	r2, sp
 800087c:	2072      	movs	r0, #114	@ 0x72
 800087e:	f7ff ffb1 	bl	80007e4 <simpleserial_put>
}
 8000882:	2000      	movs	r0, #0
 8000884:	b009      	add	sp, #36	@ 0x24
 8000886:	bd30      	pop	{r4, r5, pc}
        cmd_chars[i] = commands[i].c;
 8000888:	f103 0520 	add.w	r5, r3, #32
 800088c:	fb04 0303 	mla	r3, r4, r3, r0
 8000890:	446d      	add	r5, sp
 8000892:	791b      	ldrb	r3, [r3, #4]
 8000894:	f805 3c20 	strb.w	r3, [r5, #-32]
    for (uint8_t i = 0; i < (num_commands & 0xFF); i++) {
 8000898:	e7ea      	b.n	8000870 <ss_get_commands+0xc>
 800089a:	bf00      	nop
 800089c:	200002fc 	.word	0x200002fc

080008a0 <simpleserial_get>:
{
 80008a0:	e92d 47f0 	stmdb	sp!, {r4, r5, r6, r7, r8, r9, sl, lr}
 80008a4:	b0c0      	sub	sp, #256	@ 0x100
	uint8_t err = 0;
 80008a6:	2400      	movs	r4, #0
 80008a8:	ad01      	add	r5, sp, #4
 80008aa:	f88d 4003 	strb.w	r4, [sp, #3]
	for (int i = 0; i < 4; i++) {
 80008ae:	46a9      	mov	r9, r5
		data_buf[i] = getch(); //PTR, cmd, scmd, len
 80008b0:	f000 f922 	bl	8000af8 <getch>
 80008b4:	f805 0b01 	strb.w	r0, [r5], #1
		if (data_buf[i] == FRAME_BYTE) {
 80008b8:	b958      	cbnz	r0, 80008d2 <simpleserial_get+0x32>
			goto ERROR;
 80008ba:	2005      	movs	r0, #5
			err = SS_ERR_FRAME_BYTE;
 80008bc:	f88d 0003 	strb.w	r0, [sp, #3]
	simpleserial_put('e', 0x01, &err);
 80008c0:	f10d 0203 	add.w	r2, sp, #3
 80008c4:	2101      	movs	r1, #1
 80008c6:	2065      	movs	r0, #101	@ 0x65
 80008c8:	f7ff ff8c 	bl	80007e4 <simpleserial_put>
}
 80008cc:	b040      	add	sp, #256	@ 0x100
 80008ce:	e8bd 87f0 	ldmia.w	sp!, {r4, r5, r6, r7, r8, r9, sl, pc}
	for (int i = 0; i < 4; i++) {
 80008d2:	3401      	adds	r4, #1
 80008d4:	2c04      	cmp	r4, #4
 80008d6:	d1eb      	bne.n	80008b0 <simpleserial_get+0x10>
	uint8_t next_frame = unstuff_data(data_buf, 4);
 80008d8:	4621      	mov	r1, r4
 80008da:	4648      	mov	r0, r9
 80008dc:	f7ff ff47 	bl	800076e <unstuff_data>
	for(c = 0; c < num_commands; c++)
 80008e0:	4e2c      	ldr	r6, [pc, #176]	@ (8000994 <simpleserial_get+0xf4>)
		if(commands[c].c == data_buf[1])
 80008e2:	f89d 1005 	ldrb.w	r1, [sp, #5]
	for(c = 0; c < num_commands; c++)
 80008e6:	6832      	ldr	r2, [r6, #0]
	uint8_t next_frame = unstuff_data(data_buf, 4);
 80008e8:	4607      	mov	r7, r0
	for(c = 0; c < num_commands; c++)
 80008ea:	2300      	movs	r3, #0
		if(commands[c].c == data_buf[1])
 80008ec:	200c      	movs	r0, #12
	for(c = 0; c < num_commands; c++)
 80008ee:	fa5f f883 	uxtb.w	r8, r3
 80008f2:	4590      	cmp	r8, r2
 80008f4:	db02      	blt.n	80008fc <simpleserial_get+0x5c>
	if (c == num_commands) {
 80008f6:	d107      	bne.n	8000908 <simpleserial_get+0x68>
 80008f8:	2001      	movs	r0, #1
 80008fa:	e7df      	b.n	80008bc <simpleserial_get+0x1c>
		if(commands[c].c == data_buf[1])
 80008fc:	fb00 6508 	mla	r5, r0, r8, r6
 8000900:	3301      	adds	r3, #1
 8000902:	792d      	ldrb	r5, [r5, #4]
 8000904:	428d      	cmp	r5, r1
 8000906:	d1f2      	bne.n	80008ee <simpleserial_get+0x4e>
	if ((data_buf[3] + 5) < next_frame) {
 8000908:	f89d 3007 	ldrb.w	r3, [sp, #7]
 800090c:	3305      	adds	r3, #5
 800090e:	42bb      	cmp	r3, r7
 8000910:	da02      	bge.n	8000918 <simpleserial_get+0x78>
		goto ERROR;
 8000912:	2004      	movs	r0, #4
 8000914:	e7d2      	b.n	80008bc <simpleserial_get+0x1c>
	for (; i < data_buf[3] + 5; i++) {
 8000916:	462c      	mov	r4, r5
		data_buf[i] = getch();
 8000918:	f000 f8ee 	bl	8000af8 <getch>
 800091c:	f809 0004 	strb.w	r0, [r9, r4]
		if (data_buf[i] == FRAME_BYTE) {
 8000920:	2800      	cmp	r0, #0
 8000922:	d0ca      	beq.n	80008ba <simpleserial_get+0x1a>
	for (; i < data_buf[3] + 5; i++) {
 8000924:	f89d 3007 	ldrb.w	r3, [sp, #7]
 8000928:	1c65      	adds	r5, r4, #1
 800092a:	3304      	adds	r3, #4
 800092c:	42ab      	cmp	r3, r5
 800092e:	daf2      	bge.n	8000916 <simpleserial_get+0x76>
	data_buf[i] = getch();
 8000930:	f000 f8e2 	bl	8000af8 <getch>
 8000934:	f505 7380 	add.w	r3, r5, #256	@ 0x100
 8000938:	446b      	add	r3, sp
 800093a:	f803 0cfc 	strb.w	r0, [r3, #-252]
	if (data_buf[i] != FRAME_BYTE) {
 800093e:	2800      	cmp	r0, #0
 8000940:	d1e7      	bne.n	8000912 <simpleserial_get+0x72>
	unstuff_data(data_buf + next_frame, i - next_frame + 1);
 8000942:	f1c7 0301 	rsb	r3, r7, #1
 8000946:	fa53 f185 	uxtab	r1, r3, r5
 800094a:	b2c9      	uxtb	r1, r1
 800094c:	fa5f fa85 	uxtb.w	sl, r5
 8000950:	eb09 0007 	add.w	r0, r9, r7
 8000954:	f7ff ff0b 	bl	800076e <unstuff_data>
	uint8_t crc = ss_crc(data_buf+1, i-2);
 8000958:	f1aa 0102 	sub.w	r1, sl, #2
 800095c:	b2c9      	uxtb	r1, r1
 800095e:	f10d 0005 	add.w	r0, sp, #5
 8000962:	f7ff fedd 	bl	8000720 <ss_crc>
	if (crc != data_buf[i-1]) {
 8000966:	f504 7380 	add.w	r3, r4, #256	@ 0x100
 800096a:	eb0d 0403 	add.w	r4, sp, r3
 800096e:	f814 3cfc 	ldrb.w	r3, [r4, #-252]
 8000972:	4283      	cmp	r3, r0
 8000974:	d10c      	bne.n	8000990 <simpleserial_get+0xf0>
	err = commands[c].fp(data_buf[1], data_buf[2], data_buf[3], data_buf+4);
 8000976:	230c      	movs	r3, #12
 8000978:	fb03 6608 	mla	r6, r3, r8, r6
 800097c:	f89d 2007 	ldrb.w	r2, [sp, #7]
 8000980:	68f4      	ldr	r4, [r6, #12]
 8000982:	f89d 1006 	ldrb.w	r1, [sp, #6]
 8000986:	f89d 0005 	ldrb.w	r0, [sp, #5]
 800098a:	ab02      	add	r3, sp, #8
 800098c:	47a0      	blx	r4
 800098e:	e795      	b.n	80008bc <simpleserial_get+0x1c>
 8000990:	2002      	movs	r0, #2
 8000992:	e793      	b.n	80008bc <simpleserial_get+0x1c>
 8000994:	200002fc 	.word	0x200002fc

08000998 <platform_init>:

UART_HandleTypeDef UartHandle;


void platform_init(void)
{
 8000998:	b570      	push	{r4, r5, r6, lr}
 800099a:	b096      	sub	sp, #88	@ 0x58
     HAL_RCC_ClockConfig(&RCC_ClkInitStruct, flash_latency);
  #else
     RCC_OscInitTypeDef RCC_OscInitStruct;
     RCC_OscInitStruct.OscillatorType = RCC_OSCILLATORTYPE_HSE | RCC_OSCILLATORTYPE_HSI;
     RCC_OscInitStruct.HSEState       = RCC_HSE_BYPASS;
     RCC_OscInitStruct.HSIState       = RCC_HSI_OFF;
 800099c:	2400      	movs	r4, #0
     RCC_OscInitStruct.HSEState       = RCC_HSE_BYPASS;
 800099e:	2603      	movs	r6, #3
 80009a0:	f44f 23a0 	mov.w	r3, #327680	@ 0x50000
     RCC_OscInitStruct.PLL.PLLSource  = RCC_PLL_NONE;
     HAL_RCC_OscConfig(&RCC_OscInitStruct);
 80009a4:	a80c      	add	r0, sp, #48	@ 0x30

     RCC_ClkInitTypeDef RCC_ClkInitStruct;
     RCC_ClkInitStruct.ClockType      = (RCC_CLOCKTYPE_SYSCLK | RCC_CLOCKTYPE_HCLK | RCC_CLOCKTYPE_PCLK1 | RCC_CLOCKTYPE_PCLK2);
     RCC_ClkInitStruct.SYSCLKSource   = RCC_SYSCLKSOURCE_HSE;
 80009a6:	2501      	movs	r5, #1
     RCC_OscInitStruct.HSEState       = RCC_HSE_BYPASS;
 80009a8:	e9cd 630c 	strd	r6, r3, [sp, #48]	@ 0x30
     RCC_OscInitStruct.HSIState       = RCC_HSI_OFF;
 80009ac:	9410      	str	r4, [sp, #64]	@ 0x40
     RCC_OscInitStruct.PLL.PLLSource  = RCC_PLL_NONE;
 80009ae:	9414      	str	r4, [sp, #80]	@ 0x50
     HAL_RCC_OscConfig(&RCC_OscInitStruct);
 80009b0:	f000 f8d4 	bl	8000b5c <HAL_RCC_OscConfig>
     RCC_ClkInitStruct.SYSCLKSource   = RCC_SYSCLKSOURCE_HSE;
 80009b4:	230f      	movs	r3, #15
     RCC_ClkInitStruct.AHBCLKDivider  = RCC_SYSCLK_DIV1;
     RCC_ClkInitStruct.APB1CLKDivider = RCC_HCLK_DIV1;
     RCC_ClkInitStruct.APB2CLKDivider = RCC_HCLK_DIV1;
     uint32_t flash_latency = 0;
     HAL_RCC_ClockConfig(&RCC_ClkInitStruct, flash_latency);
 80009b6:	4621      	mov	r1, r4
 80009b8:	a802      	add	r0, sp, #8
     RCC_ClkInitStruct.SYSCLKSource   = RCC_SYSCLKSOURCE_HSE;
 80009ba:	e9cd 3502 	strd	r3, r5, [sp, #8]
     RCC_ClkInitStruct.APB1CLKDivider = RCC_HCLK_DIV1;
 80009be:	e9cd 4404 	strd	r4, r4, [sp, #16]
     RCC_ClkInitStruct.APB2CLKDivider = RCC_HCLK_DIV1;
 80009c2:	9406      	str	r4, [sp, #24]
     HAL_RCC_ClockConfig(&RCC_ClkInitStruct, flash_latency);
 80009c4:	f000 fb1c 	bl	8001000 <HAL_RCC_ClockConfig>




#if (PLATFORM==CWLITEARM)
  __HAL_RCC_GPIOC_CLK_ENABLE();
 80009c8:	4b11      	ldr	r3, [pc, #68]	@ (8000a10 <platform_init+0x78>)
 80009ca:	695a      	ldr	r2, [r3, #20]
 80009cc:	f442 2200 	orr.w	r2, r2, #524288	@ 0x80000
 80009d0:	615a      	str	r2, [r3, #20]
 80009d2:	695b      	ldr	r3, [r3, #20]
  GPIO_InitTypeDef GpioInit;
  GpioInit.Pin       = GPIO_PIN_13 | GPIO_PIN_14;
  GpioInit.Mode      = GPIO_MODE_OUTPUT_PP;
  GpioInit.Pull      = GPIO_NOPULL;
  GpioInit.Speed     = GPIO_SPEED_FREQ_HIGH;
 80009d4:	e9cd 4609 	strd	r4, r6, [sp, #36]	@ 0x24
  __HAL_RCC_GPIOC_CLK_ENABLE();
 80009d8:	f403 2300 	and.w	r3, r3, #524288	@ 0x80000
  HAL_GPIO_Init(GPIOC, &GpioInit);
 80009dc:	4c0d      	ldr	r4, [pc, #52]	@ (8000a14 <platform_init+0x7c>)
  __HAL_RCC_GPIOC_CLK_ENABLE();
 80009de:	9301      	str	r3, [sp, #4]
 80009e0:	9b01      	ldr	r3, [sp, #4]
  HAL_GPIO_Init(GPIOC, &GpioInit);
 80009e2:	a907      	add	r1, sp, #28
  GpioInit.Pin       = GPIO_PIN_13 | GPIO_PIN_14;
 80009e4:	f44f 43c0 	mov.w	r3, #24576	@ 0x6000
  HAL_GPIO_Init(GPIOC, &GpioInit);
 80009e8:	4620      	mov	r0, r4
  GpioInit.Mode      = GPIO_MODE_OUTPUT_PP;
 80009ea:	e9cd 3507 	strd	r3, r5, [sp, #28]
  HAL_GPIO_Init(GPIOC, &GpioInit);
 80009ee:	f000 fba7 	bl	8001140 <HAL_GPIO_Init>

  HAL_GPIO_WritePin(GPIOC, GPIO_PIN_13, SET);
 80009f2:	462a      	mov	r2, r5
 80009f4:	4620      	mov	r0, r4
 80009f6:	f44f 5100 	mov.w	r1, #8192	@ 0x2000
 80009fa:	f000 fc61 	bl	80012c0 <HAL_GPIO_WritePin>
  HAL_GPIO_WritePin(GPIOC, GPIO_PIN_14, SET);
 80009fe:	462a      	mov	r2, r5
 8000a00:	f44f 4180 	mov.w	r1, #16384	@ 0x4000
 8000a04:	4620      	mov	r0, r4
 8000a06:	f000 fc5b 	bl	80012c0 <HAL_GPIO_WritePin>
#endif
}
 8000a0a:	b016      	add	sp, #88	@ 0x58
 8000a0c:	bd70      	pop	{r4, r5, r6, pc}
 8000a0e:	bf00      	nop
 8000a10:	40021000 	.word	0x40021000
 8000a14:	48000800 	.word	0x48000800

08000a18 <init_uart>:

void init_uart(void)
{
 8000a18:	b510      	push	{r4, lr}
  GPIO_InitTypeDef GpioInit;
  GpioInit.Pin       = GPIO_PIN_9 | GPIO_PIN_10;
  GpioInit.Mode      = GPIO_MODE_AF_PP;
 8000a1a:	f44f 62c0 	mov.w	r2, #1536	@ 0x600
{
 8000a1e:	b088      	sub	sp, #32
  GpioInit.Mode      = GPIO_MODE_AF_PP;
 8000a20:	2302      	movs	r3, #2
 8000a22:	e9cd 2303 	strd	r2, r3, [sp, #12]
  GpioInit.Pull      = GPIO_PULLUP;
  GpioInit.Speed     = GPIO_SPEED_FREQ_HIGH;
 8000a26:	2101      	movs	r1, #1
 8000a28:	2303      	movs	r3, #3
 8000a2a:	e9cd 1305 	strd	r1, r3, [sp, #20]
  GpioInit.Alternate = GPIO_AF7_USART1;
  __GPIOA_CLK_ENABLE();
 8000a2e:	4c16      	ldr	r4, [pc, #88]	@ (8000a88 <init_uart+0x70>)
  GpioInit.Alternate = GPIO_AF7_USART1;
 8000a30:	2307      	movs	r3, #7
 8000a32:	9307      	str	r3, [sp, #28]
  __GPIOA_CLK_ENABLE();
 8000a34:	6963      	ldr	r3, [r4, #20]
 8000a36:	f443 3300 	orr.w	r3, r3, #131072	@ 0x20000
 8000a3a:	6163      	str	r3, [r4, #20]
 8000a3c:	6963      	ldr	r3, [r4, #20]
 8000a3e:	f403 3300 	and.w	r3, r3, #131072	@ 0x20000
 8000a42:	9301      	str	r3, [sp, #4]
  HAL_GPIO_Init(GPIOA, &GpioInit);
 8000a44:	a903      	add	r1, sp, #12
 8000a46:	f04f 4090 	mov.w	r0, #1207959552	@ 0x48000000
  __GPIOA_CLK_ENABLE();
 8000a4a:	9b01      	ldr	r3, [sp, #4]
  HAL_GPIO_Init(GPIOA, &GpioInit);
 8000a4c:	f000 fb78 	bl	8001140 <HAL_GPIO_Init>

  UartHandle.Instance        = USART1;
 8000a50:	480e      	ldr	r0, [pc, #56]	@ (8000a8c <init_uart+0x74>)
  #if SS_VER==SS_VER_2_1
  UartHandle.Init.BaudRate   = 230400;
 8000a52:	f8df c03c 	ldr.w	ip, [pc, #60]	@ 8000a90 <init_uart+0x78>
 8000a56:	f44f 3361 	mov.w	r3, #230400	@ 0x38400
 8000a5a:	e9c0 c300 	strd	ip, r3, [r0]
  #else
  UartHandle.Init.BaudRate   = 38400;
  #endif
  UartHandle.Init.WordLength = UART_WORDLENGTH_8B;
 8000a5e:	2300      	movs	r3, #0
  UartHandle.Init.StopBits   = UART_STOPBITS_1;
 8000a60:	e9c0 3302 	strd	r3, r3, [r0, #8]
  UartHandle.Init.Parity     = UART_PARITY_NONE;
 8000a64:	6103      	str	r3, [r0, #16]
  UartHandle.Init.HwFlowCtl  = UART_HWCONTROL_NONE;
 8000a66:	6183      	str	r3, [r0, #24]
  UartHandle.Init.Mode       = UART_MODE_TX_RX;
 8000a68:	230c      	movs	r3, #12
 8000a6a:	6143      	str	r3, [r0, #20]
  __USART1_CLK_ENABLE();
 8000a6c:	69a3      	ldr	r3, [r4, #24]
 8000a6e:	f443 4380 	orr.w	r3, r3, #16384	@ 0x4000
 8000a72:	61a3      	str	r3, [r4, #24]
 8000a74:	69a3      	ldr	r3, [r4, #24]
 8000a76:	f403 4380 	and.w	r3, r3, #16384	@ 0x4000
 8000a7a:	9302      	str	r3, [sp, #8]
 8000a7c:	9b02      	ldr	r3, [sp, #8]
  HAL_UART_Init(&UartHandle);
 8000a7e:	f000 fd5b 	bl	8001538 <HAL_UART_Init>
}
 8000a82:	b008      	add	sp, #32
 8000a84:	bd10      	pop	{r4, pc}
 8000a86:	bf00      	nop
 8000a88:	40021000 	.word	0x40021000
 8000a8c:	20000480 	.word	0x20000480
 8000a90:	40013800 	.word	0x40013800

08000a94 <trigger_setup>:

void trigger_setup(void)
{
  __HAL_RCC_GPIOA_CLK_ENABLE();
 8000a94:	4b10      	ldr	r3, [pc, #64]	@ (8000ad8 <trigger_setup+0x44>)
{
 8000a96:	b530      	push	{r4, r5, lr}
  __HAL_RCC_GPIOA_CLK_ENABLE();
 8000a98:	695a      	ldr	r2, [r3, #20]
 8000a9a:	f442 3200 	orr.w	r2, r2, #131072	@ 0x20000
 8000a9e:	615a      	str	r2, [r3, #20]
 8000aa0:	695b      	ldr	r3, [r3, #20]
{
 8000aa2:	b087      	sub	sp, #28
  __HAL_RCC_GPIOA_CLK_ENABLE();
 8000aa4:	f403 3300 	and.w	r3, r3, #131072	@ 0x20000
 8000aa8:	9300      	str	r3, [sp, #0]
 8000aaa:	9b00      	ldr	r3, [sp, #0]

  GPIO_InitTypeDef GpioInit;
  GpioInit.Pin       = GPIO_PIN_12;
  GpioInit.Mode      = GPIO_MODE_OUTPUT_PP;
 8000aac:	f44f 5480 	mov.w	r4, #4096	@ 0x1000
 8000ab0:	2301      	movs	r3, #1
 8000ab2:	e9cd 4301 	strd	r4, r3, [sp, #4]
  GpioInit.Pull      = GPIO_NOPULL;
  GpioInit.Speed     = GPIO_SPEED_FREQ_HIGH;
 8000ab6:	2500      	movs	r5, #0
 8000ab8:	2303      	movs	r3, #3
  HAL_GPIO_Init(GPIOA, &GpioInit);
 8000aba:	a901      	add	r1, sp, #4
 8000abc:	f04f 4090 	mov.w	r0, #1207959552	@ 0x48000000
  GpioInit.Speed     = GPIO_SPEED_FREQ_HIGH;
 8000ac0:	e9cd 5303 	strd	r5, r3, [sp, #12]
  HAL_GPIO_Init(GPIOA, &GpioInit);
 8000ac4:	f000 fb3c 	bl	8001140 <HAL_GPIO_Init>

  HAL_GPIO_WritePin(GPIOA, GPIO_PIN_12, RESET);
 8000ac8:	462a      	mov	r2, r5
 8000aca:	4621      	mov	r1, r4
 8000acc:	f04f 4090 	mov.w	r0, #1207959552	@ 0x48000000
 8000ad0:	f000 fbf6 	bl	80012c0 <HAL_GPIO_WritePin>
}
 8000ad4:	b007      	add	sp, #28
 8000ad6:	bd30      	pop	{r4, r5, pc}
 8000ad8:	40021000 	.word	0x40021000

08000adc <trigger_high>:

void trigger_high(void)
{
  HAL_GPIO_WritePin(GPIOA, GPIO_PIN_12, SET);
 8000adc:	2201      	movs	r2, #1
 8000ade:	f44f 5180 	mov.w	r1, #4096	@ 0x1000
 8000ae2:	f04f 4090 	mov.w	r0, #1207959552	@ 0x48000000
 8000ae6:	f000 bbeb 	b.w	80012c0 <HAL_GPIO_WritePin>

08000aea <trigger_low>:
}

void trigger_low(void)
{
  HAL_GPIO_WritePin(GPIOA, GPIO_PIN_12, RESET);
 8000aea:	2200      	movs	r2, #0
 8000aec:	f44f 5180 	mov.w	r1, #4096	@ 0x1000
 8000af0:	f04f 4090 	mov.w	r0, #1207959552	@ 0x48000000
 8000af4:	f000 bbe4 	b.w	80012c0 <HAL_GPIO_WritePin>

08000af8 <getch>:
}

char getch(void)
{
 8000af8:	b537      	push	{r0, r1, r2, r4, r5, lr}
  uint8_t d;
  while (HAL_UART_Receive(&UartHandle, &d, 1, 5000) != HAL_OK)
 8000afa:	4d0a      	ldr	r5, [pc, #40]	@ (8000b24 <getch+0x2c>)
    USART1->ICR |= (1 << 3);
 8000afc:	4c0a      	ldr	r4, [pc, #40]	@ (8000b28 <getch+0x30>)
  while (HAL_UART_Receive(&UartHandle, &d, 1, 5000) != HAL_OK)
 8000afe:	f241 3388 	movw	r3, #5000	@ 0x1388
 8000b02:	2201      	movs	r2, #1
 8000b04:	f10d 0107 	add.w	r1, sp, #7
 8000b08:	4628      	mov	r0, r5
 8000b0a:	f000 fd95 	bl	8001638 <HAL_UART_Receive>
 8000b0e:	b918      	cbnz	r0, 8000b18 <getch+0x20>
  //putch(d);
  return d;
}
 8000b10:	f89d 0007 	ldrb.w	r0, [sp, #7]
 8000b14:	b003      	add	sp, #12
 8000b16:	bd30      	pop	{r4, r5, pc}
    USART1->ICR |= (1 << 3);
 8000b18:	6a23      	ldr	r3, [r4, #32]
 8000b1a:	f043 0308 	orr.w	r3, r3, #8
 8000b1e:	6223      	str	r3, [r4, #32]
 8000b20:	e7ed      	b.n	8000afe <getch+0x6>
 8000b22:	bf00      	nop
 8000b24:	20000480 	.word	0x20000480
 8000b28:	40013800 	.word	0x40013800

08000b2c <putch>:

void putch(char c)
{
 8000b2c:	b507      	push	{r0, r1, r2, lr}
  uint8_t d  = c;
  HAL_UART_Transmit(&UartHandle,  &d, 1, 5000);
 8000b2e:	f241 3388 	movw	r3, #5000	@ 0x1388
  uint8_t d  = c;
 8000b32:	f88d 0007 	strb.w	r0, [sp, #7]
  HAL_UART_Transmit(&UartHandle,  &d, 1, 5000);
 8000b36:	2201      	movs	r2, #1
 8000b38:	f10d 0107 	add.w	r1, sp, #7
 8000b3c:	4802      	ldr	r0, [pc, #8]	@ (8000b48 <putch+0x1c>)
 8000b3e:	f000 fd25 	bl	800158c <HAL_UART_Transmit>
}
 8000b42:	b003      	add	sp, #12
 8000b44:	f85d fb04 	ldr.w	pc, [sp], #4
 8000b48:	20000480 	.word	0x20000480

08000b4c <HAL_GetTick>:
	hal_sys_tick = 0;
	return HAL_OK;
}
uint32_t HAL_GetTick(void)
{
	return hal_sys_tick++;
 8000b4c:	4b02      	ldr	r3, [pc, #8]	@ (8000b58 <HAL_GetTick+0xc>)
 8000b4e:	6818      	ldr	r0, [r3, #0]
 8000b50:	1c42      	adds	r2, r0, #1
 8000b52:	601a      	str	r2, [r3, #0]
}
 8000b54:	4770      	bx	lr
 8000b56:	bf00      	nop
 8000b58:	200004f0 	.word	0x200004f0

08000b5c <HAL_RCC_OscConfig>:
  /* Check the parameters */
  assert_param(RCC_OscInitStruct != NULL);
  assert_param(IS_RCC_OSCILLATORTYPE(RCC_OscInitStruct->OscillatorType));

  /*------------------------------- HSE Configuration ------------------------*/ 
  if(((RCC_OscInitStruct->OscillatorType) & RCC_OSCILLATORTYPE_HSE) == RCC_OSCILLATORTYPE_HSE)
 8000b5c:	6803      	ldr	r3, [r0, #0]
{
 8000b5e:	e92d 43f7 	stmdb	sp!, {r0, r1, r2, r4, r5, r6, r7, r8, r9, lr}
  if(((RCC_OscInitStruct->OscillatorType) & RCC_OSCILLATORTYPE_HSE) == RCC_OSCILLATORTYPE_HSE)
 8000b62:	07d9      	lsls	r1, r3, #31
{
 8000b64:	4604      	mov	r4, r0
  if(((RCC_OscInitStruct->OscillatorType) & RCC_OSCILLATORTYPE_HSE) == RCC_OSCILLATORTYPE_HSE)
 8000b66:	d411      	bmi.n	8000b8c <HAL_RCC_OscConfig+0x30>
        }
      }
    }
  }
  /*----------------------------- HSI Configuration --------------------------*/ 
  if(((RCC_OscInitStruct->OscillatorType) & RCC_OSCILLATORTYPE_HSI) == RCC_OSCILLATORTYPE_HSI)
 8000b68:	6823      	ldr	r3, [r4, #0]
 8000b6a:	079a      	lsls	r2, r3, #30
 8000b6c:	f100 808b 	bmi.w	8000c86 <HAL_RCC_OscConfig+0x12a>
        }
      }
    }
  }
  /*------------------------------ LSI Configuration -------------------------*/ 
  if(((RCC_OscInitStruct->OscillatorType) & RCC_OSCILLATORTYPE_LSI) == RCC_OSCILLATORTYPE_LSI)
 8000b70:	6823      	ldr	r3, [r4, #0]
 8000b72:	071e      	lsls	r6, r3, #28
 8000b74:	f100 80f3 	bmi.w	8000d5e <HAL_RCC_OscConfig+0x202>
        }
      }
    }
  }
  /*------------------------------ LSE Configuration -------------------------*/ 
  if(((RCC_OscInitStruct->OscillatorType) & RCC_OSCILLATORTYPE_LSE) == RCC_OSCILLATORTYPE_LSE)
 8000b78:	6823      	ldr	r3, [r4, #0]
 8000b7a:	075d      	lsls	r5, r3, #29
 8000b7c:	f100 8136 	bmi.w	8000dec <HAL_RCC_OscConfig+0x290>
  }

  /*-------------------------------- PLL Configuration -----------------------*/
  /* Check the parameters */
  assert_param(IS_RCC_PLL(RCC_OscInitStruct->PLL.PLLState));
  if ((RCC_OscInitStruct->PLL.PLLState) != RCC_PLL_NONE)
 8000b80:	69e2      	ldr	r2, [r4, #28]
 8000b82:	2a00      	cmp	r2, #0
 8000b84:	f040 81b8 	bne.w	8000ef8 <HAL_RCC_OscConfig+0x39c>
    {
      return HAL_ERROR;
    }
  }
  
  return HAL_OK;
 8000b88:	2000      	movs	r0, #0
 8000b8a:	e01f      	b.n	8000bcc <HAL_RCC_OscConfig+0x70>
    if((__HAL_RCC_GET_SYSCLK_SOURCE() == RCC_SYSCLKSOURCE_STATUS_HSE) 
 8000b8c:	49b3      	ldr	r1, [pc, #716]	@ (8000e5c <HAL_RCC_OscConfig+0x300>)
 8000b8e:	684b      	ldr	r3, [r1, #4]
 8000b90:	f003 030c 	and.w	r3, r3, #12
 8000b94:	2b04      	cmp	r3, #4
 8000b96:	d007      	beq.n	8000ba8 <HAL_RCC_OscConfig+0x4c>
       || ((__HAL_RCC_GET_SYSCLK_SOURCE() == RCC_SYSCLKSOURCE_STATUS_PLLCLK) && (__HAL_RCC_GET_PLL_OSCSOURCE() == RCC_PLLSOURCE_HSE)))
 8000b98:	684b      	ldr	r3, [r1, #4]
 8000b9a:	f003 030c 	and.w	r3, r3, #12
 8000b9e:	2b08      	cmp	r3, #8
 8000ba0:	d117      	bne.n	8000bd2 <HAL_RCC_OscConfig+0x76>
 8000ba2:	684b      	ldr	r3, [r1, #4]
 8000ba4:	03db      	lsls	r3, r3, #15
 8000ba6:	d514      	bpl.n	8000bd2 <HAL_RCC_OscConfig+0x76>
__attribute__((always_inline)) __STATIC_INLINE uint32_t __RBIT(uint32_t value)
{
  uint32_t result;

#if       (__CORTEX_M >= 0x03U) || (__CORTEX_SC >= 300U)
   __ASM volatile ("rbit %0, %1" : "=r" (result) : "r" (value) );
 8000ba8:	f44f 3300 	mov.w	r3, #131072	@ 0x20000
 8000bac:	fa93 f2a3 	rbit	r2, r3
      if((__HAL_RCC_GET_FLAG(RCC_FLAG_HSERDY) != RESET) && (RCC_OscInitStruct->HSEState == RCC_HSE_OFF))
 8000bb0:	6809      	ldr	r1, [r1, #0]
 8000bb2:	fa93 f3a3 	rbit	r3, r3
 8000bb6:	2201      	movs	r2, #1
 8000bb8:	fab3 f383 	clz	r3, r3
 8000bbc:	fa02 f303 	lsl.w	r3, r2, r3
 8000bc0:	420b      	tst	r3, r1
 8000bc2:	d0d1      	beq.n	8000b68 <HAL_RCC_OscConfig+0xc>
 8000bc4:	6863      	ldr	r3, [r4, #4]
 8000bc6:	2b00      	cmp	r3, #0
 8000bc8:	d1ce      	bne.n	8000b68 <HAL_RCC_OscConfig+0xc>
        return HAL_ERROR;
 8000bca:	2001      	movs	r0, #1
}
 8000bcc:	b003      	add	sp, #12
 8000bce:	e8bd 83f0 	ldmia.w	sp!, {r4, r5, r6, r7, r8, r9, pc}
      __HAL_RCC_HSE_PREDIV_CONFIG(RCC_OscInitStruct->HSEPredivValue);
 8000bd2:	e9d4 3201 	ldrd	r3, r2, [r4, #4]
      __HAL_RCC_HSE_CONFIG(RCC_OscInitStruct->HSEState);
 8000bd6:	f5b3 3f80 	cmp.w	r3, #65536	@ 0x10000
 8000bda:	d120      	bne.n	8000c1e <HAL_RCC_OscConfig+0xc2>
 8000bdc:	680b      	ldr	r3, [r1, #0]
 8000bde:	f443 3380 	orr.w	r3, r3, #65536	@ 0x10000
 8000be2:	600b      	str	r3, [r1, #0]
      __HAL_RCC_HSE_PREDIV_CONFIG(RCC_OscInitStruct->HSEPredivValue);
 8000be4:	6acb      	ldr	r3, [r1, #44]	@ 0x2c
 8000be6:	f023 030f 	bic.w	r3, r3, #15
 8000bea:	4313      	orrs	r3, r2
 8000bec:	62cb      	str	r3, [r1, #44]	@ 0x2c
        tickstart = HAL_GetTick();
 8000bee:	f7ff ffad 	bl	8000b4c <HAL_GetTick>
 8000bf2:	f44f 3600 	mov.w	r6, #131072	@ 0x20000
 8000bf6:	4605      	mov	r5, r0
        while(__HAL_RCC_GET_FLAG(RCC_FLAG_HSERDY) == RESET)
 8000bf8:	2701      	movs	r7, #1
 8000bfa:	fa96 f3a6 	rbit	r3, r6
 8000bfe:	680a      	ldr	r2, [r1, #0]
 8000c00:	fa96 f3a6 	rbit	r3, r6
 8000c04:	fab3 f383 	clz	r3, r3
 8000c08:	fa07 f303 	lsl.w	r3, r7, r3
 8000c0c:	4213      	tst	r3, r2
 8000c0e:	d1ab      	bne.n	8000b68 <HAL_RCC_OscConfig+0xc>
          if((HAL_GetTick() - tickstart ) > HSE_TIMEOUT_VALUE)
 8000c10:	f7ff ff9c 	bl	8000b4c <HAL_GetTick>
 8000c14:	1b40      	subs	r0, r0, r5
 8000c16:	2864      	cmp	r0, #100	@ 0x64
 8000c18:	d9ef      	bls.n	8000bfa <HAL_RCC_OscConfig+0x9e>
            return HAL_TIMEOUT;
 8000c1a:	2003      	movs	r0, #3
 8000c1c:	e7d6      	b.n	8000bcc <HAL_RCC_OscConfig+0x70>
      __HAL_RCC_HSE_CONFIG(RCC_OscInitStruct->HSEState);
 8000c1e:	bb1b      	cbnz	r3, 8000c68 <HAL_RCC_OscConfig+0x10c>
 8000c20:	680b      	ldr	r3, [r1, #0]
 8000c22:	f423 3380 	bic.w	r3, r3, #65536	@ 0x10000
 8000c26:	600b      	str	r3, [r1, #0]
 8000c28:	680b      	ldr	r3, [r1, #0]
 8000c2a:	f423 2380 	bic.w	r3, r3, #262144	@ 0x40000
 8000c2e:	600b      	str	r3, [r1, #0]
      __HAL_RCC_HSE_PREDIV_CONFIG(RCC_OscInitStruct->HSEPredivValue);
 8000c30:	6acb      	ldr	r3, [r1, #44]	@ 0x2c
 8000c32:	f023 030f 	bic.w	r3, r3, #15
 8000c36:	4313      	orrs	r3, r2
 8000c38:	62cb      	str	r3, [r1, #44]	@ 0x2c
        tickstart = HAL_GetTick();
 8000c3a:	f7ff ff87 	bl	8000b4c <HAL_GetTick>
 8000c3e:	f44f 3600 	mov.w	r6, #131072	@ 0x20000
 8000c42:	4605      	mov	r5, r0
        while(__HAL_RCC_GET_FLAG(RCC_FLAG_HSERDY) != RESET)
 8000c44:	2701      	movs	r7, #1
 8000c46:	fa96 f3a6 	rbit	r3, r6
 8000c4a:	680a      	ldr	r2, [r1, #0]
 8000c4c:	fa96 f3a6 	rbit	r3, r6
 8000c50:	fab3 f383 	clz	r3, r3
 8000c54:	fa07 f303 	lsl.w	r3, r7, r3
 8000c58:	4213      	tst	r3, r2
 8000c5a:	d085      	beq.n	8000b68 <HAL_RCC_OscConfig+0xc>
           if((HAL_GetTick() - tickstart ) > HSE_TIMEOUT_VALUE)
 8000c5c:	f7ff ff76 	bl	8000b4c <HAL_GetTick>
 8000c60:	1b40      	subs	r0, r0, r5
 8000c62:	2864      	cmp	r0, #100	@ 0x64
 8000c64:	d9ef      	bls.n	8000c46 <HAL_RCC_OscConfig+0xea>
 8000c66:	e7d8      	b.n	8000c1a <HAL_RCC_OscConfig+0xbe>
      __HAL_RCC_HSE_CONFIG(RCC_OscInitStruct->HSEState);
 8000c68:	f5b3 2fa0 	cmp.w	r3, #327680	@ 0x50000
 8000c6c:	680b      	ldr	r3, [r1, #0]
 8000c6e:	d103      	bne.n	8000c78 <HAL_RCC_OscConfig+0x11c>
 8000c70:	f443 2380 	orr.w	r3, r3, #262144	@ 0x40000
 8000c74:	600b      	str	r3, [r1, #0]
 8000c76:	e7b1      	b.n	8000bdc <HAL_RCC_OscConfig+0x80>
 8000c78:	f423 3380 	bic.w	r3, r3, #65536	@ 0x10000
 8000c7c:	600b      	str	r3, [r1, #0]
 8000c7e:	680b      	ldr	r3, [r1, #0]
 8000c80:	f423 2380 	bic.w	r3, r3, #262144	@ 0x40000
 8000c84:	e7ad      	b.n	8000be2 <HAL_RCC_OscConfig+0x86>
    if((__HAL_RCC_GET_SYSCLK_SOURCE() == RCC_SYSCLKSOURCE_STATUS_HSI) 
 8000c86:	4975      	ldr	r1, [pc, #468]	@ (8000e5c <HAL_RCC_OscConfig+0x300>)
 8000c88:	684b      	ldr	r3, [r1, #4]
 8000c8a:	f013 0f0c 	tst.w	r3, #12
 8000c8e:	d007      	beq.n	8000ca0 <HAL_RCC_OscConfig+0x144>
       || ((__HAL_RCC_GET_SYSCLK_SOURCE() == RCC_SYSCLKSOURCE_STATUS_PLLCLK) && (__HAL_RCC_GET_PLL_OSCSOURCE() == RCC_PLLSOURCE_HSI)))
 8000c90:	684b      	ldr	r3, [r1, #4]
 8000c92:	f003 030c 	and.w	r3, r3, #12
 8000c96:	2b08      	cmp	r3, #8
 8000c98:	d11f      	bne.n	8000cda <HAL_RCC_OscConfig+0x17e>
 8000c9a:	684b      	ldr	r3, [r1, #4]
 8000c9c:	03df      	lsls	r7, r3, #15
 8000c9e:	d41c      	bmi.n	8000cda <HAL_RCC_OscConfig+0x17e>
 8000ca0:	2302      	movs	r3, #2
 8000ca2:	fa93 f2a3 	rbit	r2, r3
      if((__HAL_RCC_GET_FLAG(RCC_FLAG_HSIRDY) != RESET) && (RCC_OscInitStruct->HSIState != RCC_HSI_ON))
 8000ca6:	6808      	ldr	r0, [r1, #0]
 8000ca8:	fa93 f3a3 	rbit	r3, r3
 8000cac:	2201      	movs	r2, #1
 8000cae:	fab3 f383 	clz	r3, r3
 8000cb2:	fa02 f303 	lsl.w	r3, r2, r3
 8000cb6:	4203      	tst	r3, r0
 8000cb8:	d002      	beq.n	8000cc0 <HAL_RCC_OscConfig+0x164>
 8000cba:	6923      	ldr	r3, [r4, #16]
 8000cbc:	4293      	cmp	r3, r2
 8000cbe:	d184      	bne.n	8000bca <HAL_RCC_OscConfig+0x6e>
        __HAL_RCC_HSI_CALIBRATIONVALUE_ADJUST(RCC_OscInitStruct->HSICalibrationValue);
 8000cc0:	6808      	ldr	r0, [r1, #0]
 8000cc2:	22f8      	movs	r2, #248	@ 0xf8
 8000cc4:	fa92 f2a2 	rbit	r2, r2
 8000cc8:	6963      	ldr	r3, [r4, #20]
 8000cca:	fab2 f282 	clz	r2, r2
 8000cce:	4093      	lsls	r3, r2
 8000cd0:	f020 02f8 	bic.w	r2, r0, #248	@ 0xf8
 8000cd4:	4313      	orrs	r3, r2
 8000cd6:	600b      	str	r3, [r1, #0]
 8000cd8:	e74a      	b.n	8000b70 <HAL_RCC_OscConfig+0x14>
      if(RCC_OscInitStruct->HSIState != RCC_HSI_OFF)
 8000cda:	6922      	ldr	r2, [r4, #16]
 8000cdc:	2501      	movs	r5, #1
 8000cde:	b1f2      	cbz	r2, 8000d1e <HAL_RCC_OscConfig+0x1c2>
 8000ce0:	fa95 f3a5 	rbit	r3, r5
        __HAL_RCC_HSI_ENABLE();
 8000ce4:	fab3 f383 	clz	r3, r3
 8000ce8:	f103 5384 	add.w	r3, r3, #276824064	@ 0x10800000
 8000cec:	f503 1384 	add.w	r3, r3, #1081344	@ 0x108000
 8000cf0:	009b      	lsls	r3, r3, #2
 8000cf2:	2702      	movs	r7, #2
 8000cf4:	601d      	str	r5, [r3, #0]
        tickstart = HAL_GetTick();
 8000cf6:	f7ff ff29 	bl	8000b4c <HAL_GetTick>
 8000cfa:	4606      	mov	r6, r0
 8000cfc:	fa97 f3a7 	rbit	r3, r7
        while(__HAL_RCC_GET_FLAG(RCC_FLAG_HSIRDY) == RESET)
 8000d00:	680a      	ldr	r2, [r1, #0]
 8000d02:	fa97 f3a7 	rbit	r3, r7
 8000d06:	fab3 f383 	clz	r3, r3
 8000d0a:	fa05 f303 	lsl.w	r3, r5, r3
 8000d0e:	4213      	tst	r3, r2
 8000d10:	d1d6      	bne.n	8000cc0 <HAL_RCC_OscConfig+0x164>
          if((HAL_GetTick() - tickstart ) > HSI_TIMEOUT_VALUE)
 8000d12:	f7ff ff1b 	bl	8000b4c <HAL_GetTick>
 8000d16:	1b80      	subs	r0, r0, r6
 8000d18:	2802      	cmp	r0, #2
 8000d1a:	d9ef      	bls.n	8000cfc <HAL_RCC_OscConfig+0x1a0>
 8000d1c:	e77d      	b.n	8000c1a <HAL_RCC_OscConfig+0xbe>
 8000d1e:	fa95 f3a5 	rbit	r3, r5
        __HAL_RCC_HSI_DISABLE();
 8000d22:	fab3 f383 	clz	r3, r3
 8000d26:	f103 5384 	add.w	r3, r3, #276824064	@ 0x10800000
 8000d2a:	f503 1384 	add.w	r3, r3, #1081344	@ 0x108000
 8000d2e:	009b      	lsls	r3, r3, #2
 8000d30:	2702      	movs	r7, #2
 8000d32:	601a      	str	r2, [r3, #0]
        tickstart = HAL_GetTick();
 8000d34:	f7ff ff0a 	bl	8000b4c <HAL_GetTick>
 8000d38:	4606      	mov	r6, r0
 8000d3a:	fa97 f3a7 	rbit	r3, r7
        while(__HAL_RCC_GET_FLAG(RCC_FLAG_HSIRDY) != RESET)
 8000d3e:	680a      	ldr	r2, [r1, #0]
 8000d40:	fa97 f3a7 	rbit	r3, r7
 8000d44:	fab3 f383 	clz	r3, r3
 8000d48:	fa05 f303 	lsl.w	r3, r5, r3
 8000d4c:	4213      	tst	r3, r2
 8000d4e:	f43f af0f 	beq.w	8000b70 <HAL_RCC_OscConfig+0x14>
          if((HAL_GetTick() - tickstart ) > HSI_TIMEOUT_VALUE)
 8000d52:	f7ff fefb 	bl	8000b4c <HAL_GetTick>
 8000d56:	1b80      	subs	r0, r0, r6
 8000d58:	2802      	cmp	r0, #2
 8000d5a:	d9ee      	bls.n	8000d3a <HAL_RCC_OscConfig+0x1de>
 8000d5c:	e75d      	b.n	8000c1a <HAL_RCC_OscConfig+0xbe>
    if(RCC_OscInitStruct->LSIState != RCC_LSI_OFF)
 8000d5e:	69a2      	ldr	r2, [r4, #24]
 8000d60:	4d3e      	ldr	r5, [pc, #248]	@ (8000e5c <HAL_RCC_OscConfig+0x300>)
 8000d62:	483f      	ldr	r0, [pc, #252]	@ (8000e60 <HAL_RCC_OscConfig+0x304>)
 8000d64:	2101      	movs	r1, #1
 8000d66:	b302      	cbz	r2, 8000daa <HAL_RCC_OscConfig+0x24e>
 8000d68:	fa91 f3a1 	rbit	r3, r1
      __HAL_RCC_LSI_ENABLE();
 8000d6c:	fab3 f383 	clz	r3, r3
 8000d70:	4403      	add	r3, r0
 8000d72:	009b      	lsls	r3, r3, #2
 8000d74:	2602      	movs	r6, #2
 8000d76:	6019      	str	r1, [r3, #0]
      tickstart = HAL_GetTick();
 8000d78:	f7ff fee8 	bl	8000b4c <HAL_GetTick>
 8000d7c:	4607      	mov	r7, r0
 8000d7e:	fa96 f3a6 	rbit	r3, r6
 8000d82:	fa96 f3a6 	rbit	r3, r6
 8000d86:	fa96 f3a6 	rbit	r3, r6
      while(__HAL_RCC_GET_FLAG(RCC_FLAG_LSIRDY) == RESET)
 8000d8a:	6a6a      	ldr	r2, [r5, #36]	@ 0x24
 8000d8c:	fa96 f3a6 	rbit	r3, r6
 8000d90:	fab3 f383 	clz	r3, r3
 8000d94:	fa01 f303 	lsl.w	r3, r1, r3
 8000d98:	4213      	tst	r3, r2
 8000d9a:	f47f aeed 	bne.w	8000b78 <HAL_RCC_OscConfig+0x1c>
        if((HAL_GetTick() - tickstart ) > LSI_TIMEOUT_VALUE)
 8000d9e:	f7ff fed5 	bl	8000b4c <HAL_GetTick>
 8000da2:	1bc0      	subs	r0, r0, r7
 8000da4:	2802      	cmp	r0, #2
 8000da6:	d9ea      	bls.n	8000d7e <HAL_RCC_OscConfig+0x222>
 8000da8:	e737      	b.n	8000c1a <HAL_RCC_OscConfig+0xbe>
 8000daa:	fa91 f3a1 	rbit	r3, r1
      __HAL_RCC_LSI_DISABLE();
 8000dae:	fab3 f383 	clz	r3, r3
 8000db2:	4403      	add	r3, r0
 8000db4:	009b      	lsls	r3, r3, #2
 8000db6:	2602      	movs	r6, #2
 8000db8:	601a      	str	r2, [r3, #0]
      tickstart = HAL_GetTick();
 8000dba:	f7ff fec7 	bl	8000b4c <HAL_GetTick>
 8000dbe:	4607      	mov	r7, r0
 8000dc0:	fa96 f3a6 	rbit	r3, r6
 8000dc4:	fa96 f3a6 	rbit	r3, r6
 8000dc8:	fa96 f3a6 	rbit	r3, r6
      while(__HAL_RCC_GET_FLAG(RCC_FLAG_LSIRDY) != RESET)
 8000dcc:	6a6a      	ldr	r2, [r5, #36]	@ 0x24
 8000dce:	fa96 f3a6 	rbit	r3, r6
 8000dd2:	fab3 f383 	clz	r3, r3
 8000dd6:	fa01 f303 	lsl.w	r3, r1, r3
 8000dda:	4213      	tst	r3, r2
 8000ddc:	f43f aecc 	beq.w	8000b78 <HAL_RCC_OscConfig+0x1c>
        if((HAL_GetTick() - tickstart ) > LSI_TIMEOUT_VALUE)
 8000de0:	f7ff feb4 	bl	8000b4c <HAL_GetTick>
 8000de4:	1bc0      	subs	r0, r0, r7
 8000de6:	2802      	cmp	r0, #2
 8000de8:	d9ea      	bls.n	8000dc0 <HAL_RCC_OscConfig+0x264>
 8000dea:	e716      	b.n	8000c1a <HAL_RCC_OscConfig+0xbe>
    if(__HAL_RCC_PWR_IS_CLK_DISABLED())
 8000dec:	491b      	ldr	r1, [pc, #108]	@ (8000e5c <HAL_RCC_OscConfig+0x300>)
 8000dee:	69cb      	ldr	r3, [r1, #28]
 8000df0:	00d8      	lsls	r0, r3, #3
 8000df2:	d431      	bmi.n	8000e58 <HAL_RCC_OscConfig+0x2fc>
      __HAL_RCC_PWR_CLK_ENABLE();
 8000df4:	69cb      	ldr	r3, [r1, #28]
 8000df6:	f043 5380 	orr.w	r3, r3, #268435456	@ 0x10000000
 8000dfa:	61cb      	str	r3, [r1, #28]
 8000dfc:	69cb      	ldr	r3, [r1, #28]
 8000dfe:	f003 5380 	and.w	r3, r3, #268435456	@ 0x10000000
 8000e02:	9301      	str	r3, [sp, #4]
 8000e04:	9b01      	ldr	r3, [sp, #4]
      pwrclkchanged = SET;
 8000e06:	2501      	movs	r5, #1
    if(HAL_IS_BIT_CLR(PWR->CR, PWR_CR_DBP))
 8000e08:	4e16      	ldr	r6, [pc, #88]	@ (8000e64 <HAL_RCC_OscConfig+0x308>)
 8000e0a:	6833      	ldr	r3, [r6, #0]
 8000e0c:	05da      	lsls	r2, r3, #23
 8000e0e:	d52b      	bpl.n	8000e68 <HAL_RCC_OscConfig+0x30c>
    __HAL_RCC_LSE_CONFIG(RCC_OscInitStruct->LSEState);
 8000e10:	68e3      	ldr	r3, [r4, #12]
 8000e12:	2b01      	cmp	r3, #1
 8000e14:	d138      	bne.n	8000e88 <HAL_RCC_OscConfig+0x32c>
 8000e16:	6a0b      	ldr	r3, [r1, #32]
 8000e18:	f043 0301 	orr.w	r3, r3, #1
 8000e1c:	620b      	str	r3, [r1, #32]
      tickstart = HAL_GetTick();
 8000e1e:	f7ff fe95 	bl	8000b4c <HAL_GetTick>
 8000e22:	2602      	movs	r6, #2
 8000e24:	4607      	mov	r7, r0
      while(__HAL_RCC_GET_FLAG(RCC_FLAG_LSERDY) == RESET)
 8000e26:	f04f 0801 	mov.w	r8, #1
        if((HAL_GetTick() - tickstart ) > RCC_LSE_TIMEOUT_VALUE)
 8000e2a:	f241 3988 	movw	r9, #5000	@ 0x1388
 8000e2e:	fa96 f3a6 	rbit	r3, r6
 8000e32:	fa96 f3a6 	rbit	r3, r6
      while(__HAL_RCC_GET_FLAG(RCC_FLAG_LSERDY) == RESET)
 8000e36:	6a0a      	ldr	r2, [r1, #32]
 8000e38:	fa96 f3a6 	rbit	r3, r6
 8000e3c:	fab3 f383 	clz	r3, r3
 8000e40:	fa08 f303 	lsl.w	r3, r8, r3
 8000e44:	4213      	tst	r3, r2
 8000e46:	d051      	beq.n	8000eec <HAL_RCC_OscConfig+0x390>
    if(pwrclkchanged == SET)
 8000e48:	2d00      	cmp	r5, #0
 8000e4a:	f43f ae99 	beq.w	8000b80 <HAL_RCC_OscConfig+0x24>
      __HAL_RCC_PWR_CLK_DISABLE();
 8000e4e:	69cb      	ldr	r3, [r1, #28]
 8000e50:	f023 5380 	bic.w	r3, r3, #268435456	@ 0x10000000
 8000e54:	61cb      	str	r3, [r1, #28]
 8000e56:	e693      	b.n	8000b80 <HAL_RCC_OscConfig+0x24>
    FlagStatus       pwrclkchanged = RESET;
 8000e58:	2500      	movs	r5, #0
 8000e5a:	e7d5      	b.n	8000e08 <HAL_RCC_OscConfig+0x2ac>
 8000e5c:	40021000 	.word	0x40021000
 8000e60:	10908120 	.word	0x10908120
 8000e64:	40007000 	.word	0x40007000
      SET_BIT(PWR->CR, PWR_CR_DBP);
 8000e68:	6833      	ldr	r3, [r6, #0]
 8000e6a:	f443 7380 	orr.w	r3, r3, #256	@ 0x100
 8000e6e:	6033      	str	r3, [r6, #0]
      tickstart = HAL_GetTick();
 8000e70:	f7ff fe6c 	bl	8000b4c <HAL_GetTick>
 8000e74:	4607      	mov	r7, r0
      while(HAL_IS_BIT_CLR(PWR->CR, PWR_CR_DBP))
 8000e76:	6833      	ldr	r3, [r6, #0]
 8000e78:	05db      	lsls	r3, r3, #23
 8000e7a:	d4c9      	bmi.n	8000e10 <HAL_RCC_OscConfig+0x2b4>
        if((HAL_GetTick() - tickstart) > RCC_DBP_TIMEOUT_VALUE)
 8000e7c:	f7ff fe66 	bl	8000b4c <HAL_GetTick>
 8000e80:	1bc0      	subs	r0, r0, r7
 8000e82:	2864      	cmp	r0, #100	@ 0x64
 8000e84:	d9f7      	bls.n	8000e76 <HAL_RCC_OscConfig+0x31a>
 8000e86:	e6c8      	b.n	8000c1a <HAL_RCC_OscConfig+0xbe>
    __HAL_RCC_LSE_CONFIG(RCC_OscInitStruct->LSEState);
 8000e88:	bb13      	cbnz	r3, 8000ed0 <HAL_RCC_OscConfig+0x374>
 8000e8a:	6a0b      	ldr	r3, [r1, #32]
 8000e8c:	f023 0301 	bic.w	r3, r3, #1
 8000e90:	620b      	str	r3, [r1, #32]
 8000e92:	6a0b      	ldr	r3, [r1, #32]
 8000e94:	f023 0304 	bic.w	r3, r3, #4
 8000e98:	620b      	str	r3, [r1, #32]
      tickstart = HAL_GetTick();
 8000e9a:	f7ff fe57 	bl	8000b4c <HAL_GetTick>
 8000e9e:	2602      	movs	r6, #2
 8000ea0:	4607      	mov	r7, r0
      while(__HAL_RCC_GET_FLAG(RCC_FLAG_LSERDY) != RESET)
 8000ea2:	f04f 0801 	mov.w	r8, #1
        if((HAL_GetTick() - tickstart ) > RCC_LSE_TIMEOUT_VALUE)
 8000ea6:	f241 3988 	movw	r9, #5000	@ 0x1388
 8000eaa:	fa96 f3a6 	rbit	r3, r6
 8000eae:	fa96 f3a6 	rbit	r3, r6
      while(__HAL_RCC_GET_FLAG(RCC_FLAG_LSERDY) != RESET)
 8000eb2:	6a0a      	ldr	r2, [r1, #32]
 8000eb4:	fa96 f3a6 	rbit	r3, r6
 8000eb8:	fab3 f383 	clz	r3, r3
 8000ebc:	fa08 f303 	lsl.w	r3, r8, r3
 8000ec0:	4213      	tst	r3, r2
 8000ec2:	d0c1      	beq.n	8000e48 <HAL_RCC_OscConfig+0x2ec>
        if((HAL_GetTick() - tickstart ) > RCC_LSE_TIMEOUT_VALUE)
 8000ec4:	f7ff fe42 	bl	8000b4c <HAL_GetTick>
 8000ec8:	1bc0      	subs	r0, r0, r7
 8000eca:	4548      	cmp	r0, r9
 8000ecc:	d9ed      	bls.n	8000eaa <HAL_RCC_OscConfig+0x34e>
 8000ece:	e6a4      	b.n	8000c1a <HAL_RCC_OscConfig+0xbe>
    __HAL_RCC_LSE_CONFIG(RCC_OscInitStruct->LSEState);
 8000ed0:	2b05      	cmp	r3, #5
 8000ed2:	6a0b      	ldr	r3, [r1, #32]
 8000ed4:	d103      	bne.n	8000ede <HAL_RCC_OscConfig+0x382>
 8000ed6:	f043 0304 	orr.w	r3, r3, #4
 8000eda:	620b      	str	r3, [r1, #32]
 8000edc:	e79b      	b.n	8000e16 <HAL_RCC_OscConfig+0x2ba>
 8000ede:	f023 0301 	bic.w	r3, r3, #1
 8000ee2:	620b      	str	r3, [r1, #32]
 8000ee4:	6a0b      	ldr	r3, [r1, #32]
 8000ee6:	f023 0304 	bic.w	r3, r3, #4
 8000eea:	e797      	b.n	8000e1c <HAL_RCC_OscConfig+0x2c0>
        if((HAL_GetTick() - tickstart ) > RCC_LSE_TIMEOUT_VALUE)
 8000eec:	f7ff fe2e 	bl	8000b4c <HAL_GetTick>
 8000ef0:	1bc0      	subs	r0, r0, r7
 8000ef2:	4548      	cmp	r0, r9
 8000ef4:	d99b      	bls.n	8000e2e <HAL_RCC_OscConfig+0x2d2>
 8000ef6:	e690      	b.n	8000c1a <HAL_RCC_OscConfig+0xbe>
    if(__HAL_RCC_GET_SYSCLK_SOURCE() != RCC_SYSCLKSOURCE_STATUS_PLLCLK)
 8000ef8:	493f      	ldr	r1, [pc, #252]	@ (8000ff8 <HAL_RCC_OscConfig+0x49c>)
 8000efa:	684b      	ldr	r3, [r1, #4]
 8000efc:	f003 030c 	and.w	r3, r3, #12
 8000f00:	2b08      	cmp	r3, #8
 8000f02:	f43f ae62 	beq.w	8000bca <HAL_RCC_OscConfig+0x6e>
      if((RCC_OscInitStruct->PLL.PLLState) == RCC_PLL_ON)
 8000f06:	2a02      	cmp	r2, #2
 8000f08:	f04f 7380 	mov.w	r3, #16777216	@ 0x1000000
 8000f0c:	d150      	bne.n	8000fb0 <HAL_RCC_OscConfig+0x454>
 8000f0e:	fa93 f3a3 	rbit	r3, r3
        __HAL_RCC_PLL_DISABLE();
 8000f12:	fab3 f383 	clz	r3, r3
 8000f16:	f103 5384 	add.w	r3, r3, #276824064	@ 0x10800000
 8000f1a:	f503 1384 	add.w	r3, r3, #1081344	@ 0x108000
 8000f1e:	009b      	lsls	r3, r3, #2
 8000f20:	2200      	movs	r2, #0
 8000f22:	601a      	str	r2, [r3, #0]
        tickstart = HAL_GetTick();
 8000f24:	f7ff fe12 	bl	8000b4c <HAL_GetTick>
          if((HAL_GetTick() - tickstart ) > PLL_TIMEOUT_VALUE)
 8000f28:	f8df 80d0 	ldr.w	r8, [pc, #208]	@ 8000ffc <HAL_RCC_OscConfig+0x4a0>
        tickstart = HAL_GetTick();
 8000f2c:	4606      	mov	r6, r0
 8000f2e:	f04f 7700 	mov.w	r7, #33554432	@ 0x2000000
        while(__HAL_RCC_GET_FLAG(RCC_FLAG_PLLRDY)  != RESET)
 8000f32:	2501      	movs	r5, #1
 8000f34:	fa97 f3a7 	rbit	r3, r7
 8000f38:	680a      	ldr	r2, [r1, #0]
 8000f3a:	fa97 f3a7 	rbit	r3, r7
 8000f3e:	fab3 f383 	clz	r3, r3
 8000f42:	fa05 f303 	lsl.w	r3, r5, r3
 8000f46:	4213      	tst	r3, r2
 8000f48:	d12c      	bne.n	8000fa4 <HAL_RCC_OscConfig+0x448>
      __HAL_RCC_PLL_CONFIG(RCC_OscInitStruct->PLL.PLLSource,
 8000f4a:	e9d4 0308 	ldrd	r0, r3, [r4, #32]
 8000f4e:	684a      	ldr	r2, [r1, #4]
 8000f50:	4303      	orrs	r3, r0
 8000f52:	f422 1274 	bic.w	r2, r2, #3997696	@ 0x3d0000
 8000f56:	4313      	orrs	r3, r2
 8000f58:	604b      	str	r3, [r1, #4]
 8000f5a:	f04f 7380 	mov.w	r3, #16777216	@ 0x1000000
 8000f5e:	fa93 f3a3 	rbit	r3, r3
        __HAL_RCC_PLL_ENABLE();
 8000f62:	fab3 f383 	clz	r3, r3
 8000f66:	f103 5384 	add.w	r3, r3, #276824064	@ 0x10800000
 8000f6a:	f503 1384 	add.w	r3, r3, #1081344	@ 0x108000
 8000f6e:	009b      	lsls	r3, r3, #2
          if((HAL_GetTick() - tickstart ) > PLL_TIMEOUT_VALUE)
 8000f70:	4f22      	ldr	r7, [pc, #136]	@ (8000ffc <HAL_RCC_OscConfig+0x4a0>)
        __HAL_RCC_PLL_ENABLE();
 8000f72:	601d      	str	r5, [r3, #0]
        tickstart = HAL_GetTick();
 8000f74:	f7ff fdea 	bl	8000b4c <HAL_GetTick>
 8000f78:	f04f 7500 	mov.w	r5, #33554432	@ 0x2000000
 8000f7c:	4604      	mov	r4, r0
        while(__HAL_RCC_GET_FLAG(RCC_FLAG_PLLRDY)  == RESET)
 8000f7e:	2601      	movs	r6, #1
 8000f80:	fa95 f3a5 	rbit	r3, r5
 8000f84:	680a      	ldr	r2, [r1, #0]
 8000f86:	fa95 f3a5 	rbit	r3, r5
 8000f8a:	fab3 f383 	clz	r3, r3
 8000f8e:	fa06 f303 	lsl.w	r3, r6, r3
 8000f92:	4213      	tst	r3, r2
 8000f94:	f47f adf8 	bne.w	8000b88 <HAL_RCC_OscConfig+0x2c>
          if((HAL_GetTick() - tickstart ) > PLL_TIMEOUT_VALUE)
 8000f98:	f7ff fdd8 	bl	8000b4c <HAL_GetTick>
 8000f9c:	1b00      	subs	r0, r0, r4
 8000f9e:	42b8      	cmp	r0, r7
 8000fa0:	d9ee      	bls.n	8000f80 <HAL_RCC_OscConfig+0x424>
 8000fa2:	e63a      	b.n	8000c1a <HAL_RCC_OscConfig+0xbe>
          if((HAL_GetTick() - tickstart ) > PLL_TIMEOUT_VALUE)
 8000fa4:	f7ff fdd2 	bl	8000b4c <HAL_GetTick>
 8000fa8:	1b83      	subs	r3, r0, r6
 8000faa:	4543      	cmp	r3, r8
 8000fac:	d9c2      	bls.n	8000f34 <HAL_RCC_OscConfig+0x3d8>
 8000fae:	e634      	b.n	8000c1a <HAL_RCC_OscConfig+0xbe>
 8000fb0:	fa93 f3a3 	rbit	r3, r3
        __HAL_RCC_PLL_DISABLE();
 8000fb4:	fab3 f383 	clz	r3, r3
 8000fb8:	f103 5384 	add.w	r3, r3, #276824064	@ 0x10800000
 8000fbc:	f503 1384 	add.w	r3, r3, #1081344	@ 0x108000
 8000fc0:	009b      	lsls	r3, r3, #2
 8000fc2:	2200      	movs	r2, #0
 8000fc4:	601a      	str	r2, [r3, #0]
        tickstart = HAL_GetTick();
 8000fc6:	f7ff fdc1 	bl	8000b4c <HAL_GetTick>
          if((HAL_GetTick() - tickstart ) > PLL_TIMEOUT_VALUE)
 8000fca:	4f0c      	ldr	r7, [pc, #48]	@ (8000ffc <HAL_RCC_OscConfig+0x4a0>)
        tickstart = HAL_GetTick();
 8000fcc:	4604      	mov	r4, r0
 8000fce:	f04f 7500 	mov.w	r5, #33554432	@ 0x2000000
        while(__HAL_RCC_GET_FLAG(RCC_FLAG_PLLRDY)  != RESET)
 8000fd2:	2601      	movs	r6, #1
 8000fd4:	fa95 f3a5 	rbit	r3, r5
 8000fd8:	680a      	ldr	r2, [r1, #0]
 8000fda:	fa95 f3a5 	rbit	r3, r5
 8000fde:	fab3 f383 	clz	r3, r3
 8000fe2:	fa06 f303 	lsl.w	r3, r6, r3
 8000fe6:	4213      	tst	r3, r2
 8000fe8:	f43f adce 	beq.w	8000b88 <HAL_RCC_OscConfig+0x2c>
          if((HAL_GetTick() - tickstart ) > PLL_TIMEOUT_VALUE)
 8000fec:	f7ff fdae 	bl	8000b4c <HAL_GetTick>
 8000ff0:	1b00      	subs	r0, r0, r4
 8000ff2:	42b8      	cmp	r0, r7
 8000ff4:	d9ee      	bls.n	8000fd4 <HAL_RCC_OscConfig+0x478>
 8000ff6:	e610      	b.n	8000c1a <HAL_RCC_OscConfig+0xbe>
 8000ff8:	40021000 	.word	0x40021000
 8000ffc:	00030d40 	.word	0x00030d40

08001000 <HAL_RCC_ClockConfig>:
  /* To correctly read data from FLASH memory, the number of wait states (LATENCY) 
  must be correctly programmed according to the frequency of the CPU clock 
    (HCLK) of the device. */

  /* Increasing the number of wait states because of higher CPU frequency */
  if(FLatency > (FLASH->ACR & FLASH_ACR_LATENCY))
 8001000:	4a4d      	ldr	r2, [pc, #308]	@ (8001138 <HAL_RCC_ClockConfig+0x138>)
{
 8001002:	b5f8      	push	{r3, r4, r5, r6, r7, lr}
  if(FLatency > (FLASH->ACR & FLASH_ACR_LATENCY))
 8001004:	6813      	ldr	r3, [r2, #0]
 8001006:	f003 0307 	and.w	r3, r3, #7
 800100a:	428b      	cmp	r3, r1
{
 800100c:	4604      	mov	r4, r0
  if(FLatency > (FLASH->ACR & FLASH_ACR_LATENCY))
 800100e:	d311      	bcc.n	8001034 <HAL_RCC_ClockConfig+0x34>
      return HAL_ERROR;
    }
  }

  /*-------------------------- HCLK Configuration --------------------------*/
  if(((RCC_ClkInitStruct->ClockType) & RCC_CLOCKTYPE_HCLK) == RCC_CLOCKTYPE_HCLK)
 8001010:	6822      	ldr	r2, [r4, #0]
 8001012:	0795      	lsls	r5, r2, #30
 8001014:	d41a      	bmi.n	800104c <HAL_RCC_ClockConfig+0x4c>
    assert_param(IS_RCC_HCLK(RCC_ClkInitStruct->AHBCLKDivider));
    MODIFY_REG(RCC->CFGR, RCC_CFGR_HPRE, RCC_ClkInitStruct->AHBCLKDivider);
  }

  /*------------------------- SYSCLK Configuration ---------------------------*/ 
  if(((RCC_ClkInitStruct->ClockType) & RCC_CLOCKTYPE_SYSCLK) == RCC_CLOCKTYPE_SYSCLK)
 8001016:	07d0      	lsls	r0, r2, #31
 8001018:	d420      	bmi.n	800105c <HAL_RCC_ClockConfig+0x5c>
        }
      }
    }      
  }    
  /* Decreasing the number of wait states because of lower CPU frequency */
  if(FLatency < (FLASH->ACR & FLASH_ACR_LATENCY))
 800101a:	4a47      	ldr	r2, [pc, #284]	@ (8001138 <HAL_RCC_ClockConfig+0x138>)
 800101c:	6813      	ldr	r3, [r2, #0]
 800101e:	f003 0307 	and.w	r3, r3, #7
 8001022:	428b      	cmp	r3, r1
 8001024:	d86c      	bhi.n	8001100 <HAL_RCC_ClockConfig+0x100>
      return HAL_ERROR;
    }
  }    

  /*-------------------------- PCLK1 Configuration ---------------------------*/ 
  if(((RCC_ClkInitStruct->ClockType) & RCC_CLOCKTYPE_PCLK1) == RCC_CLOCKTYPE_PCLK1)
 8001026:	6822      	ldr	r2, [r4, #0]
 8001028:	0751      	lsls	r1, r2, #29
 800102a:	d474      	bmi.n	8001116 <HAL_RCC_ClockConfig+0x116>
    assert_param(IS_RCC_PCLK(RCC_ClkInitStruct->APB1CLKDivider));
    MODIFY_REG(RCC->CFGR, RCC_CFGR_PPRE1, RCC_ClkInitStruct->APB1CLKDivider);
  }
  
  /*-------------------------- PCLK2 Configuration ---------------------------*/ 
  if(((RCC_ClkInitStruct->ClockType) & RCC_CLOCKTYPE_PCLK2) == RCC_CLOCKTYPE_PCLK2)
 800102c:	0713      	lsls	r3, r2, #28
 800102e:	d47a      	bmi.n	8001126 <HAL_RCC_ClockConfig+0x126>
  //SystemCoreClock = HAL_RCC_GetSysClockFreq() >> AHBPrescTable[(RCC->CFGR & RCC_CFGR_HPRE)>> RCC_CFGR_HPRE_BITNUMBER];

  /* Configure the source of time base considering new system clocks settings*/
  //HAL_InitTick (TICK_INT_PRIORITY);
  
  return HAL_OK;
 8001030:	2000      	movs	r0, #0
 8001032:	e00a      	b.n	800104a <HAL_RCC_ClockConfig+0x4a>
    __HAL_FLASH_SET_LATENCY(FLatency);
 8001034:	6813      	ldr	r3, [r2, #0]
 8001036:	f023 0307 	bic.w	r3, r3, #7
 800103a:	430b      	orrs	r3, r1
 800103c:	6013      	str	r3, [r2, #0]
    if((FLASH->ACR & FLASH_ACR_LATENCY) != FLatency)
 800103e:	6813      	ldr	r3, [r2, #0]
 8001040:	f003 0307 	and.w	r3, r3, #7
 8001044:	428b      	cmp	r3, r1
 8001046:	d0e3      	beq.n	8001010 <HAL_RCC_ClockConfig+0x10>
      return HAL_ERROR;
 8001048:	2001      	movs	r0, #1
}
 800104a:	bdf8      	pop	{r3, r4, r5, r6, r7, pc}
    MODIFY_REG(RCC->CFGR, RCC_CFGR_HPRE, RCC_ClkInitStruct->AHBCLKDivider);
 800104c:	483b      	ldr	r0, [pc, #236]	@ (800113c <HAL_RCC_ClockConfig+0x13c>)
 800104e:	68a5      	ldr	r5, [r4, #8]
 8001050:	6843      	ldr	r3, [r0, #4]
 8001052:	f023 03f0 	bic.w	r3, r3, #240	@ 0xf0
 8001056:	432b      	orrs	r3, r5
 8001058:	6043      	str	r3, [r0, #4]
 800105a:	e7dc      	b.n	8001016 <HAL_RCC_ClockConfig+0x16>
    if(RCC_ClkInitStruct->SYSCLKSource == RCC_SYSCLKSOURCE_HSE)
 800105c:	6862      	ldr	r2, [r4, #4]
 800105e:	4d37      	ldr	r5, [pc, #220]	@ (800113c <HAL_RCC_ClockConfig+0x13c>)
 8001060:	2a01      	cmp	r2, #1
 8001062:	d125      	bne.n	80010b0 <HAL_RCC_ClockConfig+0xb0>
 8001064:	f44f 3300 	mov.w	r3, #131072	@ 0x20000
 8001068:	fa93 f0a3 	rbit	r0, r3
      if(__HAL_RCC_GET_FLAG(RCC_FLAG_HSERDY) == RESET)
 800106c:	6828      	ldr	r0, [r5, #0]
 800106e:	fa93 f3a3 	rbit	r3, r3
 8001072:	fab3 f383 	clz	r3, r3
 8001076:	fa02 f303 	lsl.w	r3, r2, r3
 800107a:	4203      	tst	r3, r0
      if(__HAL_RCC_GET_FLAG(RCC_FLAG_HSIRDY) == RESET)
 800107c:	d0e4      	beq.n	8001048 <HAL_RCC_ClockConfig+0x48>
    __HAL_RCC_SYSCLK_CONFIG(RCC_ClkInitStruct->SYSCLKSource);
 800107e:	686b      	ldr	r3, [r5, #4]
 8001080:	f023 0303 	bic.w	r3, r3, #3
 8001084:	4313      	orrs	r3, r2
 8001086:	606b      	str	r3, [r5, #4]
    tickstart = HAL_GetTick();
 8001088:	f7ff fd60 	bl	8000b4c <HAL_GetTick>
    if(RCC_ClkInitStruct->SYSCLKSource == RCC_SYSCLKSOURCE_HSE)
 800108c:	6863      	ldr	r3, [r4, #4]
 800108e:	2b01      	cmp	r3, #1
    tickstart = HAL_GetTick();
 8001090:	4606      	mov	r6, r0
        if((HAL_GetTick() - tickstart ) > CLOCKSWITCH_TIMEOUT_VALUE)
 8001092:	f241 3788 	movw	r7, #5000	@ 0x1388
    if(RCC_ClkInitStruct->SYSCLKSource == RCC_SYSCLKSOURCE_HSE)
 8001096:	d11c      	bne.n	80010d2 <HAL_RCC_ClockConfig+0xd2>
      while (__HAL_RCC_GET_SYSCLK_SOURCE() != RCC_SYSCLKSOURCE_STATUS_HSE)
 8001098:	686b      	ldr	r3, [r5, #4]
 800109a:	f003 030c 	and.w	r3, r3, #12
 800109e:	2b04      	cmp	r3, #4
 80010a0:	d0bb      	beq.n	800101a <HAL_RCC_ClockConfig+0x1a>
        if((HAL_GetTick() - tickstart ) > CLOCKSWITCH_TIMEOUT_VALUE)
 80010a2:	f7ff fd53 	bl	8000b4c <HAL_GetTick>
 80010a6:	1b80      	subs	r0, r0, r6
 80010a8:	42b8      	cmp	r0, r7
 80010aa:	d9f5      	bls.n	8001098 <HAL_RCC_ClockConfig+0x98>
          return HAL_TIMEOUT;
 80010ac:	2003      	movs	r0, #3
 80010ae:	e7cc      	b.n	800104a <HAL_RCC_ClockConfig+0x4a>
    else if(RCC_ClkInitStruct->SYSCLKSource == RCC_SYSCLKSOURCE_PLLCLK)
 80010b0:	2a02      	cmp	r2, #2
 80010b2:	bf0c      	ite	eq
 80010b4:	f04f 7300 	moveq.w	r3, #33554432	@ 0x2000000
 80010b8:	2302      	movne	r3, #2
 80010ba:	fa93 f0a3 	rbit	r0, r3
      if(__HAL_RCC_GET_FLAG(RCC_FLAG_HSIRDY) == RESET)
 80010be:	682e      	ldr	r6, [r5, #0]
 80010c0:	fa93 f3a3 	rbit	r3, r3
 80010c4:	2001      	movs	r0, #1
 80010c6:	fab3 f383 	clz	r3, r3
 80010ca:	fa00 f303 	lsl.w	r3, r0, r3
 80010ce:	4233      	tst	r3, r6
 80010d0:	e7d4      	b.n	800107c <HAL_RCC_ClockConfig+0x7c>
    else if(RCC_ClkInitStruct->SYSCLKSource == RCC_SYSCLKSOURCE_PLLCLK)
 80010d2:	2b02      	cmp	r3, #2
 80010d4:	d10f      	bne.n	80010f6 <HAL_RCC_ClockConfig+0xf6>
      while (__HAL_RCC_GET_SYSCLK_SOURCE() != RCC_SYSCLKSOURCE_STATUS_PLLCLK)
 80010d6:	686b      	ldr	r3, [r5, #4]
 80010d8:	f003 030c 	and.w	r3, r3, #12
 80010dc:	2b08      	cmp	r3, #8
 80010de:	d09c      	beq.n	800101a <HAL_RCC_ClockConfig+0x1a>
        if((HAL_GetTick() - tickstart ) > CLOCKSWITCH_TIMEOUT_VALUE)
 80010e0:	f7ff fd34 	bl	8000b4c <HAL_GetTick>
 80010e4:	1b80      	subs	r0, r0, r6
 80010e6:	42b8      	cmp	r0, r7
 80010e8:	d9f5      	bls.n	80010d6 <HAL_RCC_ClockConfig+0xd6>
 80010ea:	e7df      	b.n	80010ac <HAL_RCC_ClockConfig+0xac>
        if((HAL_GetTick() - tickstart ) > CLOCKSWITCH_TIMEOUT_VALUE)
 80010ec:	f7ff fd2e 	bl	8000b4c <HAL_GetTick>
 80010f0:	1b80      	subs	r0, r0, r6
 80010f2:	42b8      	cmp	r0, r7
 80010f4:	d8da      	bhi.n	80010ac <HAL_RCC_ClockConfig+0xac>
      while (__HAL_RCC_GET_SYSCLK_SOURCE() != RCC_SYSCLKSOURCE_STATUS_HSI)
 80010f6:	686b      	ldr	r3, [r5, #4]
 80010f8:	f013 0f0c 	tst.w	r3, #12
 80010fc:	d1f6      	bne.n	80010ec <HAL_RCC_ClockConfig+0xec>
 80010fe:	e78c      	b.n	800101a <HAL_RCC_ClockConfig+0x1a>
    __HAL_FLASH_SET_LATENCY(FLatency);
 8001100:	6813      	ldr	r3, [r2, #0]
 8001102:	f023 0307 	bic.w	r3, r3, #7
 8001106:	430b      	orrs	r3, r1
 8001108:	6013      	str	r3, [r2, #0]
    if((FLASH->ACR & FLASH_ACR_LATENCY) != FLatency)
 800110a:	6813      	ldr	r3, [r2, #0]
 800110c:	f003 0307 	and.w	r3, r3, #7
 8001110:	428b      	cmp	r3, r1
 8001112:	d199      	bne.n	8001048 <HAL_RCC_ClockConfig+0x48>
 8001114:	e787      	b.n	8001026 <HAL_RCC_ClockConfig+0x26>
    MODIFY_REG(RCC->CFGR, RCC_CFGR_PPRE1, RCC_ClkInitStruct->APB1CLKDivider);
 8001116:	4909      	ldr	r1, [pc, #36]	@ (800113c <HAL_RCC_ClockConfig+0x13c>)
 8001118:	68e0      	ldr	r0, [r4, #12]
 800111a:	684b      	ldr	r3, [r1, #4]
 800111c:	f423 63e0 	bic.w	r3, r3, #1792	@ 0x700
 8001120:	4303      	orrs	r3, r0
 8001122:	604b      	str	r3, [r1, #4]
 8001124:	e782      	b.n	800102c <HAL_RCC_ClockConfig+0x2c>
    MODIFY_REG(RCC->CFGR, RCC_CFGR_PPRE2, ((RCC_ClkInitStruct->APB2CLKDivider) << 3U));
 8001126:	4a05      	ldr	r2, [pc, #20]	@ (800113c <HAL_RCC_ClockConfig+0x13c>)
 8001128:	6921      	ldr	r1, [r4, #16]
 800112a:	6853      	ldr	r3, [r2, #4]
 800112c:	f423 5360 	bic.w	r3, r3, #14336	@ 0x3800
 8001130:	ea43 03c1 	orr.w	r3, r3, r1, lsl #3
 8001134:	6053      	str	r3, [r2, #4]
 8001136:	e77b      	b.n	8001030 <HAL_RCC_ClockConfig+0x30>
 8001138:	40022000 	.word	0x40022000
 800113c:	40021000 	.word	0x40021000

08001140 <HAL_GPIO_Init>:
  * @param  GPIO_Init: pointer to a GPIO_InitTypeDef structure that contains
  *         the configuration information for the specified GPIO peripheral.
  * @retval None
  */
void HAL_GPIO_Init(GPIO_TypeDef  *GPIOx, GPIO_InitTypeDef *GPIO_Init)
{
 8001140:	e92d 4ff7 	stmdb	sp!, {r0, r1, r2, r4, r5, r6, r7, r8, r9, sl, fp, lr}
      /*--------------------- EXTI Mode Configuration ------------------------*/
      /* Configure the External Interrupt or event for the current IO */
      if((GPIO_Init->Mode & EXTI_MODE) == EXTI_MODE)
      {
        /* Enable SYSCFG Clock */
        __HAL_RCC_SYSCFG_CLK_ENABLE();
 8001144:	f8df 816c 	ldr.w	r8, [pc, #364]	@ 80012b4 <HAL_GPIO_Init+0x174>
        temp &= ~((0x0FU) << (4U * (position & 0x03U)));
        temp |= (GPIO_GET_INDEX(GPIOx) << (4U * (position & 0x03U)));
        SYSCFG->EXTICR[position >> 2] = temp;

        /* Clear EXTI line configuration */
        temp = EXTI->IMR;
 8001148:	4c5b      	ldr	r4, [pc, #364]	@ (80012b8 <HAL_GPIO_Init+0x178>)
  uint32_t position = 0x00U;
 800114a:	2300      	movs	r3, #0
        temp &= ~((0x0FU) << (4U * (position & 0x03U)));
 800114c:	f04f 090f 	mov.w	r9, #15
  while (((GPIO_Init->Pin) >> position) != RESET)
 8001150:	680a      	ldr	r2, [r1, #0]
 8001152:	fa32 f503 	lsrs.w	r5, r2, r3
 8001156:	d102      	bne.n	800115e <HAL_GPIO_Init+0x1e>
      }
    }
    
    position++;
  }
}
 8001158:	b003      	add	sp, #12
 800115a:	e8bd 8ff0 	ldmia.w	sp!, {r4, r5, r6, r7, r8, r9, sl, fp, pc}
    iocurrent = (GPIO_Init->Pin) & (1U << position);
 800115e:	2501      	movs	r5, #1
 8001160:	fa05 fa03 	lsl.w	sl, r5, r3
    if(iocurrent)
 8001164:	ea1a 0202 	ands.w	r2, sl, r2
 8001168:	f000 8099 	beq.w	800129e <HAL_GPIO_Init+0x15e>
      if((GPIO_Init->Mode == GPIO_MODE_AF_PP) || (GPIO_Init->Mode == GPIO_MODE_AF_OD))
 800116c:	684d      	ldr	r5, [r1, #4]
 800116e:	f025 0e10 	bic.w	lr, r5, #16
 8001172:	f1be 0f02 	cmp.w	lr, #2
 8001176:	d111      	bne.n	800119c <HAL_GPIO_Init+0x5c>
        temp = GPIOx->AFR[position >> 3];
 8001178:	08df      	lsrs	r7, r3, #3
 800117a:	eb00 0787 	add.w	r7, r0, r7, lsl #2
        temp &= ~(0xFU << ((uint32_t)(position & 0x07U) * 4U)) ;
 800117e:	f003 0c07 	and.w	ip, r3, #7
        temp = GPIOx->AFR[position >> 3];
 8001182:	6a3e      	ldr	r6, [r7, #32]
        temp &= ~(0xFU << ((uint32_t)(position & 0x07U) * 4U)) ;
 8001184:	ea4f 0c8c 	mov.w	ip, ip, lsl #2
 8001188:	fa09 fb0c 	lsl.w	fp, r9, ip
 800118c:	ea26 0b0b 	bic.w	fp, r6, fp
        temp |= ((uint32_t)(GPIO_Init->Alternate) << (((uint32_t)position & 0x07U) * 4U));
 8001190:	690e      	ldr	r6, [r1, #16]
 8001192:	fa06 f60c 	lsl.w	r6, r6, ip
 8001196:	ea46 060b 	orr.w	r6, r6, fp
        GPIOx->AFR[position >> 3] = temp;
 800119a:	623e      	str	r6, [r7, #32]
      temp = GPIOx->MODER;
 800119c:	f8d0 b000 	ldr.w	fp, [r0]
      temp &= ~(GPIO_MODER_MODER0 << (position * 2U));
 80011a0:	ea4f 0c43 	mov.w	ip, r3, lsl #1
 80011a4:	2603      	movs	r6, #3
 80011a6:	fa06 f70c 	lsl.w	r7, r6, ip
 80011aa:	ea2b 0b07 	bic.w	fp, fp, r7
 80011ae:	43fe      	mvns	r6, r7
      temp |= ((GPIO_Init->Mode & GPIO_MODE) << (position * 2U));
 80011b0:	f005 0703 	and.w	r7, r5, #3
 80011b4:	fa07 f70c 	lsl.w	r7, r7, ip
      if((GPIO_Init->Mode == GPIO_MODE_OUTPUT_PP) || (GPIO_Init->Mode == GPIO_MODE_AF_PP) ||
 80011b8:	f10e 3eff 	add.w	lr, lr, #4294967295	@ 0xffffffff
      temp |= ((GPIO_Init->Mode & GPIO_MODE) << (position * 2U));
 80011bc:	ea47 070b 	orr.w	r7, r7, fp
      if((GPIO_Init->Mode == GPIO_MODE_OUTPUT_PP) || (GPIO_Init->Mode == GPIO_MODE_AF_PP) ||
 80011c0:	f1be 0f01 	cmp.w	lr, #1
      GPIOx->MODER = temp;
 80011c4:	6007      	str	r7, [r0, #0]
      if((GPIO_Init->Mode == GPIO_MODE_OUTPUT_PP) || (GPIO_Init->Mode == GPIO_MODE_AF_PP) ||
 80011c6:	d811      	bhi.n	80011ec <HAL_GPIO_Init+0xac>
        temp = GPIOx->OSPEEDR;
 80011c8:	6887      	ldr	r7, [r0, #8]
        temp &= ~(GPIO_OSPEEDER_OSPEEDR0 << (position * 2U));
 80011ca:	ea06 0e07 	and.w	lr, r6, r7
        temp |= (GPIO_Init->Speed << (position * 2U));
 80011ce:	68cf      	ldr	r7, [r1, #12]
 80011d0:	fa07 f70c 	lsl.w	r7, r7, ip
 80011d4:	ea47 070e 	orr.w	r7, r7, lr
        GPIOx->OSPEEDR = temp;
 80011d8:	6087      	str	r7, [r0, #8]
        temp = GPIOx->OTYPER;
 80011da:	6847      	ldr	r7, [r0, #4]
        temp &= ~(GPIO_OTYPER_OT_0 << position) ;
 80011dc:	ea27 0e0a 	bic.w	lr, r7, sl
        temp |= (((GPIO_Init->Mode & GPIO_OUTPUT_TYPE) >> 4U) << position);
 80011e0:	f3c5 1700 	ubfx	r7, r5, #4, #1
 80011e4:	409f      	lsls	r7, r3
 80011e6:	ea47 070e 	orr.w	r7, r7, lr
        GPIOx->OTYPER = temp;
 80011ea:	6047      	str	r7, [r0, #4]
      temp = GPIOx->PUPDR;
 80011ec:	68c7      	ldr	r7, [r0, #12]
      temp &= ~(GPIO_PUPDR_PUPDR0 << (position * 2U));
 80011ee:	4037      	ands	r7, r6
      temp |= ((GPIO_Init->Pull) << (position * 2U));
 80011f0:	688e      	ldr	r6, [r1, #8]
 80011f2:	fa06 f60c 	lsl.w	r6, r6, ip
 80011f6:	433e      	orrs	r6, r7
      GPIOx->PUPDR = temp;
 80011f8:	60c6      	str	r6, [r0, #12]
      if((GPIO_Init->Mode & EXTI_MODE) == EXTI_MODE)
 80011fa:	00ee      	lsls	r6, r5, #3
 80011fc:	d54f      	bpl.n	800129e <HAL_GPIO_Init+0x15e>
        __HAL_RCC_SYSCFG_CLK_ENABLE();
 80011fe:	f8d8 6018 	ldr.w	r6, [r8, #24]
 8001202:	f046 0601 	orr.w	r6, r6, #1
 8001206:	f8c8 6018 	str.w	r6, [r8, #24]
 800120a:	f8d8 6018 	ldr.w	r6, [r8, #24]
 800120e:	f023 0703 	bic.w	r7, r3, #3
 8001212:	f107 4780 	add.w	r7, r7, #1073741824	@ 0x40000000
 8001216:	f006 0601 	and.w	r6, r6, #1
 800121a:	f507 3780 	add.w	r7, r7, #65536	@ 0x10000
 800121e:	9601      	str	r6, [sp, #4]
        temp &= ~((0x0FU) << (4U * (position & 0x03U)));
 8001220:	f003 0c03 	and.w	ip, r3, #3
        __HAL_RCC_SYSCFG_CLK_ENABLE();
 8001224:	9e01      	ldr	r6, [sp, #4]
        temp = SYSCFG->EXTICR[position >> 2];
 8001226:	68be      	ldr	r6, [r7, #8]
        temp &= ~((0x0FU) << (4U * (position & 0x03U)));
 8001228:	ea4f 0c8c 	mov.w	ip, ip, lsl #2
 800122c:	fa09 fe0c 	lsl.w	lr, r9, ip
        temp |= (GPIO_GET_INDEX(GPIOx) << (4U * (position & 0x03U)));
 8001230:	f1b0 4f90 	cmp.w	r0, #1207959552	@ 0x48000000
        temp &= ~((0x0FU) << (4U * (position & 0x03U)));
 8001234:	ea26 0e0e 	bic.w	lr, r6, lr
        temp |= (GPIO_GET_INDEX(GPIOx) << (4U * (position & 0x03U)));
 8001238:	d033      	beq.n	80012a2 <HAL_GPIO_Init+0x162>
 800123a:	4e20      	ldr	r6, [pc, #128]	@ (80012bc <HAL_GPIO_Init+0x17c>)
 800123c:	42b0      	cmp	r0, r6
 800123e:	d032      	beq.n	80012a6 <HAL_GPIO_Init+0x166>
 8001240:	f506 6680 	add.w	r6, r6, #1024	@ 0x400
 8001244:	42b0      	cmp	r0, r6
 8001246:	d030      	beq.n	80012aa <HAL_GPIO_Init+0x16a>
 8001248:	f506 6680 	add.w	r6, r6, #1024	@ 0x400
 800124c:	42b0      	cmp	r0, r6
 800124e:	d02e      	beq.n	80012ae <HAL_GPIO_Init+0x16e>
 8001250:	f506 6680 	add.w	r6, r6, #1024	@ 0x400
 8001254:	42b0      	cmp	r0, r6
 8001256:	bf14      	ite	ne
 8001258:	2605      	movne	r6, #5
 800125a:	2604      	moveq	r6, #4
 800125c:	fa06 f60c 	lsl.w	r6, r6, ip
 8001260:	ea46 060e 	orr.w	r6, r6, lr
        SYSCFG->EXTICR[position >> 2] = temp;
 8001264:	60be      	str	r6, [r7, #8]
        temp = EXTI->IMR;
 8001266:	6826      	ldr	r6, [r4, #0]
        temp &= ~((uint32_t)iocurrent);
 8001268:	43d7      	mvns	r7, r2
        if((GPIO_Init->Mode & GPIO_MODE_IT) == GPIO_MODE_IT)
 800126a:	f415 3f80 	tst.w	r5, #65536	@ 0x10000
        temp &= ~((uint32_t)iocurrent);
 800126e:	bf0c      	ite	eq
 8001270:	403e      	andeq	r6, r7
          temp |= iocurrent;
 8001272:	4316      	orrne	r6, r2
        EXTI->IMR = temp;
 8001274:	6026      	str	r6, [r4, #0]
        temp = EXTI->EMR;
 8001276:	6866      	ldr	r6, [r4, #4]
        if((GPIO_Init->Mode & GPIO_MODE_EVT) == GPIO_MODE_EVT)
 8001278:	f415 3f00 	tst.w	r5, #131072	@ 0x20000
        temp &= ~((uint32_t)iocurrent);
 800127c:	bf0c      	ite	eq
 800127e:	403e      	andeq	r6, r7
          temp |= iocurrent;
 8001280:	4316      	orrne	r6, r2
        EXTI->EMR = temp;
 8001282:	6066      	str	r6, [r4, #4]
        temp = EXTI->RTSR;
 8001284:	68a6      	ldr	r6, [r4, #8]
        if((GPIO_Init->Mode & RISING_EDGE) == RISING_EDGE)
 8001286:	f415 1f80 	tst.w	r5, #1048576	@ 0x100000
        temp &= ~((uint32_t)iocurrent);
 800128a:	bf0c      	ite	eq
 800128c:	403e      	andeq	r6, r7
          temp |= iocurrent;
 800128e:	4316      	orrne	r6, r2
        EXTI->RTSR = temp;
 8001290:	60a6      	str	r6, [r4, #8]
        temp = EXTI->FTSR;
 8001292:	68e6      	ldr	r6, [r4, #12]
        if((GPIO_Init->Mode & FALLING_EDGE) == FALLING_EDGE)
 8001294:	02ad      	lsls	r5, r5, #10
        temp &= ~((uint32_t)iocurrent);
 8001296:	bf54      	ite	pl
 8001298:	403e      	andpl	r6, r7
          temp |= iocurrent;
 800129a:	4316      	orrmi	r6, r2
        EXTI->FTSR = temp;
 800129c:	60e6      	str	r6, [r4, #12]
    position++;
 800129e:	3301      	adds	r3, #1
 80012a0:	e756      	b.n	8001150 <HAL_GPIO_Init+0x10>
        temp |= (GPIO_GET_INDEX(GPIOx) << (4U * (position & 0x03U)));
 80012a2:	2600      	movs	r6, #0
 80012a4:	e7da      	b.n	800125c <HAL_GPIO_Init+0x11c>
 80012a6:	2601      	movs	r6, #1
 80012a8:	e7d8      	b.n	800125c <HAL_GPIO_Init+0x11c>
 80012aa:	2602      	movs	r6, #2
 80012ac:	e7d6      	b.n	800125c <HAL_GPIO_Init+0x11c>
 80012ae:	2603      	movs	r6, #3
 80012b0:	e7d4      	b.n	800125c <HAL_GPIO_Init+0x11c>
 80012b2:	bf00      	nop
 80012b4:	40021000 	.word	0x40021000
 80012b8:	40010400 	.word	0x40010400
 80012bc:	48000400 	.word	0x48000400

080012c0 <HAL_GPIO_WritePin>:
{
  /* Check the parameters */
  assert_param(IS_GPIO_PIN(GPIO_Pin));
  assert_param(IS_GPIO_PIN_ACTION(PinState));

  if(PinState != GPIO_PIN_RESET)
 80012c0:	b10a      	cbz	r2, 80012c6 <HAL_GPIO_WritePin+0x6>
  {
    GPIOx->BSRR = (uint32_t)GPIO_Pin;
 80012c2:	6181      	str	r1, [r0, #24]
 80012c4:	4770      	bx	lr
  }
  else
  {
    GPIOx->BRR = (uint32_t)GPIO_Pin;
 80012c6:	6281      	str	r1, [r0, #40]	@ 0x28
  }
}
 80012c8:	4770      	bx	lr
 80012ca:	0000      	movs	r0, r0

080012cc <UART_SetConfig>:
   *  set the M bits according to huart->Init.WordLength value
   *  set PCE and PS bits according to huart->Init.Parity value
   *  set TE and RE bits according to huart->Init.Mode value
   *  set OVER8 bit according to huart->Init.OverSampling value */
  tmpreg = (uint32_t)huart->Init.WordLength | huart->Init.Parity | huart->Init.Mode | huart->Init.OverSampling ;
  MODIFY_REG(huart->Instance->CR1, UART_CR1_FIELDS, tmpreg);
 80012cc:	6802      	ldr	r2, [r0, #0]
  tmpreg = (uint32_t)huart->Init.WordLength | huart->Init.Parity | huart->Init.Mode | huart->Init.OverSampling ;
 80012ce:	6883      	ldr	r3, [r0, #8]
 80012d0:	69c1      	ldr	r1, [r0, #28]
{
 80012d2:	b530      	push	{r4, r5, lr}
  tmpreg = (uint32_t)huart->Init.WordLength | huart->Init.Parity | huart->Init.Mode | huart->Init.OverSampling ;
 80012d4:	6905      	ldr	r5, [r0, #16]
  MODIFY_REG(huart->Instance->CR1, UART_CR1_FIELDS, tmpreg);
 80012d6:	6814      	ldr	r4, [r2, #0]
  tmpreg = (uint32_t)huart->Init.WordLength | huart->Init.Parity | huart->Init.Mode | huart->Init.OverSampling ;
 80012d8:	432b      	orrs	r3, r5
 80012da:	6945      	ldr	r5, [r0, #20]
  MODIFY_REG(huart->Instance->CR1, UART_CR1_FIELDS, tmpreg);
 80012dc:	f424 4416 	bic.w	r4, r4, #38400	@ 0x9600
  tmpreg = (uint32_t)huart->Init.WordLength | huart->Init.Parity | huart->Init.Mode | huart->Init.OverSampling ;
 80012e0:	432b      	orrs	r3, r5
  MODIFY_REG(huart->Instance->CR1, UART_CR1_FIELDS, tmpreg);
 80012e2:	f024 040c 	bic.w	r4, r4, #12
  tmpreg = (uint32_t)huart->Init.WordLength | huart->Init.Parity | huart->Init.Mode | huart->Init.OverSampling ;
 80012e6:	430b      	orrs	r3, r1
  MODIFY_REG(huart->Instance->CR1, UART_CR1_FIELDS, tmpreg);
 80012e8:	4323      	orrs	r3, r4
 80012ea:	6013      	str	r3, [r2, #0]

  /*-------------------------- USART CR2 Configuration -----------------------*/
  /* Configure the UART Stop Bits: Set STOP[13:12] bits according
   * to huart->Init.StopBits value */
  MODIFY_REG(huart->Instance->CR2, USART_CR2_STOP, huart->Init.StopBits);
 80012ec:	6853      	ldr	r3, [r2, #4]
 80012ee:	68c4      	ldr	r4, [r0, #12]
  /* Configure
   * - UART HardWare Flow Control: set CTSE and RTSE bits according
   *   to huart->Init.HwFlowCtl value
   * - one-bit sampling method versus three samples' majority rule according
   *   to huart->Init.OneBitSampling */
  tmpreg = (uint32_t)huart->Init.HwFlowCtl | huart->Init.OneBitSampling ;
 80012f0:	6a05      	ldr	r5, [r0, #32]
  MODIFY_REG(huart->Instance->CR2, USART_CR2_STOP, huart->Init.StopBits);
 80012f2:	f423 5340 	bic.w	r3, r3, #12288	@ 0x3000
 80012f6:	4323      	orrs	r3, r4
 80012f8:	6053      	str	r3, [r2, #4]
  MODIFY_REG(huart->Instance->CR3, (USART_CR3_RTSE | USART_CR3_CTSE | USART_CR3_ONEBIT), tmpreg);
 80012fa:	6894      	ldr	r4, [r2, #8]
  tmpreg = (uint32_t)huart->Init.HwFlowCtl | huart->Init.OneBitSampling ;
 80012fc:	6983      	ldr	r3, [r0, #24]
  MODIFY_REG(huart->Instance->CR3, (USART_CR3_RTSE | USART_CR3_CTSE | USART_CR3_ONEBIT), tmpreg);
 80012fe:	f424 6430 	bic.w	r4, r4, #2816	@ 0xb00
  tmpreg = (uint32_t)huart->Init.HwFlowCtl | huart->Init.OneBitSampling ;
 8001302:	432b      	orrs	r3, r5
  MODIFY_REG(huart->Instance->CR3, (USART_CR3_RTSE | USART_CR3_CTSE | USART_CR3_ONEBIT), tmpreg);
 8001304:	4323      	orrs	r3, r4
 8001306:	6093      	str	r3, [r2, #8]

  /*-------------------------- USART BRR Configuration -----------------------*/
  UART_GETCLOCKSOURCE(huart, clocksource);
 8001308:	4b54      	ldr	r3, [pc, #336]	@ (800145c <UART_SetConfig+0x190>)
 800130a:	429a      	cmp	r2, r3
 800130c:	d112      	bne.n	8001334 <UART_SetConfig+0x68>
 800130e:	f503 4358 	add.w	r3, r3, #55296	@ 0xd800
 8001312:	6b1b      	ldr	r3, [r3, #48]	@ 0x30
 8001314:	f003 0303 	and.w	r3, r3, #3
 8001318:	2b02      	cmp	r3, #2
 800131a:	d06b      	beq.n	80013f4 <UART_SetConfig+0x128>
 800131c:	2b03      	cmp	r3, #3
 800131e:	d01e      	beq.n	800135e <UART_SetConfig+0x92>
    {
      case UART_CLOCKSOURCE_PCLK1:
        usartdiv = (uint16_t)(UART_DIV_SAMPLING8(HAL_RCC_GetPCLK1Freq(), huart->Init.BaudRate));
        break;
      case UART_CLOCKSOURCE_PCLK2:
        usartdiv = (uint16_t)(UART_DIV_SAMPLING8(HAL_RCC_GetPCLK2Freq(), huart->Init.BaudRate));
 8001320:	6840      	ldr	r0, [r0, #4]
  if (huart->Init.OverSampling == UART_OVERSAMPLING_8)
 8001322:	f5b1 4f00 	cmp.w	r1, #32768	@ 0x8000
        break;
      case UART_CLOCKSOURCE_HSI:
        usartdiv = (uint16_t)(UART_DIV_SAMPLING8(HSI_VALUE, huart->Init.BaudRate));
        break;
      case UART_CLOCKSOURCE_SYSCLK:
        usartdiv = (uint16_t)(UART_DIV_SAMPLING8(HAL_RCC_GetSysClockFreq(), huart->Init.BaudRate));
 8001326:	ea4f 0350 	mov.w	r3, r0, lsr #1
  if (huart->Init.OverSampling == UART_OVERSAMPLING_8)
 800132a:	f040 8089 	bne.w	8001440 <UART_SetConfig+0x174>
        usartdiv = (uint16_t)(UART_DIV_SAMPLING8(HAL_RCC_GetSysClockFreq(), huart->Init.BaudRate));
 800132e:	f503 0361 	add.w	r3, r3, #14745600	@ 0xe10000
 8001332:	e01e      	b.n	8001372 <UART_SetConfig+0xa6>
  UART_GETCLOCKSOURCE(huart, clocksource);
 8001334:	4b4a      	ldr	r3, [pc, #296]	@ (8001460 <UART_SetConfig+0x194>)
 8001336:	429a      	cmp	r2, r3
 8001338:	d11e      	bne.n	8001378 <UART_SetConfig+0xac>
 800133a:	f503 33e6 	add.w	r3, r3, #117760	@ 0x1cc00
 800133e:	6b1b      	ldr	r3, [r3, #48]	@ 0x30
 8001340:	f403 3340 	and.w	r3, r3, #196608	@ 0x30000
 8001344:	f5b3 3f00 	cmp.w	r3, #131072	@ 0x20000
 8001348:	d054      	beq.n	80013f4 <UART_SetConfig+0x128>
 800134a:	d805      	bhi.n	8001358 <UART_SetConfig+0x8c>
 800134c:	2b00      	cmp	r3, #0
 800134e:	d05a      	beq.n	8001406 <UART_SetConfig+0x13a>
 8001350:	f5b3 3f80 	cmp.w	r3, #65536	@ 0x10000
 8001354:	d0e4      	beq.n	8001320 <UART_SetConfig+0x54>
 8001356:	e038      	b.n	80013ca <UART_SetConfig+0xfe>
 8001358:	f5b3 3f40 	cmp.w	r3, #196608	@ 0x30000
 800135c:	d135      	bne.n	80013ca <UART_SetConfig+0xfe>
        usartdiv = (uint16_t)(UART_DIV_SAMPLING8(HAL_RCC_GetPCLK2Freq(), huart->Init.BaudRate));
 800135e:	6840      	ldr	r0, [r0, #4]
  if (huart->Init.OverSampling == UART_OVERSAMPLING_8)
 8001360:	f5b1 4f00 	cmp.w	r1, #32768	@ 0x8000
        usartdiv = (uint16_t)(UART_DIV_SAMPLING8(HSI_VALUE, huart->Init.BaudRate));
 8001364:	ea4f 0350 	mov.w	r3, r0, lsr #1
  if (huart->Init.OverSampling == UART_OVERSAMPLING_8)
 8001368:	d16f      	bne.n	800144a <UART_SetConfig+0x17e>
        usartdiv = (uint16_t)(UART_DIV_SAMPLING8(HSI_VALUE, huart->Init.BaudRate));
 800136a:	f103 73f4 	add.w	r3, r3, #31981568	@ 0x1e80000
 800136e:	f503 4390 	add.w	r3, r3, #18432	@ 0x4800
        break;
      case UART_CLOCKSOURCE_LSE:
        usartdiv = (uint16_t)(UART_DIV_SAMPLING8(LSE_VALUE, huart->Init.BaudRate));
 8001372:	fbb3 f3f0 	udiv	r3, r3, r0
 8001376:	e050      	b.n	800141a <UART_SetConfig+0x14e>
  UART_GETCLOCKSOURCE(huart, clocksource);
 8001378:	4b3a      	ldr	r3, [pc, #232]	@ (8001464 <UART_SetConfig+0x198>)
 800137a:	429a      	cmp	r2, r3
 800137c:	d10f      	bne.n	800139e <UART_SetConfig+0xd2>
 800137e:	f503 33e4 	add.w	r3, r3, #116736	@ 0x1c800
 8001382:	6b1b      	ldr	r3, [r3, #48]	@ 0x30
 8001384:	f403 2340 	and.w	r3, r3, #786432	@ 0xc0000
 8001388:	f5b3 2f00 	cmp.w	r3, #524288	@ 0x80000
 800138c:	d032      	beq.n	80013f4 <UART_SetConfig+0x128>
 800138e:	d803      	bhi.n	8001398 <UART_SetConfig+0xcc>
 8001390:	b3cb      	cbz	r3, 8001406 <UART_SetConfig+0x13a>
 8001392:	f5b3 2f80 	cmp.w	r3, #262144	@ 0x40000
 8001396:	e7dd      	b.n	8001354 <UART_SetConfig+0x88>
 8001398:	f5b3 2f40 	cmp.w	r3, #786432	@ 0xc0000
 800139c:	e7de      	b.n	800135c <UART_SetConfig+0x90>
 800139e:	4b32      	ldr	r3, [pc, #200]	@ (8001468 <UART_SetConfig+0x19c>)
 80013a0:	429a      	cmp	r2, r3
 80013a2:	d10f      	bne.n	80013c4 <UART_SetConfig+0xf8>
 80013a4:	f503 33e2 	add.w	r3, r3, #115712	@ 0x1c400
 80013a8:	6b1b      	ldr	r3, [r3, #48]	@ 0x30
 80013aa:	f403 1340 	and.w	r3, r3, #3145728	@ 0x300000
 80013ae:	f5b3 1f00 	cmp.w	r3, #2097152	@ 0x200000
 80013b2:	d01f      	beq.n	80013f4 <UART_SetConfig+0x128>
 80013b4:	d803      	bhi.n	80013be <UART_SetConfig+0xf2>
 80013b6:	b333      	cbz	r3, 8001406 <UART_SetConfig+0x13a>
 80013b8:	f5b3 1f80 	cmp.w	r3, #1048576	@ 0x100000
 80013bc:	e7ca      	b.n	8001354 <UART_SetConfig+0x88>
 80013be:	f5b3 1f40 	cmp.w	r3, #3145728	@ 0x300000
 80013c2:	e7cb      	b.n	800135c <UART_SetConfig+0x90>
 80013c4:	4b29      	ldr	r3, [pc, #164]	@ (800146c <UART_SetConfig+0x1a0>)
 80013c6:	429a      	cmp	r2, r3
 80013c8:	d005      	beq.n	80013d6 <UART_SetConfig+0x10a>
  if (huart->Init.OverSampling == UART_OVERSAMPLING_8)
 80013ca:	f5b1 4f00 	cmp.w	r1, #32768	@ 0x8000
        break;
      case UART_CLOCKSOURCE_UNDEFINED:
      default:
        ret = HAL_ERROR;
 80013ce:	f04f 0001 	mov.w	r0, #1
  if (huart->Init.OverSampling == UART_OVERSAMPLING_8)
 80013d2:	d02b      	beq.n	800142c <UART_SetConfig+0x160>
    }
  }

  return ret;

}
 80013d4:	bd30      	pop	{r4, r5, pc}
  UART_GETCLOCKSOURCE(huart, clocksource);
 80013d6:	4b26      	ldr	r3, [pc, #152]	@ (8001470 <UART_SetConfig+0x1a4>)
 80013d8:	6b1b      	ldr	r3, [r3, #48]	@ 0x30
 80013da:	f403 0340 	and.w	r3, r3, #12582912	@ 0xc00000
 80013de:	f5b3 0f00 	cmp.w	r3, #8388608	@ 0x800000
 80013e2:	d007      	beq.n	80013f4 <UART_SetConfig+0x128>
 80013e4:	d803      	bhi.n	80013ee <UART_SetConfig+0x122>
 80013e6:	b173      	cbz	r3, 8001406 <UART_SetConfig+0x13a>
 80013e8:	f5b3 0f80 	cmp.w	r3, #4194304	@ 0x400000
 80013ec:	e7b2      	b.n	8001354 <UART_SetConfig+0x88>
 80013ee:	f5b3 0f40 	cmp.w	r3, #12582912	@ 0xc00000
 80013f2:	e7b3      	b.n	800135c <UART_SetConfig+0x90>
        usartdiv = (uint16_t)(UART_DIV_SAMPLING8(HAL_RCC_GetPCLK2Freq(), huart->Init.BaudRate));
 80013f4:	6840      	ldr	r0, [r0, #4]
  if (huart->Init.OverSampling == UART_OVERSAMPLING_8)
 80013f6:	f5b1 4f00 	cmp.w	r1, #32768	@ 0x8000
        usartdiv = (uint16_t)(UART_DIV_SAMPLING8(LSE_VALUE, huart->Init.BaudRate));
 80013fa:	ea4f 0350 	mov.w	r3, r0, lsr #1
  if (huart->Init.OverSampling == UART_OVERSAMPLING_8)
 80013fe:	d129      	bne.n	8001454 <UART_SetConfig+0x188>
        usartdiv = (uint16_t)(UART_DIV_SAMPLING8(LSE_VALUE, huart->Init.BaudRate));
 8001400:	f503 3380 	add.w	r3, r3, #65536	@ 0x10000
 8001404:	e7b5      	b.n	8001372 <UART_SetConfig+0xa6>
  if (huart->Init.OverSampling == UART_OVERSAMPLING_8)
 8001406:	f5b1 4f00 	cmp.w	r1, #32768	@ 0x8000
        usartdiv = (uint16_t)(UART_DIV_SAMPLING8(HAL_RCC_GetPCLK1Freq(), huart->Init.BaudRate));
 800140a:	6841      	ldr	r1, [r0, #4]
 800140c:	ea4f 0351 	mov.w	r3, r1, lsr #1
  if (huart->Init.OverSampling == UART_OVERSAMPLING_8)
 8001410:	d10e      	bne.n	8001430 <UART_SetConfig+0x164>
        usartdiv = (uint16_t)(UART_DIV_SAMPLING8(HAL_RCC_GetPCLK1Freq(), huart->Init.BaudRate));
 8001412:	f503 0361 	add.w	r3, r3, #14745600	@ 0xe10000
 8001416:	fbb3 f3f1 	udiv	r3, r3, r1
        usartdiv = (uint16_t)(UART_DIV_SAMPLING8(LSE_VALUE, huart->Init.BaudRate));
 800141a:	b29b      	uxth	r3, r3
  HAL_StatusTypeDef ret               = HAL_OK;
 800141c:	2000      	movs	r0, #0
    brrtemp = usartdiv & 0xFFF0U;
 800141e:	f023 010f 	bic.w	r1, r3, #15
    brrtemp |= (uint16_t)((usartdiv & (uint16_t)0x000FU) >> 1U);
 8001422:	f3c3 0342 	ubfx	r3, r3, #1, #3
    huart->Instance->BRR = brrtemp;
 8001426:	430b      	orrs	r3, r1
 8001428:	60d3      	str	r3, [r2, #12]
 800142a:	e7d3      	b.n	80013d4 <UART_SetConfig+0x108>
  uint16_t usartdiv                   = 0x0000U;
 800142c:	2300      	movs	r3, #0
 800142e:	e7f6      	b.n	800141e <UART_SetConfig+0x152>
        huart->Instance->BRR = (uint16_t)(UART_DIV_SAMPLING16(HAL_RCC_GetPCLK1Freq(), huart->Init.BaudRate));
 8001430:	f503 03e1 	add.w	r3, r3, #7372800	@ 0x708000
 8001434:	fbb3 f3f1 	udiv	r3, r3, r1
 8001438:	b29b      	uxth	r3, r3
        huart->Instance->BRR = (uint16_t)(UART_DIV_SAMPLING16(HAL_RCC_GetPCLK2Freq(), huart->Init.BaudRate));
 800143a:	60d3      	str	r3, [r2, #12]
  HAL_StatusTypeDef ret               = HAL_OK;
 800143c:	2000      	movs	r0, #0
 800143e:	e7c9      	b.n	80013d4 <UART_SetConfig+0x108>
        huart->Instance->BRR = (uint16_t)(UART_DIV_SAMPLING16(HAL_RCC_GetPCLK2Freq(), huart->Init.BaudRate));
 8001440:	f503 03e1 	add.w	r3, r3, #7372800	@ 0x708000
 8001444:	fbb3 f3f0 	udiv	r3, r3, r0
 8001448:	e7f6      	b.n	8001438 <UART_SetConfig+0x16c>
        huart->Instance->BRR = (uint16_t)(UART_DIV_SAMPLING16(HSI_VALUE, huart->Init.BaudRate));
 800144a:	f503 0374 	add.w	r3, r3, #15990784	@ 0xf40000
 800144e:	f503 5310 	add.w	r3, r3, #9216	@ 0x2400
 8001452:	e7f7      	b.n	8001444 <UART_SetConfig+0x178>
        huart->Instance->BRR = (uint16_t)(UART_DIV_SAMPLING16(LSE_VALUE, huart->Init.BaudRate));
 8001454:	f503 4300 	add.w	r3, r3, #32768	@ 0x8000
 8001458:	e7f4      	b.n	8001444 <UART_SetConfig+0x178>
 800145a:	bf00      	nop
 800145c:	40013800 	.word	0x40013800
 8001460:	40004400 	.word	0x40004400
 8001464:	40004800 	.word	0x40004800
 8001468:	40004c00 	.word	0x40004c00
 800146c:	40005000 	.word	0x40005000
 8001470:	40021000 	.word	0x40021000

08001474 <UART_WaitOnFlagUntilTimeout>:
  * @param  Tickstart Tick start value
  * @param  Timeout Timeout duration
  * @retval HAL status
  */
HAL_StatusTypeDef UART_WaitOnFlagUntilTimeout(UART_HandleTypeDef *huart, uint32_t Flag, FlagStatus Status, uint32_t Tickstart, uint32_t Timeout)
{
 8001474:	e92d 41f0 	stmdb	sp!, {r4, r5, r6, r7, r8, lr}
 8001478:	f8dd 8018 	ldr.w	r8, [sp, #24]
 800147c:	4604      	mov	r4, r0
 800147e:	4616      	mov	r6, r2
 8001480:	461f      	mov	r7, r3
  /* Wait until flag is set */
  while((__HAL_UART_GET_FLAG(huart, Flag) ? SET : RESET) == Status)
 8001482:	6825      	ldr	r5, [r4, #0]
 8001484:	69eb      	ldr	r3, [r5, #28]
 8001486:	ea31 0303 	bics.w	r3, r1, r3
 800148a:	bf0c      	ite	eq
 800148c:	2301      	moveq	r3, #1
 800148e:	2300      	movne	r3, #0
 8001490:	42b3      	cmp	r3, r6
 8001492:	d001      	beq.n	8001498 <UART_WaitOnFlagUntilTimeout+0x24>
        __HAL_UNLOCK(huart);
        return HAL_TIMEOUT;
      }
    }
  }
  return HAL_OK;
 8001494:	2000      	movs	r0, #0
 8001496:	e016      	b.n	80014c6 <UART_WaitOnFlagUntilTimeout+0x52>
    if(Timeout != HAL_MAX_DELAY)
 8001498:	f1b8 3fff 	cmp.w	r8, #4294967295	@ 0xffffffff
 800149c:	d0f2      	beq.n	8001484 <UART_WaitOnFlagUntilTimeout+0x10>
      if((Timeout == 0U) || ((HAL_GetTick()-Tickstart) > Timeout))
 800149e:	f1b8 0f00 	cmp.w	r8, #0
 80014a2:	d112      	bne.n	80014ca <UART_WaitOnFlagUntilTimeout+0x56>
        CLEAR_BIT(huart->Instance->CR1, (USART_CR1_RXNEIE | USART_CR1_PEIE | USART_CR1_TXEIE));
 80014a4:	682b      	ldr	r3, [r5, #0]
 80014a6:	f423 73d0 	bic.w	r3, r3, #416	@ 0x1a0
 80014aa:	602b      	str	r3, [r5, #0]
        CLEAR_BIT(huart->Instance->CR3, USART_CR3_EIE);
 80014ac:	68ab      	ldr	r3, [r5, #8]
 80014ae:	f023 0301 	bic.w	r3, r3, #1
 80014b2:	60ab      	str	r3, [r5, #8]
        huart->gState  = HAL_UART_STATE_READY;
 80014b4:	2320      	movs	r3, #32
 80014b6:	f884 3069 	strb.w	r3, [r4, #105]	@ 0x69
        huart->RxState = HAL_UART_STATE_READY;
 80014ba:	f884 306a 	strb.w	r3, [r4, #106]	@ 0x6a
        __HAL_UNLOCK(huart);
 80014be:	2300      	movs	r3, #0
 80014c0:	f884 3068 	strb.w	r3, [r4, #104]	@ 0x68
        return HAL_TIMEOUT;
 80014c4:	2003      	movs	r0, #3
}
 80014c6:	e8bd 81f0 	ldmia.w	sp!, {r4, r5, r6, r7, r8, pc}
      if((Timeout == 0U) || ((HAL_GetTick()-Tickstart) > Timeout))
 80014ca:	f7ff fb3f 	bl	8000b4c <HAL_GetTick>
 80014ce:	1bc0      	subs	r0, r0, r7
 80014d0:	4540      	cmp	r0, r8
 80014d2:	d9d6      	bls.n	8001482 <UART_WaitOnFlagUntilTimeout+0xe>
 80014d4:	e7e6      	b.n	80014a4 <UART_WaitOnFlagUntilTimeout+0x30>

080014d6 <UART_CheckIdleState>:
{
 80014d6:	b573      	push	{r0, r1, r4, r5, r6, lr}
 80014d8:	4604      	mov	r4, r0
  huart->ErrorCode = HAL_UART_ERROR_NONE;
 80014da:	2100      	movs	r1, #0
 80014dc:	66c1      	str	r1, [r0, #108]	@ 0x6c
  tickstart = HAL_GetTick();
 80014de:	f7ff fb35 	bl	8000b4c <HAL_GetTick>
  if((huart->Instance->CR1 & USART_CR1_TE) == USART_CR1_TE)
 80014e2:	6826      	ldr	r6, [r4, #0]
 80014e4:	6833      	ldr	r3, [r6, #0]
 80014e6:	071a      	lsls	r2, r3, #28
  tickstart = HAL_GetTick();
 80014e8:	4605      	mov	r5, r0
  if((huart->Instance->CR1 & USART_CR1_TE) == USART_CR1_TE)
 80014ea:	d416      	bmi.n	800151a <UART_CheckIdleState+0x44>
  if((huart->Instance->CR1 & USART_CR1_RE) == USART_CR1_RE)
 80014ec:	6833      	ldr	r3, [r6, #0]
 80014ee:	075b      	lsls	r3, r3, #29
 80014f0:	d50a      	bpl.n	8001508 <UART_CheckIdleState+0x32>
    if(UART_WaitOnFlagUntilTimeout(huart, USART_ISR_REACK, RESET, tickstart, HAL_UART_TIMEOUT_VALUE) != HAL_OK)
 80014f2:	f06f 437e 	mvn.w	r3, #4261412864	@ 0xfe000000
 80014f6:	9300      	str	r3, [sp, #0]
 80014f8:	2200      	movs	r2, #0
 80014fa:	462b      	mov	r3, r5
 80014fc:	f44f 0180 	mov.w	r1, #4194304	@ 0x400000
 8001500:	4620      	mov	r0, r4
 8001502:	f7ff ffb7 	bl	8001474 <UART_WaitOnFlagUntilTimeout>
 8001506:	b9a0      	cbnz	r0, 8001532 <UART_CheckIdleState+0x5c>
  huart->gState  = HAL_UART_STATE_READY;
 8001508:	2320      	movs	r3, #32
  __HAL_UNLOCK(huart);
 800150a:	2000      	movs	r0, #0
  huart->gState  = HAL_UART_STATE_READY;
 800150c:	f884 3069 	strb.w	r3, [r4, #105]	@ 0x69
  __HAL_UNLOCK(huart);
 8001510:	f884 0068 	strb.w	r0, [r4, #104]	@ 0x68
  huart->RxState = HAL_UART_STATE_READY;
 8001514:	f884 306a 	strb.w	r3, [r4, #106]	@ 0x6a
  return HAL_OK;
 8001518:	e00c      	b.n	8001534 <UART_CheckIdleState+0x5e>
    if(UART_WaitOnFlagUntilTimeout(huart, USART_ISR_TEACK, RESET, tickstart, HAL_UART_TIMEOUT_VALUE) != HAL_OK)
 800151a:	f06f 437e 	mvn.w	r3, #4261412864	@ 0xfe000000
 800151e:	9300      	str	r3, [sp, #0]
 8001520:	460a      	mov	r2, r1
 8001522:	4603      	mov	r3, r0
 8001524:	f44f 1100 	mov.w	r1, #2097152	@ 0x200000
 8001528:	4620      	mov	r0, r4
 800152a:	f7ff ffa3 	bl	8001474 <UART_WaitOnFlagUntilTimeout>
 800152e:	2800      	cmp	r0, #0
 8001530:	d0dc      	beq.n	80014ec <UART_CheckIdleState+0x16>
      return HAL_TIMEOUT;
 8001532:	2003      	movs	r0, #3
}
 8001534:	b002      	add	sp, #8
 8001536:	bd70      	pop	{r4, r5, r6, pc}

08001538 <HAL_UART_Init>:
{
 8001538:	b538      	push	{r3, r4, r5, lr}
  if(huart == NULL)
 800153a:	4604      	mov	r4, r0
 800153c:	b320      	cbz	r0, 8001588 <HAL_UART_Init+0x50>
  if(huart->gState == HAL_UART_STATE_RESET)
 800153e:	f890 3069 	ldrb.w	r3, [r0, #105]	@ 0x69
 8001542:	f003 02ff 	and.w	r2, r3, #255	@ 0xff
 8001546:	b90b      	cbnz	r3, 800154c <HAL_UART_Init+0x14>
    huart->Lock = HAL_UNLOCKED;
 8001548:	f880 2068 	strb.w	r2, [r0, #104]	@ 0x68
  __HAL_UART_DISABLE(huart);
 800154c:	6825      	ldr	r5, [r4, #0]
  huart->gState = HAL_UART_STATE_BUSY;
 800154e:	2324      	movs	r3, #36	@ 0x24
 8001550:	f884 3069 	strb.w	r3, [r4, #105]	@ 0x69
  __HAL_UART_DISABLE(huart);
 8001554:	682b      	ldr	r3, [r5, #0]
 8001556:	f023 0301 	bic.w	r3, r3, #1
 800155a:	602b      	str	r3, [r5, #0]
  if (UART_SetConfig(huart) == HAL_ERROR)
 800155c:	4620      	mov	r0, r4
 800155e:	f7ff feb5 	bl	80012cc <UART_SetConfig>
 8001562:	2801      	cmp	r0, #1
 8001564:	d010      	beq.n	8001588 <HAL_UART_Init+0x50>
  CLEAR_BIT(huart->Instance->CR2, (USART_CR2_LINEN | USART_CR2_CLKEN));
 8001566:	686b      	ldr	r3, [r5, #4]
 8001568:	f423 4390 	bic.w	r3, r3, #18432	@ 0x4800
 800156c:	606b      	str	r3, [r5, #4]
  CLEAR_BIT(huart->Instance->CR3, (USART_CR3_SCEN | USART_CR3_HDSEL | USART_CR3_IREN));
 800156e:	68ab      	ldr	r3, [r5, #8]
 8001570:	f023 032a 	bic.w	r3, r3, #42	@ 0x2a
 8001574:	60ab      	str	r3, [r5, #8]
  __HAL_UART_ENABLE(huart);
 8001576:	682b      	ldr	r3, [r5, #0]
 8001578:	f043 0301 	orr.w	r3, r3, #1
 800157c:	602b      	str	r3, [r5, #0]
  return UART_CheckIdleState(huart);
 800157e:	4620      	mov	r0, r4
}
 8001580:	e8bd 4038 	ldmia.w	sp!, {r3, r4, r5, lr}
  return UART_CheckIdleState(huart);
 8001584:	f7ff bfa7 	b.w	80014d6 <UART_CheckIdleState>
}
 8001588:	2001      	movs	r0, #1
 800158a:	bd38      	pop	{r3, r4, r5, pc}

0800158c <HAL_UART_Transmit>:
  * @param Size: Amount of data to be sent.
  * @param Timeout: Timeout duration.
  * @retval HAL status
  */
HAL_StatusTypeDef HAL_UART_Transmit(UART_HandleTypeDef *huart, uint8_t *pData, uint16_t Size, uint32_t Timeout)
{
 800158c:	b5f7      	push	{r0, r1, r2, r4, r5, r6, r7, lr}
 800158e:	461e      	mov	r6, r3
  uint16_t* tmp;
  uint32_t tickstart = 0U;

  /* Check that a Tx process is not already ongoing */
  if(huart->gState == HAL_UART_STATE_READY)
 8001590:	f890 3069 	ldrb.w	r3, [r0, #105]	@ 0x69
 8001594:	2b20      	cmp	r3, #32
{
 8001596:	460d      	mov	r5, r1
 8001598:	4604      	mov	r4, r0
 800159a:	4611      	mov	r1, r2
  if(huart->gState == HAL_UART_STATE_READY)
 800159c:	d14a      	bne.n	8001634 <HAL_UART_Transmit+0xa8>
  {
    if((pData == NULL ) || (Size == 0U))
 800159e:	2d00      	cmp	r5, #0
 80015a0:	d046      	beq.n	8001630 <HAL_UART_Transmit+0xa4>
 80015a2:	2a00      	cmp	r2, #0
 80015a4:	d044      	beq.n	8001630 <HAL_UART_Transmit+0xa4>
    {
      return  HAL_ERROR;
    }

    /* Process Locked */
    __HAL_LOCK(huart);
 80015a6:	f890 3068 	ldrb.w	r3, [r0, #104]	@ 0x68
 80015aa:	2b01      	cmp	r3, #1
 80015ac:	d042      	beq.n	8001634 <HAL_UART_Transmit+0xa8>
 80015ae:	2301      	movs	r3, #1
 80015b0:	f880 3068 	strb.w	r3, [r0, #104]	@ 0x68

    huart->ErrorCode = HAL_UART_ERROR_NONE;
 80015b4:	2300      	movs	r3, #0
 80015b6:	66c3      	str	r3, [r0, #108]	@ 0x6c
    huart->gState = HAL_UART_STATE_BUSY_TX;
 80015b8:	2321      	movs	r3, #33	@ 0x21
 80015ba:	f880 3069 	strb.w	r3, [r0, #105]	@ 0x69

    /* Init tickstart for timeout managment*/
    tickstart = HAL_GetTick();
 80015be:	f7ff fac5 	bl	8000b4c <HAL_GetTick>

    huart->TxXferSize = Size;
 80015c2:	f8a4 1050 	strh.w	r1, [r4, #80]	@ 0x50
    tickstart = HAL_GetTick();
 80015c6:	4607      	mov	r7, r0
    huart->TxXferCount = Size;
 80015c8:	f8a4 1052 	strh.w	r1, [r4, #82]	@ 0x52
    while(huart->TxXferCount > 0U)
 80015cc:	f8b4 2052 	ldrh.w	r2, [r4, #82]	@ 0x52
 80015d0:	b292      	uxth	r2, r2
 80015d2:	b962      	cbnz	r2, 80015ee <HAL_UART_Transmit+0x62>
      else
      {
        huart->Instance->TDR = (*pData++ & (uint8_t)0xFFU);
      }
    }
    if(UART_WaitOnFlagUntilTimeout(huart, UART_FLAG_TC, RESET, tickstart, Timeout) != HAL_OK)
 80015d4:	9600      	str	r6, [sp, #0]
 80015d6:	463b      	mov	r3, r7
 80015d8:	2140      	movs	r1, #64	@ 0x40
 80015da:	4620      	mov	r0, r4
 80015dc:	f7ff ff4a 	bl	8001474 <UART_WaitOnFlagUntilTimeout>
 80015e0:	b998      	cbnz	r0, 800160a <HAL_UART_Transmit+0x7e>
    {
      return HAL_TIMEOUT;
    }

    /* At end of Tx process, restore huart->gState to Ready */
    huart->gState = HAL_UART_STATE_READY;
 80015e2:	2320      	movs	r3, #32
 80015e4:	f884 3069 	strb.w	r3, [r4, #105]	@ 0x69

    /* Process Unlocked */
    __HAL_UNLOCK(huart);
 80015e8:	f884 0068 	strb.w	r0, [r4, #104]	@ 0x68

    return HAL_OK;
 80015ec:	e00e      	b.n	800160c <HAL_UART_Transmit+0x80>
      huart->TxXferCount--;
 80015ee:	f8b4 2052 	ldrh.w	r2, [r4, #82]	@ 0x52
 80015f2:	3a01      	subs	r2, #1
 80015f4:	b292      	uxth	r2, r2
 80015f6:	f8a4 2052 	strh.w	r2, [r4, #82]	@ 0x52
      if(UART_WaitOnFlagUntilTimeout(huart, UART_FLAG_TXE, RESET, tickstart, Timeout) != HAL_OK)
 80015fa:	463b      	mov	r3, r7
 80015fc:	9600      	str	r6, [sp, #0]
 80015fe:	2200      	movs	r2, #0
 8001600:	2180      	movs	r1, #128	@ 0x80
 8001602:	4620      	mov	r0, r4
 8001604:	f7ff ff36 	bl	8001474 <UART_WaitOnFlagUntilTimeout>
 8001608:	b110      	cbz	r0, 8001610 <HAL_UART_Transmit+0x84>
        return HAL_TIMEOUT;
 800160a:	2003      	movs	r0, #3
  }
  else
  {
    return HAL_BUSY;
  }
}
 800160c:	b003      	add	sp, #12
 800160e:	bdf0      	pop	{r4, r5, r6, r7, pc}
      if ((huart->Init.WordLength == UART_WORDLENGTH_9B) && (huart->Init.Parity == UART_PARITY_NONE))
 8001610:	68a3      	ldr	r3, [r4, #8]
        huart->Instance->TDR = (*tmp & (uint16_t)0x01FFU);
 8001612:	6822      	ldr	r2, [r4, #0]
      if ((huart->Init.WordLength == UART_WORDLENGTH_9B) && (huart->Init.Parity == UART_PARITY_NONE))
 8001614:	f5b3 5f80 	cmp.w	r3, #4096	@ 0x1000
 8001618:	d107      	bne.n	800162a <HAL_UART_Transmit+0x9e>
 800161a:	6923      	ldr	r3, [r4, #16]
 800161c:	b92b      	cbnz	r3, 800162a <HAL_UART_Transmit+0x9e>
        huart->Instance->TDR = (*tmp & (uint16_t)0x01FFU);
 800161e:	f835 3b02 	ldrh.w	r3, [r5], #2
 8001622:	f3c3 0308 	ubfx	r3, r3, #0, #9
        huart->Instance->TDR = (*pData++ & (uint8_t)0xFFU);
 8001626:	8513      	strh	r3, [r2, #40]	@ 0x28
 8001628:	e7d0      	b.n	80015cc <HAL_UART_Transmit+0x40>
 800162a:	f815 3b01 	ldrb.w	r3, [r5], #1
 800162e:	e7fa      	b.n	8001626 <HAL_UART_Transmit+0x9a>
      return  HAL_ERROR;
 8001630:	2001      	movs	r0, #1
 8001632:	e7eb      	b.n	800160c <HAL_UART_Transmit+0x80>
    __HAL_LOCK(huart);
 8001634:	2002      	movs	r0, #2
 8001636:	e7e9      	b.n	800160c <HAL_UART_Transmit+0x80>

08001638 <HAL_UART_Receive>:
  * @param Size: amount of data to be received.
  * @param Timeout: Timeout duration.
  * @retval HAL status
  */
HAL_StatusTypeDef HAL_UART_Receive(UART_HandleTypeDef *huart, uint8_t *pData, uint16_t Size, uint32_t Timeout)
{
 8001638:	e92d 41f3 	stmdb	sp!, {r0, r1, r4, r5, r6, r7, r8, lr}
 800163c:	461e      	mov	r6, r3
  uint16_t* tmp;
  uint16_t uhMask;
  uint32_t tickstart = 0U;

  /* Check that a Rx process is not already ongoing */
  if(huart->RxState == HAL_UART_STATE_READY)
 800163e:	f890 306a 	ldrb.w	r3, [r0, #106]	@ 0x6a
 8001642:	2b20      	cmp	r3, #32
{
 8001644:	460d      	mov	r5, r1
 8001646:	4604      	mov	r4, r0
 8001648:	4611      	mov	r1, r2
  if(huart->RxState == HAL_UART_STATE_READY)
 800164a:	d15c      	bne.n	8001706 <HAL_UART_Receive+0xce>
  {
    if((pData == NULL ) || (Size == 0U))
 800164c:	2d00      	cmp	r5, #0
 800164e:	d058      	beq.n	8001702 <HAL_UART_Receive+0xca>
 8001650:	2a00      	cmp	r2, #0
 8001652:	d056      	beq.n	8001702 <HAL_UART_Receive+0xca>
    {
      return  HAL_ERROR;
    }

    /* Process Locked */
    __HAL_LOCK(huart);
 8001654:	f890 3068 	ldrb.w	r3, [r0, #104]	@ 0x68
 8001658:	2b01      	cmp	r3, #1
 800165a:	d054      	beq.n	8001706 <HAL_UART_Receive+0xce>
 800165c:	2301      	movs	r3, #1
 800165e:	f880 3068 	strb.w	r3, [r0, #104]	@ 0x68

    huart->Instance->ICR = 0xFFFFFFFF;
 8001662:	6803      	ldr	r3, [r0, #0]
 8001664:	f04f 32ff 	mov.w	r2, #4294967295	@ 0xffffffff
 8001668:	621a      	str	r2, [r3, #32]
    huart->ErrorCode = HAL_UART_ERROR_NONE;
 800166a:	2300      	movs	r3, #0
 800166c:	66c3      	str	r3, [r0, #108]	@ 0x6c
    huart->RxState = HAL_UART_STATE_BUSY_RX;
 800166e:	2322      	movs	r3, #34	@ 0x22
 8001670:	f880 306a 	strb.w	r3, [r0, #106]	@ 0x6a

    /* Init tickstart for timeout managment*/
    tickstart = HAL_GetTick();
 8001674:	f7ff fa6a 	bl	8000b4c <HAL_GetTick>

    huart->RxXferSize = Size;
    huart->RxXferCount = Size;

    /* Computation of UART mask to apply to RDR register */
    UART_MASK_COMPUTATION(huart);
 8001678:	68a3      	ldr	r3, [r4, #8]
    huart->RxXferSize = Size;
 800167a:	f8a4 1058 	strh.w	r1, [r4, #88]	@ 0x58
    UART_MASK_COMPUTATION(huart);
 800167e:	f5b3 5f80 	cmp.w	r3, #4096	@ 0x1000
    tickstart = HAL_GetTick();
 8001682:	4680      	mov	r8, r0
    huart->RxXferCount = Size;
 8001684:	f8a4 105a 	strh.w	r1, [r4, #90]	@ 0x5a
    UART_MASK_COMPUTATION(huart);
 8001688:	d115      	bne.n	80016b6 <HAL_UART_Receive+0x7e>
 800168a:	6923      	ldr	r3, [r4, #16]
 800168c:	b98b      	cbnz	r3, 80016b2 <HAL_UART_Receive+0x7a>
 800168e:	f240 13ff 	movw	r3, #511	@ 0x1ff
 8001692:	f8a4 305c 	strh.w	r3, [r4, #92]	@ 0x5c
    uhMask = huart->Mask;
 8001696:	f8b4 705c 	ldrh.w	r7, [r4, #92]	@ 0x5c

    /* as long as data have to be received */
    while(huart->RxXferCount > 0U)
 800169a:	f8b4 005a 	ldrh.w	r0, [r4, #90]	@ 0x5a
 800169e:	b280      	uxth	r0, r0
 80016a0:	b980      	cbnz	r0, 80016c4 <HAL_UART_Receive+0x8c>
        *pData++ = (uint8_t)(huart->Instance->RDR & (uint8_t)uhMask);
      }
    }

    /* At end of Rx process, restore huart->RxState to Ready */
    huart->RxState = HAL_UART_STATE_READY;
 80016a2:	2320      	movs	r3, #32
 80016a4:	f884 306a 	strb.w	r3, [r4, #106]	@ 0x6a

    /* Process Unlocked */
    __HAL_UNLOCK(huart);
 80016a8:	f884 0068 	strb.w	r0, [r4, #104]	@ 0x68
  }
  else
  {
    return HAL_BUSY;
  }
}
 80016ac:	b002      	add	sp, #8
 80016ae:	e8bd 81f0 	ldmia.w	sp!, {r4, r5, r6, r7, r8, pc}
    UART_MASK_COMPUTATION(huart);
 80016b2:	23ff      	movs	r3, #255	@ 0xff
 80016b4:	e7ed      	b.n	8001692 <HAL_UART_Receive+0x5a>
 80016b6:	2b00      	cmp	r3, #0
 80016b8:	d1ed      	bne.n	8001696 <HAL_UART_Receive+0x5e>
 80016ba:	6923      	ldr	r3, [r4, #16]
 80016bc:	2b00      	cmp	r3, #0
 80016be:	d0f8      	beq.n	80016b2 <HAL_UART_Receive+0x7a>
 80016c0:	237f      	movs	r3, #127	@ 0x7f
 80016c2:	e7e6      	b.n	8001692 <HAL_UART_Receive+0x5a>
      huart->RxXferCount--;
 80016c4:	f8b4 205a 	ldrh.w	r2, [r4, #90]	@ 0x5a
 80016c8:	3a01      	subs	r2, #1
 80016ca:	b292      	uxth	r2, r2
 80016cc:	f8a4 205a 	strh.w	r2, [r4, #90]	@ 0x5a
      if(UART_WaitOnFlagUntilTimeout(huart, UART_FLAG_RXNE, RESET, tickstart, Timeout) != HAL_OK)
 80016d0:	4643      	mov	r3, r8
 80016d2:	9600      	str	r6, [sp, #0]
 80016d4:	2200      	movs	r2, #0
 80016d6:	2120      	movs	r1, #32
 80016d8:	4620      	mov	r0, r4
 80016da:	f7ff fecb 	bl	8001474 <UART_WaitOnFlagUntilTimeout>
 80016de:	b9a0      	cbnz	r0, 800170a <HAL_UART_Receive+0xd2>
      if ((huart->Init.WordLength == UART_WORDLENGTH_9B) && (huart->Init.Parity == UART_PARITY_NONE))
 80016e0:	68a2      	ldr	r2, [r4, #8]
        *tmp = (uint16_t)(huart->Instance->RDR & uhMask);
 80016e2:	6823      	ldr	r3, [r4, #0]
      if ((huart->Init.WordLength == UART_WORDLENGTH_9B) && (huart->Init.Parity == UART_PARITY_NONE))
 80016e4:	f5b2 5f80 	cmp.w	r2, #4096	@ 0x1000
 80016e8:	d106      	bne.n	80016f8 <HAL_UART_Receive+0xc0>
 80016ea:	6922      	ldr	r2, [r4, #16]
 80016ec:	b922      	cbnz	r2, 80016f8 <HAL_UART_Receive+0xc0>
        *tmp = (uint16_t)(huart->Instance->RDR & uhMask);
 80016ee:	8c9b      	ldrh	r3, [r3, #36]	@ 0x24
 80016f0:	403b      	ands	r3, r7
 80016f2:	f825 3b02 	strh.w	r3, [r5], #2
        pData +=2U;
 80016f6:	e7d0      	b.n	800169a <HAL_UART_Receive+0x62>
        *pData++ = (uint8_t)(huart->Instance->RDR & (uint8_t)uhMask);
 80016f8:	8c9b      	ldrh	r3, [r3, #36]	@ 0x24
 80016fa:	403b      	ands	r3, r7
 80016fc:	f805 3b01 	strb.w	r3, [r5], #1
 8001700:	e7cb      	b.n	800169a <HAL_UART_Receive+0x62>
      return  HAL_ERROR;
 8001702:	2001      	movs	r0, #1
 8001704:	e7d2      	b.n	80016ac <HAL_UART_Receive+0x74>
    __HAL_LOCK(huart);
 8001706:	2002      	movs	r0, #2
 8001708:	e7d0      	b.n	80016ac <HAL_UART_Receive+0x74>
        return HAL_TIMEOUT;
 800170a:	2003      	movs	r0, #3
 800170c:	e7ce      	b.n	80016ac <HAL_UART_Receive+0x74>
 800170e:	0000      	movs	r0, r0

08001710 <Reset_Handler>:
 8001710:	2100      	movs	r1, #0
 8001712:	e003      	b.n	800171c <LoopCopyDataInit>

08001714 <CopyDataInit>:
 8001714:	4b0b      	ldr	r3, [pc, #44]	@ (8001744 <LoopForever+0x2>)
 8001716:	585b      	ldr	r3, [r3, r1]
 8001718:	5043      	str	r3, [r0, r1]
 800171a:	3104      	adds	r1, #4

0800171c <LoopCopyDataInit>:
 800171c:	480a      	ldr	r0, [pc, #40]	@ (8001748 <LoopForever+0x6>)
 800171e:	4b0b      	ldr	r3, [pc, #44]	@ (800174c <LoopForever+0xa>)
 8001720:	1842      	adds	r2, r0, r1
 8001722:	429a      	cmp	r2, r3
 8001724:	d3f6      	bcc.n	8001714 <CopyDataInit>
 8001726:	4a0a      	ldr	r2, [pc, #40]	@ (8001750 <LoopForever+0xe>)
 8001728:	e002      	b.n	8001730 <LoopFillZerobss>

0800172a <FillZerobss>:
 800172a:	2300      	movs	r3, #0
 800172c:	6013      	str	r3, [r2, #0]
 800172e:	3204      	adds	r2, #4

08001730 <LoopFillZerobss>:
 8001730:	4b08      	ldr	r3, [pc, #32]	@ (8001754 <LoopForever+0x12>)
 8001732:	429a      	cmp	r2, r3
 8001734:	d3f9      	bcc.n	800172a <FillZerobss>
 8001736:	f3af 8000 	nop.w
 800173a:	f7fe fd69 	bl	8000210 <__libc_init_array>
 800173e:	f7fe ff01 	bl	8000544 <main>

08001742 <LoopForever>:
 8001742:	e7fe      	b.n	8001742 <LoopForever>
 8001744:	08001988 	.word	0x08001988
 8001748:	20000000 	.word	0x20000000
 800174c:	20000000 	.word	0x20000000
 8001750:	20000000 	.word	0x20000000
 8001754:	200004f8 	.word	0x200004f8

08001758 <BusFault_Handler>:
 8001758:	e7fe      	b.n	8001758 <BusFault_Handler>
 800175a:	0000      	movs	r0, r0

0800175c <_init>:
 800175c:	b5f8      	push	{r3, r4, r5, r6, r7, lr}
 800175e:	bf00      	nop
 8001760:	bcf8      	pop	{r3, r4, r5, r6, r7}
 8001762:	bc08      	pop	{r3}
 8001764:	469e      	mov	lr, r3
 8001766:	4770      	bx	lr

08001768 <_fini>:
 8001768:	b5f8      	push	{r3, r4, r5, r6, r7, lr}
 800176a:	bf00      	nop
 800176c:	bcf8      	pop	{r3, r4, r5, r6, r7}
 800176e:	bc08      	pop	{r3}
 8001770:	469e      	mov	lr, r3
 8001772:	4770      	bx	lr
